solid OpenSCAD_Model
  facet normal -0 0 1
    outer loop
      vertex -54.5 38.75 -1.2
      vertex -52 15.25 -1.2
      vertex -52 38.75 -1.2
    endloop
  endfacet
  facet normal 0 0 1
    outer loop
      vertex -52 15.25 -1.2
      vertex -54.5 38.75 -1.2
      vertex -54.5 15.25 -1.2
    endloop
  endfacet
  facet normal 0 1 0
    outer loop
      vertex -52 15.25 -1.15
      vertex -52 15.25 -1.2
      vertex -53.25 15.25 -1.15
    endloop
  endfacet
  facet normal 0 1 -0
    outer loop
      vertex -53.25 15.25 -1.15
      vertex -54.5 15.25 0
      vertex -53.25 15.25 0
    endloop
  endfacet
  facet normal 0 1 0
    outer loop
      vertex -53.25 15.25 -1.15
      vertex -54.5 15.25 -1.2
      vertex -54.5 15.25 0
    endloop
  endfacet
  facet normal 0 1 0
    outer loop
      vertex -54.5 15.25 -1.2
      vertex -53.25 15.25 -1.15
      vertex -52 15.25 -1.2
    endloop
  endfacet
  facet normal 0 -1 0
    outer loop
      vertex -54.5 38.75 0
      vertex -53.25 38.75 -1.15
      vertex -53.25 38.75 0
    endloop
  endfacet
  facet normal 0 -1 0
    outer loop
      vertex -54.5 38.75 -1.2
      vertex -53.25 38.75 -1.15
      vertex -54.5 38.75 0
    endloop
  endfacet
  facet normal 0 -1 0
    outer loop
      vertex -52 38.75 -1.2
      vertex -53.25 38.75 -1.15
      vertex -54.5 38.75 -1.2
    endloop
  endfacet
  facet normal 0 -1 0
    outer loop
      vertex -53.25 38.75 -1.15
      vertex -52 38.75 -1.2
      vertex -52 38.75 -1.15
    endloop
  endfacet
  facet normal -0 0 1
    outer loop
      vertex -54.5 -1.75 -6.7
      vertex -52 -12.75 -6.7
      vertex -52 -1.75 -6.7
    endloop
  endfacet
  facet normal 0 0 1
    outer loop
      vertex -52 -12.75 -6.7
      vertex -54.5 -1.75 -6.7
      vertex -54.5 -12.75 -6.7
    endloop
  endfacet
  facet normal 0 1 0
    outer loop
      vertex -52 -12.75 -1.15
      vertex -52 -12.75 -6.7
      vertex -53.25 -12.75 -1.15
    endloop
  endfacet
  facet normal 0 1 -0
    outer loop
      vertex -53.25 -12.75 -1.15
      vertex -54.5 -12.75 0
      vertex -53.25 -12.75 0
    endloop
  endfacet
  facet normal 0 1 0
    outer loop
      vertex -54.5 -12.75 -6.7
      vertex -53.25 -12.75 -1.15
      vertex -52 -12.75 -6.7
    endloop
  endfacet
  facet normal 0 1 0
    outer loop
      vertex -53.25 -12.75 -1.15
      vertex -54.5 -12.75 -6.7
      vertex -54.5 -12.75 0
    endloop
  endfacet
  facet normal 0 -1 0
    outer loop
      vertex -54.5 -1.75 0
      vertex -53.25 -1.75 -1.15
      vertex -53.25 -1.75 0
    endloop
  endfacet
  facet normal 0 -1 0
    outer loop
      vertex -54.5 -1.75 -6.7
      vertex -53.25 -1.75 -1.15
      vertex -54.5 -1.75 0
    endloop
  endfacet
  facet normal 0 -1 0
    outer loop
      vertex -52 -1.75 -6.7
      vertex -53.25 -1.75 -1.15
      vertex -54.5 -1.75 -6.7
    endloop
  endfacet
  facet normal 0 -1 0
    outer loop
      vertex -53.25 -1.75 -1.15
      vertex -52 -1.75 -6.7
      vertex -52 -1.75 -1.15
    endloop
  endfacet
  facet normal -0.608816 0.793312 0
    outer loop
      vertex -45.1471 43.3971 5.9464
      vertex -45.5199 43.111 12.4
      vertex -45.1471 43.3971 12.4
    endloop
  endfacet
  facet normal -0.608816 0.793312 0
    outer loop
      vertex -45.5199 43.111 12.4
      vertex -45.1471 43.3971 5.9464
      vertex -45.5199 43.111 5.9464
    endloop
  endfacet
  facet normal 0.923843 -0.382771 0
    outer loop
      vertex -48.1589 45.1359 12.4
      vertex -47.979 45.5701 5.9464
      vertex -47.979 45.5701 12.4
    endloop
  endfacet
  facet normal 0.923843 -0.382771 0
    outer loop
      vertex -47.979 45.5701 5.9464
      vertex -48.1589 45.1359 12.4
      vertex -48.1589 45.1359 5.9464
    endloop
  endfacet
  facet normal -0.923843 0.382771 0
    outer loop
      vertex -44.861 43.7699 5.9464
      vertex -44.6811 44.2041 12.4
      vertex -44.6811 44.2041 5.9464
    endloop
  endfacet
  facet normal -0.923843 0.382771 0
    outer loop
      vertex -44.6811 44.2041 12.4
      vertex -44.861 43.7699 5.9464
      vertex -44.861 43.7699 12.4
    endloop
  endfacet
  facet normal -0.991455 0.130449 0
    outer loop
      vertex -44.6811 44.2041 5.9464
      vertex -44.6198 44.67 12.4
      vertex -44.6198 44.67 5.9464
    endloop
  endfacet
  facet normal -0.991455 0.130449 0
    outer loop
      vertex -44.6198 44.67 12.4
      vertex -44.6811 44.2041 5.9464
      vertex -44.6811 44.2041 12.4
    endloop
  endfacet
  facet normal -0.793312 0.608816 0
    outer loop
      vertex -45.1471 43.3971 5.9464
      vertex -44.861 43.7699 12.4
      vertex -44.861 43.7699 5.9464
    endloop
  endfacet
  facet normal -0.793312 0.608816 0
    outer loop
      vertex -44.861 43.7699 12.4
      vertex -45.1471 43.3971 5.9464
      vertex -45.1471 43.3971 12.4
    endloop
  endfacet
  facet normal 0.991455 0.130449 0
    outer loop
      vertex -48.1589 44.2041 12.4
      vertex -48.2202 44.67 5.9464
      vertex -48.2202 44.67 12.4
    endloop
  endfacet
  facet normal 0.991455 0.130449 0
    outer loop
      vertex -48.2202 44.67 5.9464
      vertex -48.1589 44.2041 12.4
      vertex -48.1589 44.2041 5.9464
    endloop
  endfacet
  facet normal 0.608816 0.793312 -0
    outer loop
      vertex -47.3201 43.111 5.9464
      vertex -47.6929 43.3971 12.4
      vertex -47.3201 43.111 12.4
    endloop
  endfacet
  facet normal 0.608816 0.793312 0
    outer loop
      vertex -47.6929 43.3971 12.4
      vertex -47.3201 43.111 5.9464
      vertex -47.6929 43.3971 5.9464
    endloop
  endfacet
  facet normal 0.130449 0.991455 -0
    outer loop
      vertex -46.42 42.8698 5.9464
      vertex -46.8859 42.9311 12.4
      vertex -46.42 42.8698 12.4
    endloop
  endfacet
  facet normal 0.130449 0.991455 0
    outer loop
      vertex -46.8859 42.9311 12.4
      vertex -46.42 42.8698 5.9464
      vertex -46.8859 42.9311 5.9464
    endloop
  endfacet
  facet normal 0.991455 -0.130449 0
    outer loop
      vertex -48.2202 44.67 12.4
      vertex -48.1589 45.1359 5.9464
      vertex -48.1589 45.1359 12.4
    endloop
  endfacet
  facet normal 0.991455 -0.130449 0
    outer loop
      vertex -48.1589 45.1359 5.9464
      vertex -48.2202 44.67 12.4
      vertex -48.2202 44.67 5.9464
    endloop
  endfacet
  facet normal -0.991455 -0.130449 0
    outer loop
      vertex -44.6198 44.67 5.9464
      vertex -44.6811 45.1359 12.4
      vertex -44.6811 45.1359 5.9464
    endloop
  endfacet
  facet normal -0.991455 -0.130449 0
    outer loop
      vertex -44.6811 45.1359 12.4
      vertex -44.6198 44.67 5.9464
      vertex -44.6198 44.67 12.4
    endloop
  endfacet
  facet normal 0.382771 0.923843 -0
    outer loop
      vertex -46.8859 42.9311 5.9464
      vertex -47.3201 43.111 12.4
      vertex -46.8859 42.9311 12.4
    endloop
  endfacet
  facet normal 0.382771 0.923843 0
    outer loop
      vertex -47.3201 43.111 12.4
      vertex -46.8859 42.9311 5.9464
      vertex -47.3201 43.111 5.9464
    endloop
  endfacet
  facet normal -0.923843 -0.382771 0
    outer loop
      vertex -44.6811 45.1359 5.9464
      vertex -44.861 45.5701 12.4
      vertex -44.861 45.5701 5.9464
    endloop
  endfacet
  facet normal -0.923843 -0.382771 0
    outer loop
      vertex -44.861 45.5701 12.4
      vertex -44.6811 45.1359 5.9464
      vertex -44.6811 45.1359 12.4
    endloop
  endfacet
  facet normal -0.382771 -0.923843 0
    outer loop
      vertex -45.9541 46.4089 5.9464
      vertex -45.5199 46.229 12.4
      vertex -45.9541 46.4089 12.4
    endloop
  endfacet
  facet normal -0.382771 -0.923843 -0
    outer loop
      vertex -45.5199 46.229 12.4
      vertex -45.9541 46.4089 5.9464
      vertex -45.5199 46.229 5.9464
    endloop
  endfacet
  facet normal 0.793312 0.608816 0
    outer loop
      vertex -47.6929 43.3971 12.4
      vertex -47.979 43.7699 5.9464
      vertex -47.979 43.7699 12.4
    endloop
  endfacet
  facet normal 0.793312 0.608816 0
    outer loop
      vertex -47.979 43.7699 5.9464
      vertex -47.6929 43.3971 12.4
      vertex -47.6929 43.3971 5.9464
    endloop
  endfacet
  facet normal 0.793312 -0.608816 0
    outer loop
      vertex -47.979 45.5701 12.4
      vertex -47.6929 45.9429 5.9464
      vertex -47.6929 45.9429 12.4
    endloop
  endfacet
  facet normal 0.793312 -0.608816 0
    outer loop
      vertex -47.6929 45.9429 5.9464
      vertex -47.979 45.5701 12.4
      vertex -47.979 45.5701 5.9464
    endloop
  endfacet
  facet normal -0.130449 -0.991455 0
    outer loop
      vertex -46.42 46.4702 5.9464
      vertex -45.9541 46.4089 12.4
      vertex -46.42 46.4702 12.4
    endloop
  endfacet
  facet normal -0.130449 -0.991455 -0
    outer loop
      vertex -45.9541 46.4089 12.4
      vertex -46.42 46.4702 5.9464
      vertex -45.9541 46.4089 5.9464
    endloop
  endfacet
  facet normal -0.608816 -0.793312 0
    outer loop
      vertex -45.5199 46.229 5.9464
      vertex -45.1471 45.9429 12.4
      vertex -45.5199 46.229 12.4
    endloop
  endfacet
  facet normal -0.608816 -0.793312 -0
    outer loop
      vertex -45.1471 45.9429 12.4
      vertex -45.5199 46.229 5.9464
      vertex -45.1471 45.9429 5.9464
    endloop
  endfacet
  facet normal 0.130449 -0.991455 0
    outer loop
      vertex -46.8859 46.4089 5.9464
      vertex -46.42 46.4702 12.4
      vertex -46.8859 46.4089 12.4
    endloop
  endfacet
  facet normal 0.130449 -0.991455 0
    outer loop
      vertex -46.42 46.4702 12.4
      vertex -46.8859 46.4089 5.9464
      vertex -46.42 46.4702 5.9464
    endloop
  endfacet
  facet normal -0.793312 -0.608816 0
    outer loop
      vertex -44.861 45.5701 5.9464
      vertex -45.1471 45.9429 12.4
      vertex -45.1471 45.9429 5.9464
    endloop
  endfacet
  facet normal -0.793312 -0.608816 0
    outer loop
      vertex -45.1471 45.9429 12.4
      vertex -44.861 45.5701 5.9464
      vertex -44.861 45.5701 12.4
    endloop
  endfacet
  facet normal -0.130449 0.991455 0
    outer loop
      vertex -45.9541 42.9311 5.9464
      vertex -46.42 42.8698 12.4
      vertex -45.9541 42.9311 12.4
    endloop
  endfacet
  facet normal -0.130449 0.991455 0
    outer loop
      vertex -46.42 42.8698 12.4
      vertex -45.9541 42.9311 5.9464
      vertex -46.42 42.8698 5.9464
    endloop
  endfacet
  facet normal -0.382771 0.923843 0
    outer loop
      vertex -45.5199 43.111 5.9464
      vertex -45.9541 42.9311 12.4
      vertex -45.5199 43.111 12.4
    endloop
  endfacet
  facet normal -0.382771 0.923843 0
    outer loop
      vertex -45.9541 42.9311 12.4
      vertex -45.5199 43.111 5.9464
      vertex -45.9541 42.9311 5.9464
    endloop
  endfacet
  facet normal 0.608816 -0.793312 0
    outer loop
      vertex -47.6929 45.9429 5.9464
      vertex -47.3201 46.229 12.4
      vertex -47.6929 45.9429 12.4
    endloop
  endfacet
  facet normal 0.608816 -0.793312 0
    outer loop
      vertex -47.3201 46.229 12.4
      vertex -47.6929 45.9429 5.9464
      vertex -47.3201 46.229 5.9464
    endloop
  endfacet
  facet normal 0.923843 0.382771 0
    outer loop
      vertex -47.979 43.7699 12.4
      vertex -48.1589 44.2041 5.9464
      vertex -48.1589 44.2041 12.4
    endloop
  endfacet
  facet normal 0.923843 0.382771 0
    outer loop
      vertex -48.1589 44.2041 5.9464
      vertex -47.979 43.7699 12.4
      vertex -47.979 43.7699 5.9464
    endloop
  endfacet
  facet normal 0.382771 -0.923843 0
    outer loop
      vertex -47.3201 46.229 5.9464
      vertex -46.8859 46.4089 12.4
      vertex -47.3201 46.229 12.4
    endloop
  endfacet
  facet normal 0.382771 -0.923843 0
    outer loop
      vertex -46.8859 46.4089 12.4
      vertex -47.3201 46.229 5.9464
      vertex -46.8859 46.4089 5.9464
    endloop
  endfacet
  facet normal -0.923874 0.382698 0
    outer loop
      vertex -44.2451 43.4143 -19.15
      vertex -43.9942 44.02 -19.15
      vertex -43.9942 44.02 -22.2
    endloop
  endfacet
  facet normal -0.923874 0.382698 0
    outer loop
      vertex -44.2451 43.4143 -19.15
      vertex -43.9942 44.02 -22.2
      vertex -44.2451 43.4143 -22.2
    endloop
  endfacet
  facet normal -0.923874 0.382698 0
    outer loop
      vertex -43.9942 44.02 -19.15
      vertex -44.2451 43.4143 -19.15
      vertex -43.9942 44.02 5.9464
    endloop
  endfacet
  facet normal -0.923874 0.382698 0
    outer loop
      vertex -43.9942 44.02 5.9464
      vertex -44.2451 43.4143 -19.15
      vertex -44.2451 43.4143 5.9464
    endloop
  endfacet
  facet normal -0.99144 0.130565 0
    outer loop
      vertex -43.9942 44.02 -19.15
      vertex -43.9086 44.67 -19.15
      vertex -43.9086 44.67 -22.2
    endloop
  endfacet
  facet normal -0.99144 0.130565 0
    outer loop
      vertex -43.9942 44.02 -19.15
      vertex -43.9086 44.67 -22.2
      vertex -43.9942 44.02 -22.2
    endloop
  endfacet
  facet normal -0.99144 0.130565 0
    outer loop
      vertex -43.9086 44.67 -19.15
      vertex -43.9942 44.02 -19.15
      vertex -43.9086 44.67 5.9464
    endloop
  endfacet
  facet normal -0.99144 0.130565 0
    outer loop
      vertex -43.9086 44.67 5.9464
      vertex -43.9942 44.02 -19.15
      vertex -43.9942 44.02 5.9464
    endloop
  endfacet
  facet normal -0.793344 0.608774 0
    outer loop
      vertex -44.6442 42.8942 -19.15
      vertex -44.2451 43.4143 -19.15
      vertex -44.2451 43.4143 -22.2
    endloop
  endfacet
  facet normal -0.793344 0.608774 0
    outer loop
      vertex -44.6442 42.8942 -19.15
      vertex -44.2451 43.4143 -22.2
      vertex -44.6442 42.8942 -22.2
    endloop
  endfacet
  facet normal -0.793344 0.608774 0
    outer loop
      vertex -44.2451 43.4143 -19.15
      vertex -44.6442 42.8942 -19.15
      vertex -44.2451 43.4143 5.9464
    endloop
  endfacet
  facet normal -0.793344 0.608774 0
    outer loop
      vertex -44.2451 43.4143 5.9464
      vertex -44.6442 42.8942 -19.15
      vertex -44.6442 42.8942 5.9464
    endloop
  endfacet
  facet normal -0.130565 0.99144 0
    outer loop
      vertex -45.77 42.2442 -19.15
      vertex -46.42 42.1586 5.9464
      vertex -45.77 42.2442 5.9464
    endloop
  endfacet
  facet normal -0.130565 0.99144 0
    outer loop
      vertex -45.77 42.2442 -19.15
      vertex -46.42 42.1586 -19.15
      vertex -46.42 42.1586 5.9464
    endloop
  endfacet
  facet normal -0.130565 0.99144 0
    outer loop
      vertex -45.77 42.2442 -22.2
      vertex -46.42 42.1586 -19.15
      vertex -45.77 42.2442 -19.15
    endloop
  endfacet
  facet normal -0.130565 0.99144 0
    outer loop
      vertex -46.42 42.1586 -19.15
      vertex -45.77 42.2442 -22.2
      vertex -46.42 42.1586 -22.2
    endloop
  endfacet
  facet normal -0.793344 -0.608774 0
    outer loop
      vertex -44.2451 45.9257 -19.15
      vertex -44.6442 46.4458 -19.15
      vertex -44.6442 46.4458 -22.2
    endloop
  endfacet
  facet normal -0.793344 -0.608774 -0
    outer loop
      vertex -44.2451 45.9257 -19.15
      vertex -44.6442 46.4458 -22.2
      vertex -44.2451 45.9257 -22.2
    endloop
  endfacet
  facet normal -0.793344 -0.608774 0
    outer loop
      vertex -44.6442 46.4458 -19.15
      vertex -44.2451 45.9257 -19.15
      vertex -44.6442 46.4458 5.9464
    endloop
  endfacet
  facet normal -0.793344 -0.608774 0
    outer loop
      vertex -44.6442 46.4458 5.9464
      vertex -44.2451 45.9257 -19.15
      vertex -44.2451 45.9257 5.9464
    endloop
  endfacet
  facet normal -0.608774 0.793344 0
    outer loop
      vertex -44.6442 42.8942 -19.15
      vertex -45.1643 42.4951 5.9464
      vertex -44.6442 42.8942 5.9464
    endloop
  endfacet
  facet normal -0.608774 0.793344 0
    outer loop
      vertex -44.6442 42.8942 -19.15
      vertex -45.1643 42.4951 -19.15
      vertex -45.1643 42.4951 5.9464
    endloop
  endfacet
  facet normal -0.608774 0.793344 0
    outer loop
      vertex -44.6442 42.8942 -22.2
      vertex -45.1643 42.4951 -19.15
      vertex -44.6442 42.8942 -19.15
    endloop
  endfacet
  facet normal -0.608774 0.793344 0
    outer loop
      vertex -45.1643 42.4951 -19.15
      vertex -44.6442 42.8942 -22.2
      vertex -45.1643 42.4951 -22.2
    endloop
  endfacet
  facet normal 0.608774 0.793344 -0
    outer loop
      vertex -47.6757 42.4951 -19.15
      vertex -48.1958 42.8942 5.9464
      vertex -47.6757 42.4951 5.9464
    endloop
  endfacet
  facet normal 0.608774 0.793344 0
    outer loop
      vertex -47.6757 42.4951 -19.15
      vertex -48.1958 42.8942 -19.15
      vertex -48.1958 42.8942 5.9464
    endloop
  endfacet
  facet normal 0.608774 0.793344 -0
    outer loop
      vertex -47.6757 42.4951 -22.2
      vertex -48.1958 42.8942 -19.15
      vertex -47.6757 42.4951 -19.15
    endloop
  endfacet
  facet normal 0.608774 0.793344 0
    outer loop
      vertex -48.1958 42.8942 -19.15
      vertex -47.6757 42.4951 -22.2
      vertex -48.1958 42.8942 -22.2
    endloop
  endfacet
  facet normal 0.923874 -0.382698 0
    outer loop
      vertex -48.8458 45.32 -19.15
      vertex -48.5949 45.9257 -19.15
      vertex -48.5949 45.9257 5.9464
    endloop
  endfacet
  facet normal 0.923874 -0.382698 0
    outer loop
      vertex -48.8458 45.32 -19.15
      vertex -48.5949 45.9257 5.9464
      vertex -48.8458 45.32 5.9464
    endloop
  endfacet
  facet normal 0.923874 -0.382698 0
    outer loop
      vertex -48.5949 45.9257 -19.15
      vertex -48.8458 45.32 -19.15
      vertex -48.5949 45.9257 -22.2
    endloop
  endfacet
  facet normal 0.923874 -0.382698 0
    outer loop
      vertex -48.5949 45.9257 -22.2
      vertex -48.8458 45.32 -19.15
      vertex -48.8458 45.32 -22.2
    endloop
  endfacet
  facet normal 0.793344 0.608774 0
    outer loop
      vertex -48.1958 42.8942 -19.15
      vertex -48.5949 43.4143 -19.15
      vertex -48.5949 43.4143 5.9464
    endloop
  endfacet
  facet normal 0.793344 0.608774 -0
    outer loop
      vertex -48.1958 42.8942 -19.15
      vertex -48.5949 43.4143 5.9464
      vertex -48.1958 42.8942 5.9464
    endloop
  endfacet
  facet normal 0.793344 0.608774 0
    outer loop
      vertex -48.5949 43.4143 -19.15
      vertex -48.1958 42.8942 -19.15
      vertex -48.5949 43.4143 -22.2
    endloop
  endfacet
  facet normal 0.793344 0.608774 0
    outer loop
      vertex -48.5949 43.4143 -22.2
      vertex -48.1958 42.8942 -19.15
      vertex -48.1958 42.8942 -22.2
    endloop
  endfacet
  facet normal -0.99144 -0.130565 0
    outer loop
      vertex -43.9086 44.67 -19.15
      vertex -43.9942 45.32 -19.15
      vertex -43.9942 45.32 -22.2
    endloop
  endfacet
  facet normal -0.99144 -0.130565 -0
    outer loop
      vertex -43.9086 44.67 -19.15
      vertex -43.9942 45.32 -22.2
      vertex -43.9086 44.67 -22.2
    endloop
  endfacet
  facet normal -0.99144 -0.130565 0
    outer loop
      vertex -43.9942 45.32 -19.15
      vertex -43.9086 44.67 -19.15
      vertex -43.9942 45.32 5.9464
    endloop
  endfacet
  facet normal -0.99144 -0.130565 0
    outer loop
      vertex -43.9942 45.32 5.9464
      vertex -43.9086 44.67 -19.15
      vertex -43.9086 44.67 5.9464
    endloop
  endfacet
  facet normal 0.130565 -0.99144 0
    outer loop
      vertex -47.07 47.0958 -19.15
      vertex -46.42 47.1814 5.9464
      vertex -47.07 47.0958 5.9464
    endloop
  endfacet
  facet normal 0.130565 -0.99144 0
    outer loop
      vertex -47.07 47.0958 -19.15
      vertex -46.42 47.1814 -19.15
      vertex -46.42 47.1814 5.9464
    endloop
  endfacet
  facet normal 0.130565 -0.99144 0
    outer loop
      vertex -47.07 47.0958 -22.2
      vertex -46.42 47.1814 -19.15
      vertex -47.07 47.0958 -19.15
    endloop
  endfacet
  facet normal 0.130565 -0.99144 0
    outer loop
      vertex -46.42 47.1814 -19.15
      vertex -47.07 47.0958 -22.2
      vertex -46.42 47.1814 -22.2
    endloop
  endfacet
  facet normal -0.382698 0.923874 0
    outer loop
      vertex -45.1643 42.4951 -19.15
      vertex -45.77 42.2442 5.9464
      vertex -45.1643 42.4951 5.9464
    endloop
  endfacet
  facet normal -0.382698 0.923874 0
    outer loop
      vertex -45.1643 42.4951 -19.15
      vertex -45.77 42.2442 -19.15
      vertex -45.77 42.2442 5.9464
    endloop
  endfacet
  facet normal -0.382698 0.923874 0
    outer loop
      vertex -45.1643 42.4951 -22.2
      vertex -45.77 42.2442 -19.15
      vertex -45.1643 42.4951 -19.15
    endloop
  endfacet
  facet normal -0.382698 0.923874 0
    outer loop
      vertex -45.77 42.2442 -19.15
      vertex -45.1643 42.4951 -22.2
      vertex -45.77 42.2442 -22.2
    endloop
  endfacet
  facet normal -0.130565 -0.99144 0
    outer loop
      vertex -46.42 47.1814 -19.15
      vertex -45.77 47.0958 5.9464
      vertex -46.42 47.1814 5.9464
    endloop
  endfacet
  facet normal -0.130565 -0.99144 0
    outer loop
      vertex -46.42 47.1814 -19.15
      vertex -45.77 47.0958 -19.15
      vertex -45.77 47.0958 5.9464
    endloop
  endfacet
  facet normal -0.130565 -0.99144 0
    outer loop
      vertex -46.42 47.1814 -22.2
      vertex -45.77 47.0958 -19.15
      vertex -46.42 47.1814 -19.15
    endloop
  endfacet
  facet normal -0.130565 -0.99144 -0
    outer loop
      vertex -45.77 47.0958 -19.15
      vertex -46.42 47.1814 -22.2
      vertex -45.77 47.0958 -22.2
    endloop
  endfacet
  facet normal -0.923874 -0.382698 0
    outer loop
      vertex -43.9942 45.32 -19.15
      vertex -44.2451 45.9257 -19.15
      vertex -44.2451 45.9257 -22.2
    endloop
  endfacet
  facet normal -0.923874 -0.382698 -0
    outer loop
      vertex -43.9942 45.32 -19.15
      vertex -44.2451 45.9257 -22.2
      vertex -43.9942 45.32 -22.2
    endloop
  endfacet
  facet normal -0.923874 -0.382698 0
    outer loop
      vertex -44.2451 45.9257 -19.15
      vertex -43.9942 45.32 -19.15
      vertex -44.2451 45.9257 5.9464
    endloop
  endfacet
  facet normal -0.923874 -0.382698 0
    outer loop
      vertex -44.2451 45.9257 5.9464
      vertex -43.9942 45.32 -19.15
      vertex -43.9942 45.32 5.9464
    endloop
  endfacet
  facet normal -0.382698 -0.923874 0
    outer loop
      vertex -45.77 47.0958 -19.15
      vertex -45.1643 46.8449 5.9464
      vertex -45.77 47.0958 5.9464
    endloop
  endfacet
  facet normal -0.382698 -0.923874 0
    outer loop
      vertex -45.77 47.0958 -19.15
      vertex -45.1643 46.8449 -19.15
      vertex -45.1643 46.8449 5.9464
    endloop
  endfacet
  facet normal -0.382698 -0.923874 0
    outer loop
      vertex -45.77 47.0958 -22.2
      vertex -45.1643 46.8449 -19.15
      vertex -45.77 47.0958 -19.15
    endloop
  endfacet
  facet normal -0.382698 -0.923874 -0
    outer loop
      vertex -45.1643 46.8449 -19.15
      vertex -45.77 47.0958 -22.2
      vertex -45.1643 46.8449 -22.2
    endloop
  endfacet
  facet normal 0.99144 -0.130565 0
    outer loop
      vertex -48.9314 44.67 -19.15
      vertex -48.8458 45.32 -19.15
      vertex -48.8458 45.32 5.9464
    endloop
  endfacet
  facet normal 0.99144 -0.130565 0
    outer loop
      vertex -48.9314 44.67 -19.15
      vertex -48.8458 45.32 5.9464
      vertex -48.9314 44.67 5.9464
    endloop
  endfacet
  facet normal 0.99144 -0.130565 0
    outer loop
      vertex -48.8458 45.32 -19.15
      vertex -48.9314 44.67 -19.15
      vertex -48.8458 45.32 -22.2
    endloop
  endfacet
  facet normal 0.99144 -0.130565 0
    outer loop
      vertex -48.8458 45.32 -22.2
      vertex -48.9314 44.67 -19.15
      vertex -48.9314 44.67 -22.2
    endloop
  endfacet
  facet normal 0.382698 0.923874 -0
    outer loop
      vertex -47.07 42.2442 -19.15
      vertex -47.6757 42.4951 5.9464
      vertex -47.07 42.2442 5.9464
    endloop
  endfacet
  facet normal 0.382698 0.923874 0
    outer loop
      vertex -47.07 42.2442 -19.15
      vertex -47.6757 42.4951 -19.15
      vertex -47.6757 42.4951 5.9464
    endloop
  endfacet
  facet normal 0.382698 0.923874 -0
    outer loop
      vertex -47.07 42.2442 -22.2
      vertex -47.6757 42.4951 -19.15
      vertex -47.07 42.2442 -19.15
    endloop
  endfacet
  facet normal 0.382698 0.923874 0
    outer loop
      vertex -47.6757 42.4951 -19.15
      vertex -47.07 42.2442 -22.2
      vertex -47.6757 42.4951 -22.2
    endloop
  endfacet
  facet normal -0.608774 -0.793344 0
    outer loop
      vertex -45.1643 46.8449 -19.15
      vertex -44.6442 46.4458 5.9464
      vertex -45.1643 46.8449 5.9464
    endloop
  endfacet
  facet normal -0.608774 -0.793344 0
    outer loop
      vertex -45.1643 46.8449 -19.15
      vertex -44.6442 46.4458 -19.15
      vertex -44.6442 46.4458 5.9464
    endloop
  endfacet
  facet normal -0.608774 -0.793344 0
    outer loop
      vertex -45.1643 46.8449 -22.2
      vertex -44.6442 46.4458 -19.15
      vertex -45.1643 46.8449 -19.15
    endloop
  endfacet
  facet normal -0.608774 -0.793344 -0
    outer loop
      vertex -44.6442 46.4458 -19.15
      vertex -45.1643 46.8449 -22.2
      vertex -44.6442 46.4458 -22.2
    endloop
  endfacet
  facet normal 0.130565 0.99144 -0
    outer loop
      vertex -46.42 42.1586 -19.15
      vertex -47.07 42.2442 5.9464
      vertex -46.42 42.1586 5.9464
    endloop
  endfacet
  facet normal 0.130565 0.99144 0
    outer loop
      vertex -46.42 42.1586 -19.15
      vertex -47.07 42.2442 -19.15
      vertex -47.07 42.2442 5.9464
    endloop
  endfacet
  facet normal 0.130565 0.99144 -0
    outer loop
      vertex -46.42 42.1586 -22.2
      vertex -47.07 42.2442 -19.15
      vertex -46.42 42.1586 -19.15
    endloop
  endfacet
  facet normal 0.130565 0.99144 0
    outer loop
      vertex -47.07 42.2442 -19.15
      vertex -46.42 42.1586 -22.2
      vertex -47.07 42.2442 -22.2
    endloop
  endfacet
  facet normal 0.608774 -0.793344 0
    outer loop
      vertex -48.1958 46.4458 -19.15
      vertex -47.6757 46.8449 5.9464
      vertex -48.1958 46.4458 5.9464
    endloop
  endfacet
  facet normal 0.608774 -0.793344 0
    outer loop
      vertex -48.1958 46.4458 -19.15
      vertex -47.6757 46.8449 -19.15
      vertex -47.6757 46.8449 5.9464
    endloop
  endfacet
  facet normal 0.608774 -0.793344 0
    outer loop
      vertex -48.1958 46.4458 -22.2
      vertex -47.6757 46.8449 -19.15
      vertex -48.1958 46.4458 -19.15
    endloop
  endfacet
  facet normal 0.608774 -0.793344 0
    outer loop
      vertex -47.6757 46.8449 -19.15
      vertex -48.1958 46.4458 -22.2
      vertex -47.6757 46.8449 -22.2
    endloop
  endfacet
  facet normal 0.99144 0.130565 0
    outer loop
      vertex -48.8458 44.02 -19.15
      vertex -48.9314 44.67 -19.15
      vertex -48.9314 44.67 5.9464
    endloop
  endfacet
  facet normal 0.99144 0.130565 -0
    outer loop
      vertex -48.8458 44.02 -19.15
      vertex -48.9314 44.67 5.9464
      vertex -48.8458 44.02 5.9464
    endloop
  endfacet
  facet normal 0.99144 0.130565 0
    outer loop
      vertex -48.9314 44.67 -19.15
      vertex -48.8458 44.02 -19.15
      vertex -48.9314 44.67 -22.2
    endloop
  endfacet
  facet normal 0.99144 0.130565 0
    outer loop
      vertex -48.9314 44.67 -22.2
      vertex -48.8458 44.02 -19.15
      vertex -48.8458 44.02 -22.2
    endloop
  endfacet
  facet normal 0.793344 -0.608774 0
    outer loop
      vertex -48.5949 45.9257 -19.15
      vertex -48.1958 46.4458 -19.15
      vertex -48.1958 46.4458 5.9464
    endloop
  endfacet
  facet normal 0.793344 -0.608774 0
    outer loop
      vertex -48.5949 45.9257 -19.15
      vertex -48.1958 46.4458 5.9464
      vertex -48.5949 45.9257 5.9464
    endloop
  endfacet
  facet normal 0.793344 -0.608774 0
    outer loop
      vertex -48.1958 46.4458 -19.15
      vertex -48.5949 45.9257 -19.15
      vertex -48.1958 46.4458 -22.2
    endloop
  endfacet
  facet normal 0.793344 -0.608774 0
    outer loop
      vertex -48.1958 46.4458 -22.2
      vertex -48.5949 45.9257 -19.15
      vertex -48.5949 45.9257 -22.2
    endloop
  endfacet
  facet normal 0.382698 -0.923874 0
    outer loop
      vertex -47.6757 46.8449 -19.15
      vertex -47.07 47.0958 5.9464
      vertex -47.6757 46.8449 5.9464
    endloop
  endfacet
  facet normal 0.382698 -0.923874 0
    outer loop
      vertex -47.6757 46.8449 -19.15
      vertex -47.07 47.0958 -19.15
      vertex -47.07 47.0958 5.9464
    endloop
  endfacet
  facet normal 0.382698 -0.923874 0
    outer loop
      vertex -47.6757 46.8449 -22.2
      vertex -47.07 47.0958 -19.15
      vertex -47.6757 46.8449 -19.15
    endloop
  endfacet
  facet normal 0.382698 -0.923874 0
    outer loop
      vertex -47.07 47.0958 -19.15
      vertex -47.6757 46.8449 -22.2
      vertex -47.07 47.0958 -22.2
    endloop
  endfacet
  facet normal 0.923874 0.382698 0
    outer loop
      vertex -48.5949 43.4143 -19.15
      vertex -48.8458 44.02 -19.15
      vertex -48.8458 44.02 5.9464
    endloop
  endfacet
  facet normal 0.923874 0.382698 -0
    outer loop
      vertex -48.5949 43.4143 -19.15
      vertex -48.8458 44.02 5.9464
      vertex -48.5949 43.4143 5.9464
    endloop
  endfacet
  facet normal 0.923874 0.382698 0
    outer loop
      vertex -48.8458 44.02 -19.15
      vertex -48.5949 43.4143 -19.15
      vertex -48.8458 44.02 -22.2
    endloop
  endfacet
  facet normal 0.923874 0.382698 0
    outer loop
      vertex -48.8458 44.02 -22.2
      vertex -48.5949 43.4143 -19.15
      vertex -48.5949 43.4143 -22.2
    endloop
  endfacet
  facet normal 0 0 -1
    outer loop
      vertex -44.6198 44.67 5.9464
      vertex -43.9086 44.67 5.9464
      vertex -43.9942 44.02 5.9464
    endloop
  endfacet
  facet normal 0 0 -1
    outer loop
      vertex -44.6811 44.2041 5.9464
      vertex -43.9942 44.02 5.9464
      vertex -44.2451 43.4143 5.9464
    endloop
  endfacet
  facet normal 0 0 -1
    outer loop
      vertex -43.9086 44.67 5.9464
      vertex -44.6198 44.67 5.9464
      vertex -43.9942 45.32 5.9464
    endloop
  endfacet
  facet normal 0 0 -1
    outer loop
      vertex -44.6811 45.1359 5.9464
      vertex -43.9942 45.32 5.9464
      vertex -44.6198 44.67 5.9464
    endloop
  endfacet
  facet normal 0 0 -1
    outer loop
      vertex -44.861 43.7699 5.9464
      vertex -44.2451 43.4143 5.9464
      vertex -44.6442 42.8942 5.9464
    endloop
  endfacet
  facet normal 0 0 -1
    outer loop
      vertex -43.9942 44.02 5.9464
      vertex -44.6811 44.2041 5.9464
      vertex -44.6198 44.67 5.9464
    endloop
  endfacet
  facet normal 0 0 -1
    outer loop
      vertex -44.2451 43.4143 5.9464
      vertex -44.861 43.7699 5.9464
      vertex -44.6811 44.2041 5.9464
    endloop
  endfacet
  facet normal 0 0 -1
    outer loop
      vertex -44.6442 42.8942 5.9464
      vertex -45.1471 43.3971 5.9464
      vertex -44.861 43.7699 5.9464
    endloop
  endfacet
  facet normal 0 0 -1
    outer loop
      vertex -45.1643 42.4951 5.9464
      vertex -45.1471 43.3971 5.9464
      vertex -44.6442 42.8942 5.9464
    endloop
  endfacet
  facet normal 0 0 -1
    outer loop
      vertex -45.1643 42.4951 5.9464
      vertex -45.5199 43.111 5.9464
      vertex -45.1471 43.3971 5.9464
    endloop
  endfacet
  facet normal 0 0 -1
    outer loop
      vertex -45.77 42.2442 5.9464
      vertex -45.5199 43.111 5.9464
      vertex -45.1643 42.4951 5.9464
    endloop
  endfacet
  facet normal 0 0 -1
    outer loop
      vertex -45.77 42.2442 5.9464
      vertex -45.9541 42.9311 5.9464
      vertex -45.5199 43.111 5.9464
    endloop
  endfacet
  facet normal 0 0 -1
    outer loop
      vertex -46.42 42.1586 5.9464
      vertex -45.9541 42.9311 5.9464
      vertex -45.77 42.2442 5.9464
    endloop
  endfacet
  facet normal 0 0 -1
    outer loop
      vertex -46.42 42.1586 5.9464
      vertex -46.42 42.8698 5.9464
      vertex -45.9541 42.9311 5.9464
    endloop
  endfacet
  facet normal 0 0 -1
    outer loop
      vertex -46.42 42.1586 5.9464
      vertex -46.8859 42.9311 5.9464
      vertex -46.42 42.8698 5.9464
    endloop
  endfacet
  facet normal 0 0 -1
    outer loop
      vertex -47.07 42.2442 5.9464
      vertex -46.8859 42.9311 5.9464
      vertex -46.42 42.1586 5.9464
    endloop
  endfacet
  facet normal 0 0 -1
    outer loop
      vertex -47.07 42.2442 5.9464
      vertex -47.3201 43.111 5.9464
      vertex -46.8859 42.9311 5.9464
    endloop
  endfacet
  facet normal 0 0 -1
    outer loop
      vertex -47.6757 42.4951 5.9464
      vertex -47.3201 43.111 5.9464
      vertex -47.07 42.2442 5.9464
    endloop
  endfacet
  facet normal 0 0 -1
    outer loop
      vertex -47.6757 42.4951 5.9464
      vertex -47.6929 43.3971 5.9464
      vertex -47.3201 43.111 5.9464
    endloop
  endfacet
  facet normal 0 0 -1
    outer loop
      vertex -48.1958 42.8942 5.9464
      vertex -47.6929 43.3971 5.9464
      vertex -47.6757 42.4951 5.9464
    endloop
  endfacet
  facet normal -0 0 -1
    outer loop
      vertex -47.6929 43.3971 5.9464
      vertex -48.1958 42.8942 5.9464
      vertex -47.979 43.7699 5.9464
    endloop
  endfacet
  facet normal 0 0 -1
    outer loop
      vertex -48.5949 43.4143 5.9464
      vertex -47.979 43.7699 5.9464
      vertex -48.1958 42.8942 5.9464
    endloop
  endfacet
  facet normal -0 0 -1
    outer loop
      vertex -47.979 43.7699 5.9464
      vertex -48.5949 43.4143 5.9464
      vertex -48.1589 44.2041 5.9464
    endloop
  endfacet
  facet normal 0 0 -1
    outer loop
      vertex -48.8458 44.02 5.9464
      vertex -48.1589 44.2041 5.9464
      vertex -48.5949 43.4143 5.9464
    endloop
  endfacet
  facet normal -0 0 -1
    outer loop
      vertex -43.9942 45.32 5.9464
      vertex -44.6811 45.1359 5.9464
      vertex -44.2451 45.9257 5.9464
    endloop
  endfacet
  facet normal 0 0 -1
    outer loop
      vertex -44.861 45.5701 5.9464
      vertex -44.2451 45.9257 5.9464
      vertex -44.6811 45.1359 5.9464
    endloop
  endfacet
  facet normal -0 0 -1
    outer loop
      vertex -44.2451 45.9257 5.9464
      vertex -44.861 45.5701 5.9464
      vertex -44.6442 46.4458 5.9464
    endloop
  endfacet
  facet normal 0 0 -1
    outer loop
      vertex -45.1471 45.9429 5.9464
      vertex -44.6442 46.4458 5.9464
      vertex -44.861 45.5701 5.9464
    endloop
  endfacet
  facet normal 0 0 -1
    outer loop
      vertex -45.1471 45.9429 5.9464
      vertex -45.1643 46.8449 5.9464
      vertex -44.6442 46.4458 5.9464
    endloop
  endfacet
  facet normal 0 0 -1
    outer loop
      vertex -45.5199 46.229 5.9464
      vertex -45.1643 46.8449 5.9464
      vertex -45.1471 45.9429 5.9464
    endloop
  endfacet
  facet normal 0 0 -1
    outer loop
      vertex -45.5199 46.229 5.9464
      vertex -45.77 47.0958 5.9464
      vertex -45.1643 46.8449 5.9464
    endloop
  endfacet
  facet normal 0 0 -1
    outer loop
      vertex -45.9541 46.4089 5.9464
      vertex -45.77 47.0958 5.9464
      vertex -45.5199 46.229 5.9464
    endloop
  endfacet
  facet normal 0 0 -1
    outer loop
      vertex -46.42 46.4702 5.9464
      vertex -45.77 47.0958 5.9464
      vertex -45.9541 46.4089 5.9464
    endloop
  endfacet
  facet normal 0 0 -1
    outer loop
      vertex -46.42 46.4702 5.9464
      vertex -46.42 47.1814 5.9464
      vertex -45.77 47.0958 5.9464
    endloop
  endfacet
  facet normal 0 0 -1
    outer loop
      vertex -46.8859 46.4089 5.9464
      vertex -46.42 47.1814 5.9464
      vertex -46.42 46.4702 5.9464
    endloop
  endfacet
  facet normal 0 0 -1
    outer loop
      vertex -46.8859 46.4089 5.9464
      vertex -47.07 47.0958 5.9464
      vertex -46.42 47.1814 5.9464
    endloop
  endfacet
  facet normal 0 0 -1
    outer loop
      vertex -47.3201 46.229 5.9464
      vertex -47.07 47.0958 5.9464
      vertex -46.8859 46.4089 5.9464
    endloop
  endfacet
  facet normal 0 0 -1
    outer loop
      vertex -47.3201 46.229 5.9464
      vertex -47.6757 46.8449 5.9464
      vertex -47.07 47.0958 5.9464
    endloop
  endfacet
  facet normal 0 0 -1
    outer loop
      vertex -47.6929 45.9429 5.9464
      vertex -47.6757 46.8449 5.9464
      vertex -47.3201 46.229 5.9464
    endloop
  endfacet
  facet normal 0 0 -1
    outer loop
      vertex -48.1958 46.4458 5.9464
      vertex -47.6929 45.9429 5.9464
      vertex -47.979 45.5701 5.9464
    endloop
  endfacet
  facet normal 0 0 -1
    outer loop
      vertex -48.5949 45.9257 5.9464
      vertex -47.979 45.5701 5.9464
      vertex -48.1589 45.1359 5.9464
    endloop
  endfacet
  facet normal 0 0 -1
    outer loop
      vertex -47.6929 45.9429 5.9464
      vertex -48.1958 46.4458 5.9464
      vertex -47.6757 46.8449 5.9464
    endloop
  endfacet
  facet normal 0 0 -1
    outer loop
      vertex -48.8458 45.32 5.9464
      vertex -48.1589 45.1359 5.9464
      vertex -48.2202 44.67 5.9464
    endloop
  endfacet
  facet normal -0 0 -1
    outer loop
      vertex -48.1589 44.2041 5.9464
      vertex -48.8458 44.02 5.9464
      vertex -48.2202 44.67 5.9464
    endloop
  endfacet
  facet normal 0 0 -1
    outer loop
      vertex -47.979 45.5701 5.9464
      vertex -48.5949 45.9257 5.9464
      vertex -48.1958 46.4458 5.9464
    endloop
  endfacet
  facet normal 0 0 -1
    outer loop
      vertex -48.9314 44.67 5.9464
      vertex -48.2202 44.67 5.9464
      vertex -48.8458 44.02 5.9464
    endloop
  endfacet
  facet normal 0 0 -1
    outer loop
      vertex -48.1589 45.1359 5.9464
      vertex -48.8458 45.32 5.9464
      vertex -48.5949 45.9257 5.9464
    endloop
  endfacet
  facet normal 0 0 -1
    outer loop
      vertex -48.2202 44.67 5.9464
      vertex -48.9314 44.67 5.9464
      vertex -48.8458 45.32 5.9464
    endloop
  endfacet
  facet normal -0.608816 0.793312 0
    outer loop
      vertex -45.1471 -45.9429 5.9464
      vertex -45.5199 -46.229 12.4
      vertex -45.1471 -45.9429 12.4
    endloop
  endfacet
  facet normal -0.608816 0.793312 0
    outer loop
      vertex -45.5199 -46.229 12.4
      vertex -45.1471 -45.9429 5.9464
      vertex -45.5199 -46.229 5.9464
    endloop
  endfacet
  facet normal 0.923843 -0.382771 0
    outer loop
      vertex -48.1589 -44.2041 12.4
      vertex -47.979 -43.7699 5.9464
      vertex -47.979 -43.7699 12.4
    endloop
  endfacet
  facet normal 0.923843 -0.382771 0
    outer loop
      vertex -47.979 -43.7699 5.9464
      vertex -48.1589 -44.2041 12.4
      vertex -48.1589 -44.2041 5.9464
    endloop
  endfacet
  facet normal -0.923843 0.382771 0
    outer loop
      vertex -44.861 -45.5701 5.9464
      vertex -44.6811 -45.1359 12.4
      vertex -44.6811 -45.1359 5.9464
    endloop
  endfacet
  facet normal -0.923843 0.382771 0
    outer loop
      vertex -44.6811 -45.1359 12.4
      vertex -44.861 -45.5701 5.9464
      vertex -44.861 -45.5701 12.4
    endloop
  endfacet
  facet normal -0.991455 0.130449 0
    outer loop
      vertex -44.6811 -45.1359 5.9464
      vertex -44.6198 -44.67 12.4
      vertex -44.6198 -44.67 5.9464
    endloop
  endfacet
  facet normal -0.991455 0.130449 0
    outer loop
      vertex -44.6198 -44.67 12.4
      vertex -44.6811 -45.1359 5.9464
      vertex -44.6811 -45.1359 12.4
    endloop
  endfacet
  facet normal -0.793312 0.608816 0
    outer loop
      vertex -45.1471 -45.9429 5.9464
      vertex -44.861 -45.5701 12.4
      vertex -44.861 -45.5701 5.9464
    endloop
  endfacet
  facet normal -0.793312 0.608816 0
    outer loop
      vertex -44.861 -45.5701 12.4
      vertex -45.1471 -45.9429 5.9464
      vertex -45.1471 -45.9429 12.4
    endloop
  endfacet
  facet normal 0.991455 0.130449 0
    outer loop
      vertex -48.1589 -45.1359 12.4
      vertex -48.2202 -44.67 5.9464
      vertex -48.2202 -44.67 12.4
    endloop
  endfacet
  facet normal 0.991455 0.130449 0
    outer loop
      vertex -48.2202 -44.67 5.9464
      vertex -48.1589 -45.1359 12.4
      vertex -48.1589 -45.1359 5.9464
    endloop
  endfacet
  facet normal 0.608816 0.793312 -0
    outer loop
      vertex -47.3201 -46.229 5.9464
      vertex -47.6929 -45.9429 12.4
      vertex -47.3201 -46.229 12.4
    endloop
  endfacet
  facet normal 0.608816 0.793312 0
    outer loop
      vertex -47.6929 -45.9429 12.4
      vertex -47.3201 -46.229 5.9464
      vertex -47.6929 -45.9429 5.9464
    endloop
  endfacet
  facet normal 0.130449 0.991455 -0
    outer loop
      vertex -46.42 -46.4702 5.9464
      vertex -46.8859 -46.4089 12.4
      vertex -46.42 -46.4702 12.4
    endloop
  endfacet
  facet normal 0.130449 0.991455 0
    outer loop
      vertex -46.8859 -46.4089 12.4
      vertex -46.42 -46.4702 5.9464
      vertex -46.8859 -46.4089 5.9464
    endloop
  endfacet
  facet normal 0.991455 -0.130449 0
    outer loop
      vertex -48.2202 -44.67 12.4
      vertex -48.1589 -44.2041 5.9464
      vertex -48.1589 -44.2041 12.4
    endloop
  endfacet
  facet normal 0.991455 -0.130449 0
    outer loop
      vertex -48.1589 -44.2041 5.9464
      vertex -48.2202 -44.67 12.4
      vertex -48.2202 -44.67 5.9464
    endloop
  endfacet
  facet normal -0.991455 -0.130449 0
    outer loop
      vertex -44.6198 -44.67 5.9464
      vertex -44.6811 -44.2041 12.4
      vertex -44.6811 -44.2041 5.9464
    endloop
  endfacet
  facet normal -0.991455 -0.130449 0
    outer loop
      vertex -44.6811 -44.2041 12.4
      vertex -44.6198 -44.67 5.9464
      vertex -44.6198 -44.67 12.4
    endloop
  endfacet
  facet normal 0.382771 0.923843 -0
    outer loop
      vertex -46.8859 -46.4089 5.9464
      vertex -47.3201 -46.229 12.4
      vertex -46.8859 -46.4089 12.4
    endloop
  endfacet
  facet normal 0.382771 0.923843 0
    outer loop
      vertex -47.3201 -46.229 12.4
      vertex -46.8859 -46.4089 5.9464
      vertex -47.3201 -46.229 5.9464
    endloop
  endfacet
  facet normal -0.923843 -0.382771 0
    outer loop
      vertex -44.6811 -44.2041 5.9464
      vertex -44.861 -43.7699 12.4
      vertex -44.861 -43.7699 5.9464
    endloop
  endfacet
  facet normal -0.923843 -0.382771 0
    outer loop
      vertex -44.861 -43.7699 12.4
      vertex -44.6811 -44.2041 5.9464
      vertex -44.6811 -44.2041 12.4
    endloop
  endfacet
  facet normal -0.382771 -0.923843 0
    outer loop
      vertex -45.9541 -42.9311 5.9464
      vertex -45.5199 -43.111 12.4
      vertex -45.9541 -42.9311 12.4
    endloop
  endfacet
  facet normal -0.382771 -0.923843 -0
    outer loop
      vertex -45.5199 -43.111 12.4
      vertex -45.9541 -42.9311 5.9464
      vertex -45.5199 -43.111 5.9464
    endloop
  endfacet
  facet normal 0.793312 0.608816 0
    outer loop
      vertex -47.6929 -45.9429 12.4
      vertex -47.979 -45.5701 5.9464
      vertex -47.979 -45.5701 12.4
    endloop
  endfacet
  facet normal 0.793312 0.608816 0
    outer loop
      vertex -47.979 -45.5701 5.9464
      vertex -47.6929 -45.9429 12.4
      vertex -47.6929 -45.9429 5.9464
    endloop
  endfacet
  facet normal 0.793312 -0.608816 0
    outer loop
      vertex -47.979 -43.7699 12.4
      vertex -47.6929 -43.3971 5.9464
      vertex -47.6929 -43.3971 12.4
    endloop
  endfacet
  facet normal 0.793312 -0.608816 0
    outer loop
      vertex -47.6929 -43.3971 5.9464
      vertex -47.979 -43.7699 12.4
      vertex -47.979 -43.7699 5.9464
    endloop
  endfacet
  facet normal -0.130449 -0.991455 0
    outer loop
      vertex -46.42 -42.8698 5.9464
      vertex -45.9541 -42.9311 12.4
      vertex -46.42 -42.8698 12.4
    endloop
  endfacet
  facet normal -0.130449 -0.991455 -0
    outer loop
      vertex -45.9541 -42.9311 12.4
      vertex -46.42 -42.8698 5.9464
      vertex -45.9541 -42.9311 5.9464
    endloop
  endfacet
  facet normal -0.608816 -0.793312 0
    outer loop
      vertex -45.5199 -43.111 5.9464
      vertex -45.1471 -43.3971 12.4
      vertex -45.5199 -43.111 12.4
    endloop
  endfacet
  facet normal -0.608816 -0.793312 -0
    outer loop
      vertex -45.1471 -43.3971 12.4
      vertex -45.5199 -43.111 5.9464
      vertex -45.1471 -43.3971 5.9464
    endloop
  endfacet
  facet normal 0.130449 -0.991455 0
    outer loop
      vertex -46.8859 -42.9311 5.9464
      vertex -46.42 -42.8698 12.4
      vertex -46.8859 -42.9311 12.4
    endloop
  endfacet
  facet normal 0.130449 -0.991455 0
    outer loop
      vertex -46.42 -42.8698 12.4
      vertex -46.8859 -42.9311 5.9464
      vertex -46.42 -42.8698 5.9464
    endloop
  endfacet
  facet normal -0.793312 -0.608816 0
    outer loop
      vertex -44.861 -43.7699 5.9464
      vertex -45.1471 -43.3971 12.4
      vertex -45.1471 -43.3971 5.9464
    endloop
  endfacet
  facet normal -0.793312 -0.608816 0
    outer loop
      vertex -45.1471 -43.3971 12.4
      vertex -44.861 -43.7699 5.9464
      vertex -44.861 -43.7699 12.4
    endloop
  endfacet
  facet normal -0.130449 0.991455 0
    outer loop
      vertex -45.9541 -46.4089 5.9464
      vertex -46.42 -46.4702 12.4
      vertex -45.9541 -46.4089 12.4
    endloop
  endfacet
  facet normal -0.130449 0.991455 0
    outer loop
      vertex -46.42 -46.4702 12.4
      vertex -45.9541 -46.4089 5.9464
      vertex -46.42 -46.4702 5.9464
    endloop
  endfacet
  facet normal -0.382771 0.923843 0
    outer loop
      vertex -45.5199 -46.229 5.9464
      vertex -45.9541 -46.4089 12.4
      vertex -45.5199 -46.229 12.4
    endloop
  endfacet
  facet normal -0.382771 0.923843 0
    outer loop
      vertex -45.9541 -46.4089 12.4
      vertex -45.5199 -46.229 5.9464
      vertex -45.9541 -46.4089 5.9464
    endloop
  endfacet
  facet normal 0.608816 -0.793312 0
    outer loop
      vertex -47.6929 -43.3971 5.9464
      vertex -47.3201 -43.111 12.4
      vertex -47.6929 -43.3971 12.4
    endloop
  endfacet
  facet normal 0.608816 -0.793312 0
    outer loop
      vertex -47.3201 -43.111 12.4
      vertex -47.6929 -43.3971 5.9464
      vertex -47.3201 -43.111 5.9464
    endloop
  endfacet
  facet normal 0.923843 0.382771 0
    outer loop
      vertex -47.979 -45.5701 12.4
      vertex -48.1589 -45.1359 5.9464
      vertex -48.1589 -45.1359 12.4
    endloop
  endfacet
  facet normal 0.923843 0.382771 0
    outer loop
      vertex -48.1589 -45.1359 5.9464
      vertex -47.979 -45.5701 12.4
      vertex -47.979 -45.5701 5.9464
    endloop
  endfacet
  facet normal 0.382771 -0.923843 0
    outer loop
      vertex -47.3201 -43.111 5.9464
      vertex -46.8859 -42.9311 12.4
      vertex -47.3201 -43.111 12.4
    endloop
  endfacet
  facet normal 0.382771 -0.923843 0
    outer loop
      vertex -46.8859 -42.9311 12.4
      vertex -47.3201 -43.111 5.9464
      vertex -46.8859 -42.9311 5.9464
    endloop
  endfacet
  facet normal -0.923874 0.382698 0
    outer loop
      vertex -44.2451 -45.9257 -19.15
      vertex -43.9942 -45.32 -19.15
      vertex -43.9942 -45.32 -22.2
    endloop
  endfacet
  facet normal -0.923874 0.382698 0
    outer loop
      vertex -44.2451 -45.9257 -19.15
      vertex -43.9942 -45.32 -22.2
      vertex -44.2451 -45.9257 -22.2
    endloop
  endfacet
  facet normal -0.923874 0.382698 0
    outer loop
      vertex -43.9942 -45.32 -19.15
      vertex -44.2451 -45.9257 -19.15
      vertex -43.9942 -45.32 5.9464
    endloop
  endfacet
  facet normal -0.923874 0.382698 0
    outer loop
      vertex -43.9942 -45.32 5.9464
      vertex -44.2451 -45.9257 -19.15
      vertex -44.2451 -45.9257 5.9464
    endloop
  endfacet
  facet normal -0.99144 0.130565 0
    outer loop
      vertex -43.9942 -45.32 -19.15
      vertex -43.9086 -44.67 -19.15
      vertex -43.9086 -44.67 -22.2
    endloop
  endfacet
  facet normal -0.99144 0.130565 0
    outer loop
      vertex -43.9942 -45.32 -19.15
      vertex -43.9086 -44.67 -22.2
      vertex -43.9942 -45.32 -22.2
    endloop
  endfacet
  facet normal -0.99144 0.130565 0
    outer loop
      vertex -43.9086 -44.67 -19.15
      vertex -43.9942 -45.32 -19.15
      vertex -43.9086 -44.67 5.9464
    endloop
  endfacet
  facet normal -0.99144 0.130565 0
    outer loop
      vertex -43.9086 -44.67 5.9464
      vertex -43.9942 -45.32 -19.15
      vertex -43.9942 -45.32 5.9464
    endloop
  endfacet
  facet normal -0.793344 0.608774 0
    outer loop
      vertex -44.6442 -46.4458 -19.15
      vertex -44.2451 -45.9257 -19.15
      vertex -44.2451 -45.9257 -22.2
    endloop
  endfacet
  facet normal -0.793344 0.608774 0
    outer loop
      vertex -44.6442 -46.4458 -19.15
      vertex -44.2451 -45.9257 -22.2
      vertex -44.6442 -46.4458 -22.2
    endloop
  endfacet
  facet normal -0.793344 0.608774 0
    outer loop
      vertex -44.2451 -45.9257 -19.15
      vertex -44.6442 -46.4458 -19.15
      vertex -44.2451 -45.9257 5.9464
    endloop
  endfacet
  facet normal -0.793344 0.608774 0
    outer loop
      vertex -44.2451 -45.9257 5.9464
      vertex -44.6442 -46.4458 -19.15
      vertex -44.6442 -46.4458 5.9464
    endloop
  endfacet
  facet normal -0.130565 0.99144 0
    outer loop
      vertex -45.77 -47.0958 -19.15
      vertex -46.42 -47.1814 5.9464
      vertex -45.77 -47.0958 5.9464
    endloop
  endfacet
  facet normal -0.130565 0.99144 0
    outer loop
      vertex -45.77 -47.0958 -19.15
      vertex -46.42 -47.1814 -19.15
      vertex -46.42 -47.1814 5.9464
    endloop
  endfacet
  facet normal -0.130565 0.99144 0
    outer loop
      vertex -45.77 -47.0958 -22.2
      vertex -46.42 -47.1814 -19.15
      vertex -45.77 -47.0958 -19.15
    endloop
  endfacet
  facet normal -0.130565 0.99144 0
    outer loop
      vertex -46.42 -47.1814 -19.15
      vertex -45.77 -47.0958 -22.2
      vertex -46.42 -47.1814 -22.2
    endloop
  endfacet
  facet normal -0.793344 -0.608774 0
    outer loop
      vertex -44.2451 -43.4143 -19.15
      vertex -44.6442 -42.8942 -19.15
      vertex -44.6442 -42.8942 -22.2
    endloop
  endfacet
  facet normal -0.793344 -0.608774 -0
    outer loop
      vertex -44.2451 -43.4143 -19.15
      vertex -44.6442 -42.8942 -22.2
      vertex -44.2451 -43.4143 -22.2
    endloop
  endfacet
  facet normal -0.793344 -0.608774 0
    outer loop
      vertex -44.6442 -42.8942 -19.15
      vertex -44.2451 -43.4143 -19.15
      vertex -44.6442 -42.8942 5.9464
    endloop
  endfacet
  facet normal -0.793344 -0.608774 0
    outer loop
      vertex -44.6442 -42.8942 5.9464
      vertex -44.2451 -43.4143 -19.15
      vertex -44.2451 -43.4143 5.9464
    endloop
  endfacet
  facet normal -0.608774 0.793344 0
    outer loop
      vertex -44.6442 -46.4458 -19.15
      vertex -45.1643 -46.8449 5.9464
      vertex -44.6442 -46.4458 5.9464
    endloop
  endfacet
  facet normal -0.608774 0.793344 0
    outer loop
      vertex -44.6442 -46.4458 -19.15
      vertex -45.1643 -46.8449 -19.15
      vertex -45.1643 -46.8449 5.9464
    endloop
  endfacet
  facet normal -0.608774 0.793344 0
    outer loop
      vertex -44.6442 -46.4458 -22.2
      vertex -45.1643 -46.8449 -19.15
      vertex -44.6442 -46.4458 -19.15
    endloop
  endfacet
  facet normal -0.608774 0.793344 0
    outer loop
      vertex -45.1643 -46.8449 -19.15
      vertex -44.6442 -46.4458 -22.2
      vertex -45.1643 -46.8449 -22.2
    endloop
  endfacet
  facet normal 0.608774 0.793344 -0
    outer loop
      vertex -47.6757 -46.8449 -19.15
      vertex -48.1958 -46.4458 5.9464
      vertex -47.6757 -46.8449 5.9464
    endloop
  endfacet
  facet normal 0.608774 0.793344 0
    outer loop
      vertex -47.6757 -46.8449 -19.15
      vertex -48.1958 -46.4458 -19.15
      vertex -48.1958 -46.4458 5.9464
    endloop
  endfacet
  facet normal 0.608774 0.793344 -0
    outer loop
      vertex -47.6757 -46.8449 -22.2
      vertex -48.1958 -46.4458 -19.15
      vertex -47.6757 -46.8449 -19.15
    endloop
  endfacet
  facet normal 0.608774 0.793344 0
    outer loop
      vertex -48.1958 -46.4458 -19.15
      vertex -47.6757 -46.8449 -22.2
      vertex -48.1958 -46.4458 -22.2
    endloop
  endfacet
  facet normal 0.923874 -0.382698 0
    outer loop
      vertex -48.8458 -44.02 -19.15
      vertex -48.5949 -43.4143 -19.15
      vertex -48.5949 -43.4143 5.9464
    endloop
  endfacet
  facet normal 0.923874 -0.382698 0
    outer loop
      vertex -48.8458 -44.02 -19.15
      vertex -48.5949 -43.4143 5.9464
      vertex -48.8458 -44.02 5.9464
    endloop
  endfacet
  facet normal 0.923874 -0.382698 0
    outer loop
      vertex -48.5949 -43.4143 -19.15
      vertex -48.8458 -44.02 -19.15
      vertex -48.5949 -43.4143 -22.2
    endloop
  endfacet
  facet normal 0.923874 -0.382698 0
    outer loop
      vertex -48.5949 -43.4143 -22.2
      vertex -48.8458 -44.02 -19.15
      vertex -48.8458 -44.02 -22.2
    endloop
  endfacet
  facet normal 0.793344 0.608774 0
    outer loop
      vertex -48.1958 -46.4458 -19.15
      vertex -48.5949 -45.9257 -19.15
      vertex -48.5949 -45.9257 5.9464
    endloop
  endfacet
  facet normal 0.793344 0.608774 -0
    outer loop
      vertex -48.1958 -46.4458 -19.15
      vertex -48.5949 -45.9257 5.9464
      vertex -48.1958 -46.4458 5.9464
    endloop
  endfacet
  facet normal 0.793344 0.608774 0
    outer loop
      vertex -48.5949 -45.9257 -19.15
      vertex -48.1958 -46.4458 -19.15
      vertex -48.5949 -45.9257 -22.2
    endloop
  endfacet
  facet normal 0.793344 0.608774 0
    outer loop
      vertex -48.5949 -45.9257 -22.2
      vertex -48.1958 -46.4458 -19.15
      vertex -48.1958 -46.4458 -22.2
    endloop
  endfacet
  facet normal -0.99144 -0.130565 0
    outer loop
      vertex -43.9086 -44.67 -19.15
      vertex -43.9942 -44.02 -19.15
      vertex -43.9942 -44.02 -22.2
    endloop
  endfacet
  facet normal -0.99144 -0.130565 -0
    outer loop
      vertex -43.9086 -44.67 -19.15
      vertex -43.9942 -44.02 -22.2
      vertex -43.9086 -44.67 -22.2
    endloop
  endfacet
  facet normal -0.99144 -0.130565 0
    outer loop
      vertex -43.9942 -44.02 -19.15
      vertex -43.9086 -44.67 -19.15
      vertex -43.9942 -44.02 5.9464
    endloop
  endfacet
  facet normal -0.99144 -0.130565 0
    outer loop
      vertex -43.9942 -44.02 5.9464
      vertex -43.9086 -44.67 -19.15
      vertex -43.9086 -44.67 5.9464
    endloop
  endfacet
  facet normal 0.130565 -0.99144 0
    outer loop
      vertex -47.07 -42.2442 -19.15
      vertex -46.42 -42.1586 5.9464
      vertex -47.07 -42.2442 5.9464
    endloop
  endfacet
  facet normal 0.130565 -0.99144 0
    outer loop
      vertex -47.07 -42.2442 -19.15
      vertex -46.42 -42.1586 -19.15
      vertex -46.42 -42.1586 5.9464
    endloop
  endfacet
  facet normal 0.130565 -0.99144 0
    outer loop
      vertex -47.07 -42.2442 -22.2
      vertex -46.42 -42.1586 -19.15
      vertex -47.07 -42.2442 -19.15
    endloop
  endfacet
  facet normal 0.130565 -0.99144 0
    outer loop
      vertex -46.42 -42.1586 -19.15
      vertex -47.07 -42.2442 -22.2
      vertex -46.42 -42.1586 -22.2
    endloop
  endfacet
  facet normal -0.382698 0.923874 0
    outer loop
      vertex -45.1643 -46.8449 -19.15
      vertex -45.77 -47.0958 5.9464
      vertex -45.1643 -46.8449 5.9464
    endloop
  endfacet
  facet normal -0.382698 0.923874 0
    outer loop
      vertex -45.1643 -46.8449 -19.15
      vertex -45.77 -47.0958 -19.15
      vertex -45.77 -47.0958 5.9464
    endloop
  endfacet
  facet normal -0.382698 0.923874 0
    outer loop
      vertex -45.1643 -46.8449 -22.2
      vertex -45.77 -47.0958 -19.15
      vertex -45.1643 -46.8449 -19.15
    endloop
  endfacet
  facet normal -0.382698 0.923874 0
    outer loop
      vertex -45.77 -47.0958 -19.15
      vertex -45.1643 -46.8449 -22.2
      vertex -45.77 -47.0958 -22.2
    endloop
  endfacet
  facet normal -0.130565 -0.99144 0
    outer loop
      vertex -46.42 -42.1586 -19.15
      vertex -45.77 -42.2442 5.9464
      vertex -46.42 -42.1586 5.9464
    endloop
  endfacet
  facet normal -0.130565 -0.99144 0
    outer loop
      vertex -46.42 -42.1586 -19.15
      vertex -45.77 -42.2442 -19.15
      vertex -45.77 -42.2442 5.9464
    endloop
  endfacet
  facet normal -0.130565 -0.99144 0
    outer loop
      vertex -46.42 -42.1586 -22.2
      vertex -45.77 -42.2442 -19.15
      vertex -46.42 -42.1586 -19.15
    endloop
  endfacet
  facet normal -0.130565 -0.99144 -0
    outer loop
      vertex -45.77 -42.2442 -19.15
      vertex -46.42 -42.1586 -22.2
      vertex -45.77 -42.2442 -22.2
    endloop
  endfacet
  facet normal -0.923874 -0.382698 0
    outer loop
      vertex -43.9942 -44.02 -19.15
      vertex -44.2451 -43.4143 -19.15
      vertex -44.2451 -43.4143 -22.2
    endloop
  endfacet
  facet normal -0.923874 -0.382698 -0
    outer loop
      vertex -43.9942 -44.02 -19.15
      vertex -44.2451 -43.4143 -22.2
      vertex -43.9942 -44.02 -22.2
    endloop
  endfacet
  facet normal -0.923874 -0.382698 0
    outer loop
      vertex -44.2451 -43.4143 -19.15
      vertex -43.9942 -44.02 -19.15
      vertex -44.2451 -43.4143 5.9464
    endloop
  endfacet
  facet normal -0.923874 -0.382698 0
    outer loop
      vertex -44.2451 -43.4143 5.9464
      vertex -43.9942 -44.02 -19.15
      vertex -43.9942 -44.02 5.9464
    endloop
  endfacet
  facet normal -0.382698 -0.923874 0
    outer loop
      vertex -45.77 -42.2442 -19.15
      vertex -45.1643 -42.4951 5.9464
      vertex -45.77 -42.2442 5.9464
    endloop
  endfacet
  facet normal -0.382698 -0.923874 0
    outer loop
      vertex -45.77 -42.2442 -19.15
      vertex -45.1643 -42.4951 -19.15
      vertex -45.1643 -42.4951 5.9464
    endloop
  endfacet
  facet normal -0.382698 -0.923874 0
    outer loop
      vertex -45.77 -42.2442 -22.2
      vertex -45.1643 -42.4951 -19.15
      vertex -45.77 -42.2442 -19.15
    endloop
  endfacet
  facet normal -0.382698 -0.923874 -0
    outer loop
      vertex -45.1643 -42.4951 -19.15
      vertex -45.77 -42.2442 -22.2
      vertex -45.1643 -42.4951 -22.2
    endloop
  endfacet
  facet normal 0.99144 -0.130565 0
    outer loop
      vertex -48.9314 -44.67 -19.15
      vertex -48.8458 -44.02 -19.15
      vertex -48.8458 -44.02 5.9464
    endloop
  endfacet
  facet normal 0.99144 -0.130565 0
    outer loop
      vertex -48.9314 -44.67 -19.15
      vertex -48.8458 -44.02 5.9464
      vertex -48.9314 -44.67 5.9464
    endloop
  endfacet
  facet normal 0.99144 -0.130565 0
    outer loop
      vertex -48.8458 -44.02 -19.15
      vertex -48.9314 -44.67 -19.15
      vertex -48.8458 -44.02 -22.2
    endloop
  endfacet
  facet normal 0.99144 -0.130565 0
    outer loop
      vertex -48.8458 -44.02 -22.2
      vertex -48.9314 -44.67 -19.15
      vertex -48.9314 -44.67 -22.2
    endloop
  endfacet
  facet normal 0.382698 0.923874 -0
    outer loop
      vertex -47.07 -47.0958 -19.15
      vertex -47.6757 -46.8449 5.9464
      vertex -47.07 -47.0958 5.9464
    endloop
  endfacet
  facet normal 0.382698 0.923874 0
    outer loop
      vertex -47.07 -47.0958 -19.15
      vertex -47.6757 -46.8449 -19.15
      vertex -47.6757 -46.8449 5.9464
    endloop
  endfacet
  facet normal 0.382698 0.923874 -0
    outer loop
      vertex -47.07 -47.0958 -22.2
      vertex -47.6757 -46.8449 -19.15
      vertex -47.07 -47.0958 -19.15
    endloop
  endfacet
  facet normal 0.382698 0.923874 0
    outer loop
      vertex -47.6757 -46.8449 -19.15
      vertex -47.07 -47.0958 -22.2
      vertex -47.6757 -46.8449 -22.2
    endloop
  endfacet
  facet normal -0.608774 -0.793344 0
    outer loop
      vertex -45.1643 -42.4951 -19.15
      vertex -44.6442 -42.8942 5.9464
      vertex -45.1643 -42.4951 5.9464
    endloop
  endfacet
  facet normal -0.608774 -0.793344 0
    outer loop
      vertex -45.1643 -42.4951 -19.15
      vertex -44.6442 -42.8942 -19.15
      vertex -44.6442 -42.8942 5.9464
    endloop
  endfacet
  facet normal -0.608774 -0.793344 0
    outer loop
      vertex -45.1643 -42.4951 -22.2
      vertex -44.6442 -42.8942 -19.15
      vertex -45.1643 -42.4951 -19.15
    endloop
  endfacet
  facet normal -0.608774 -0.793344 -0
    outer loop
      vertex -44.6442 -42.8942 -19.15
      vertex -45.1643 -42.4951 -22.2
      vertex -44.6442 -42.8942 -22.2
    endloop
  endfacet
  facet normal 0.130565 0.99144 -0
    outer loop
      vertex -46.42 -47.1814 -19.15
      vertex -47.07 -47.0958 5.9464
      vertex -46.42 -47.1814 5.9464
    endloop
  endfacet
  facet normal 0.130565 0.99144 0
    outer loop
      vertex -46.42 -47.1814 -19.15
      vertex -47.07 -47.0958 -19.15
      vertex -47.07 -47.0958 5.9464
    endloop
  endfacet
  facet normal 0.130565 0.99144 -0
    outer loop
      vertex -46.42 -47.1814 -22.2
      vertex -47.07 -47.0958 -19.15
      vertex -46.42 -47.1814 -19.15
    endloop
  endfacet
  facet normal 0.130565 0.99144 0
    outer loop
      vertex -47.07 -47.0958 -19.15
      vertex -46.42 -47.1814 -22.2
      vertex -47.07 -47.0958 -22.2
    endloop
  endfacet
  facet normal 0.608774 -0.793344 0
    outer loop
      vertex -48.1958 -42.8942 -19.15
      vertex -47.6757 -42.4951 5.9464
      vertex -48.1958 -42.8942 5.9464
    endloop
  endfacet
  facet normal 0.608774 -0.793344 0
    outer loop
      vertex -48.1958 -42.8942 -19.15
      vertex -47.6757 -42.4951 -19.15
      vertex -47.6757 -42.4951 5.9464
    endloop
  endfacet
  facet normal 0.608774 -0.793344 0
    outer loop
      vertex -48.1958 -42.8942 -22.2
      vertex -47.6757 -42.4951 -19.15
      vertex -48.1958 -42.8942 -19.15
    endloop
  endfacet
  facet normal 0.608774 -0.793344 0
    outer loop
      vertex -47.6757 -42.4951 -19.15
      vertex -48.1958 -42.8942 -22.2
      vertex -47.6757 -42.4951 -22.2
    endloop
  endfacet
  facet normal 0.99144 0.130565 0
    outer loop
      vertex -48.8458 -45.32 -19.15
      vertex -48.9314 -44.67 -19.15
      vertex -48.9314 -44.67 5.9464
    endloop
  endfacet
  facet normal 0.99144 0.130565 -0
    outer loop
      vertex -48.8458 -45.32 -19.15
      vertex -48.9314 -44.67 5.9464
      vertex -48.8458 -45.32 5.9464
    endloop
  endfacet
  facet normal 0.99144 0.130565 0
    outer loop
      vertex -48.9314 -44.67 -19.15
      vertex -48.8458 -45.32 -19.15
      vertex -48.9314 -44.67 -22.2
    endloop
  endfacet
  facet normal 0.99144 0.130565 0
    outer loop
      vertex -48.9314 -44.67 -22.2
      vertex -48.8458 -45.32 -19.15
      vertex -48.8458 -45.32 -22.2
    endloop
  endfacet
  facet normal 0.793344 -0.608774 0
    outer loop
      vertex -48.5949 -43.4143 -19.15
      vertex -48.1958 -42.8942 -19.15
      vertex -48.1958 -42.8942 5.9464
    endloop
  endfacet
  facet normal 0.793344 -0.608774 0
    outer loop
      vertex -48.5949 -43.4143 -19.15
      vertex -48.1958 -42.8942 5.9464
      vertex -48.5949 -43.4143 5.9464
    endloop
  endfacet
  facet normal 0.793344 -0.608774 0
    outer loop
      vertex -48.1958 -42.8942 -19.15
      vertex -48.5949 -43.4143 -19.15
      vertex -48.1958 -42.8942 -22.2
    endloop
  endfacet
  facet normal 0.793344 -0.608774 0
    outer loop
      vertex -48.1958 -42.8942 -22.2
      vertex -48.5949 -43.4143 -19.15
      vertex -48.5949 -43.4143 -22.2
    endloop
  endfacet
  facet normal 0.382698 -0.923874 0
    outer loop
      vertex -47.6757 -42.4951 -19.15
      vertex -47.07 -42.2442 5.9464
      vertex -47.6757 -42.4951 5.9464
    endloop
  endfacet
  facet normal 0.382698 -0.923874 0
    outer loop
      vertex -47.6757 -42.4951 -19.15
      vertex -47.07 -42.2442 -19.15
      vertex -47.07 -42.2442 5.9464
    endloop
  endfacet
  facet normal 0.382698 -0.923874 0
    outer loop
      vertex -47.6757 -42.4951 -22.2
      vertex -47.07 -42.2442 -19.15
      vertex -47.6757 -42.4951 -19.15
    endloop
  endfacet
  facet normal 0.382698 -0.923874 0
    outer loop
      vertex -47.07 -42.2442 -19.15
      vertex -47.6757 -42.4951 -22.2
      vertex -47.07 -42.2442 -22.2
    endloop
  endfacet
  facet normal 0.923874 0.382698 0
    outer loop
      vertex -48.5949 -45.9257 -19.15
      vertex -48.8458 -45.32 -19.15
      vertex -48.8458 -45.32 5.9464
    endloop
  endfacet
  facet normal 0.923874 0.382698 -0
    outer loop
      vertex -48.5949 -45.9257 -19.15
      vertex -48.8458 -45.32 5.9464
      vertex -48.5949 -45.9257 5.9464
    endloop
  endfacet
  facet normal 0.923874 0.382698 0
    outer loop
      vertex -48.8458 -45.32 -19.15
      vertex -48.5949 -45.9257 -19.15
      vertex -48.8458 -45.32 -22.2
    endloop
  endfacet
  facet normal 0.923874 0.382698 0
    outer loop
      vertex -48.8458 -45.32 -22.2
      vertex -48.5949 -45.9257 -19.15
      vertex -48.5949 -45.9257 -22.2
    endloop
  endfacet
  facet normal 0 0 -1
    outer loop
      vertex -44.6198 -44.67 5.9464
      vertex -43.9086 -44.67 5.9464
      vertex -43.9942 -45.32 5.9464
    endloop
  endfacet
  facet normal 0 0 -1
    outer loop
      vertex -44.6811 -45.1359 5.9464
      vertex -43.9942 -45.32 5.9464
      vertex -44.2451 -45.9257 5.9464
    endloop
  endfacet
  facet normal 0 0 -1
    outer loop
      vertex -43.9086 -44.67 5.9464
      vertex -44.6198 -44.67 5.9464
      vertex -43.9942 -44.02 5.9464
    endloop
  endfacet
  facet normal 0 0 -1
    outer loop
      vertex -44.6811 -44.2041 5.9464
      vertex -43.9942 -44.02 5.9464
      vertex -44.6198 -44.67 5.9464
    endloop
  endfacet
  facet normal 0 0 -1
    outer loop
      vertex -44.861 -45.5701 5.9464
      vertex -44.2451 -45.9257 5.9464
      vertex -44.6442 -46.4458 5.9464
    endloop
  endfacet
  facet normal 0 0 -1
    outer loop
      vertex -43.9942 -45.32 5.9464
      vertex -44.6811 -45.1359 5.9464
      vertex -44.6198 -44.67 5.9464
    endloop
  endfacet
  facet normal 0 0 -1
    outer loop
      vertex -44.2451 -45.9257 5.9464
      vertex -44.861 -45.5701 5.9464
      vertex -44.6811 -45.1359 5.9464
    endloop
  endfacet
  facet normal 0 0 -1
    outer loop
      vertex -44.6442 -46.4458 5.9464
      vertex -45.1471 -45.9429 5.9464
      vertex -44.861 -45.5701 5.9464
    endloop
  endfacet
  facet normal 0 0 -1
    outer loop
      vertex -45.1643 -46.8449 5.9464
      vertex -45.1471 -45.9429 5.9464
      vertex -44.6442 -46.4458 5.9464
    endloop
  endfacet
  facet normal 0 0 -1
    outer loop
      vertex -45.1643 -46.8449 5.9464
      vertex -45.5199 -46.229 5.9464
      vertex -45.1471 -45.9429 5.9464
    endloop
  endfacet
  facet normal 0 0 -1
    outer loop
      vertex -45.77 -47.0958 5.9464
      vertex -45.5199 -46.229 5.9464
      vertex -45.1643 -46.8449 5.9464
    endloop
  endfacet
  facet normal 0 0 -1
    outer loop
      vertex -45.77 -47.0958 5.9464
      vertex -45.9541 -46.4089 5.9464
      vertex -45.5199 -46.229 5.9464
    endloop
  endfacet
  facet normal 0 0 -1
    outer loop
      vertex -46.42 -47.1814 5.9464
      vertex -45.9541 -46.4089 5.9464
      vertex -45.77 -47.0958 5.9464
    endloop
  endfacet
  facet normal 0 0 -1
    outer loop
      vertex -46.42 -47.1814 5.9464
      vertex -46.42 -46.4702 5.9464
      vertex -45.9541 -46.4089 5.9464
    endloop
  endfacet
  facet normal 0 0 -1
    outer loop
      vertex -46.42 -47.1814 5.9464
      vertex -46.8859 -46.4089 5.9464
      vertex -46.42 -46.4702 5.9464
    endloop
  endfacet
  facet normal 0 0 -1
    outer loop
      vertex -47.07 -47.0958 5.9464
      vertex -46.8859 -46.4089 5.9464
      vertex -46.42 -47.1814 5.9464
    endloop
  endfacet
  facet normal 0 0 -1
    outer loop
      vertex -47.07 -47.0958 5.9464
      vertex -47.3201 -46.229 5.9464
      vertex -46.8859 -46.4089 5.9464
    endloop
  endfacet
  facet normal 0 0 -1
    outer loop
      vertex -47.6757 -46.8449 5.9464
      vertex -47.3201 -46.229 5.9464
      vertex -47.07 -47.0958 5.9464
    endloop
  endfacet
  facet normal 0 0 -1
    outer loop
      vertex -47.6757 -46.8449 5.9464
      vertex -47.6929 -45.9429 5.9464
      vertex -47.3201 -46.229 5.9464
    endloop
  endfacet
  facet normal 0 0 -1
    outer loop
      vertex -48.1958 -46.4458 5.9464
      vertex -47.6929 -45.9429 5.9464
      vertex -47.6757 -46.8449 5.9464
    endloop
  endfacet
  facet normal -0 0 -1
    outer loop
      vertex -47.6929 -45.9429 5.9464
      vertex -48.1958 -46.4458 5.9464
      vertex -47.979 -45.5701 5.9464
    endloop
  endfacet
  facet normal 0 0 -1
    outer loop
      vertex -48.5949 -45.9257 5.9464
      vertex -47.979 -45.5701 5.9464
      vertex -48.1958 -46.4458 5.9464
    endloop
  endfacet
  facet normal -0 0 -1
    outer loop
      vertex -47.979 -45.5701 5.9464
      vertex -48.5949 -45.9257 5.9464
      vertex -48.1589 -45.1359 5.9464
    endloop
  endfacet
  facet normal 0 0 -1
    outer loop
      vertex -48.8458 -45.32 5.9464
      vertex -48.1589 -45.1359 5.9464
      vertex -48.5949 -45.9257 5.9464
    endloop
  endfacet
  facet normal -0 0 -1
    outer loop
      vertex -43.9942 -44.02 5.9464
      vertex -44.6811 -44.2041 5.9464
      vertex -44.2451 -43.4143 5.9464
    endloop
  endfacet
  facet normal 0 0 -1
    outer loop
      vertex -44.861 -43.7699 5.9464
      vertex -44.2451 -43.4143 5.9464
      vertex -44.6811 -44.2041 5.9464
    endloop
  endfacet
  facet normal -0 0 -1
    outer loop
      vertex -44.2451 -43.4143 5.9464
      vertex -44.861 -43.7699 5.9464
      vertex -44.6442 -42.8942 5.9464
    endloop
  endfacet
  facet normal 0 0 -1
    outer loop
      vertex -45.1471 -43.3971 5.9464
      vertex -44.6442 -42.8942 5.9464
      vertex -44.861 -43.7699 5.9464
    endloop
  endfacet
  facet normal 0 0 -1
    outer loop
      vertex -45.1471 -43.3971 5.9464
      vertex -45.1643 -42.4951 5.9464
      vertex -44.6442 -42.8942 5.9464
    endloop
  endfacet
  facet normal 0 0 -1
    outer loop
      vertex -45.5199 -43.111 5.9464
      vertex -45.1643 -42.4951 5.9464
      vertex -45.1471 -43.3971 5.9464
    endloop
  endfacet
  facet normal 0 0 -1
    outer loop
      vertex -45.5199 -43.111 5.9464
      vertex -45.77 -42.2442 5.9464
      vertex -45.1643 -42.4951 5.9464
    endloop
  endfacet
  facet normal 0 0 -1
    outer loop
      vertex -45.9541 -42.9311 5.9464
      vertex -45.77 -42.2442 5.9464
      vertex -45.5199 -43.111 5.9464
    endloop
  endfacet
  facet normal 0 0 -1
    outer loop
      vertex -46.42 -42.8698 5.9464
      vertex -45.77 -42.2442 5.9464
      vertex -45.9541 -42.9311 5.9464
    endloop
  endfacet
  facet normal 0 0 -1
    outer loop
      vertex -46.42 -42.8698 5.9464
      vertex -46.42 -42.1586 5.9464
      vertex -45.77 -42.2442 5.9464
    endloop
  endfacet
  facet normal 0 0 -1
    outer loop
      vertex -46.8859 -42.9311 5.9464
      vertex -46.42 -42.1586 5.9464
      vertex -46.42 -42.8698 5.9464
    endloop
  endfacet
  facet normal 0 0 -1
    outer loop
      vertex -46.8859 -42.9311 5.9464
      vertex -47.07 -42.2442 5.9464
      vertex -46.42 -42.1586 5.9464
    endloop
  endfacet
  facet normal 0 0 -1
    outer loop
      vertex -47.3201 -43.111 5.9464
      vertex -47.07 -42.2442 5.9464
      vertex -46.8859 -42.9311 5.9464
    endloop
  endfacet
  facet normal 0 0 -1
    outer loop
      vertex -47.3201 -43.111 5.9464
      vertex -47.6757 -42.4951 5.9464
      vertex -47.07 -42.2442 5.9464
    endloop
  endfacet
  facet normal 0 0 -1
    outer loop
      vertex -47.6929 -43.3971 5.9464
      vertex -47.6757 -42.4951 5.9464
      vertex -47.3201 -43.111 5.9464
    endloop
  endfacet
  facet normal 0 0 -1
    outer loop
      vertex -48.1958 -42.8942 5.9464
      vertex -47.6929 -43.3971 5.9464
      vertex -47.979 -43.7699 5.9464
    endloop
  endfacet
  facet normal 0 0 -1
    outer loop
      vertex -48.5949 -43.4143 5.9464
      vertex -47.979 -43.7699 5.9464
      vertex -48.1589 -44.2041 5.9464
    endloop
  endfacet
  facet normal 0 0 -1
    outer loop
      vertex -47.6929 -43.3971 5.9464
      vertex -48.1958 -42.8942 5.9464
      vertex -47.6757 -42.4951 5.9464
    endloop
  endfacet
  facet normal 0 0 -1
    outer loop
      vertex -48.8458 -44.02 5.9464
      vertex -48.1589 -44.2041 5.9464
      vertex -48.2202 -44.67 5.9464
    endloop
  endfacet
  facet normal -0 0 -1
    outer loop
      vertex -48.1589 -45.1359 5.9464
      vertex -48.8458 -45.32 5.9464
      vertex -48.2202 -44.67 5.9464
    endloop
  endfacet
  facet normal 0 0 -1
    outer loop
      vertex -47.979 -43.7699 5.9464
      vertex -48.5949 -43.4143 5.9464
      vertex -48.1958 -42.8942 5.9464
    endloop
  endfacet
  facet normal 0 0 -1
    outer loop
      vertex -48.9314 -44.67 5.9464
      vertex -48.2202 -44.67 5.9464
      vertex -48.8458 -45.32 5.9464
    endloop
  endfacet
  facet normal 0 0 -1
    outer loop
      vertex -48.1589 -44.2041 5.9464
      vertex -48.8458 -44.02 5.9464
      vertex -48.5949 -43.4143 5.9464
    endloop
  endfacet
  facet normal 0 0 -1
    outer loop
      vertex -48.2202 -44.67 5.9464
      vertex -48.9314 -44.67 5.9464
      vertex -48.8458 -44.02 5.9464
    endloop
  endfacet
  facet normal -0.608816 0.793312 0
    outer loop
      vertex 47.6929 43.3971 5.9464
      vertex 47.3201 43.111 12.4
      vertex 47.6929 43.3971 12.4
    endloop
  endfacet
  facet normal -0.608816 0.793312 0
    outer loop
      vertex 47.3201 43.111 12.4
      vertex 47.6929 43.3971 5.9464
      vertex 47.3201 43.111 5.9464
    endloop
  endfacet
  facet normal 0.923843 -0.382771 0
    outer loop
      vertex 44.6811 45.1359 12.4
      vertex 44.861 45.5701 5.9464
      vertex 44.861 45.5701 12.4
    endloop
  endfacet
  facet normal 0.923843 -0.382771 0
    outer loop
      vertex 44.861 45.5701 5.9464
      vertex 44.6811 45.1359 12.4
      vertex 44.6811 45.1359 5.9464
    endloop
  endfacet
  facet normal -0.923843 0.382771 0
    outer loop
      vertex 47.979 43.7699 5.9464
      vertex 48.1589 44.2041 12.4
      vertex 48.1589 44.2041 5.9464
    endloop
  endfacet
  facet normal -0.923843 0.382771 0
    outer loop
      vertex 48.1589 44.2041 12.4
      vertex 47.979 43.7699 5.9464
      vertex 47.979 43.7699 12.4
    endloop
  endfacet
  facet normal -0.991455 0.130449 0
    outer loop
      vertex 48.1589 44.2041 5.9464
      vertex 48.2202 44.67 12.4
      vertex 48.2202 44.67 5.9464
    endloop
  endfacet
  facet normal -0.991455 0.130449 0
    outer loop
      vertex 48.2202 44.67 12.4
      vertex 48.1589 44.2041 5.9464
      vertex 48.1589 44.2041 12.4
    endloop
  endfacet
  facet normal -0.793312 0.608816 0
    outer loop
      vertex 47.6929 43.3971 5.9464
      vertex 47.979 43.7699 12.4
      vertex 47.979 43.7699 5.9464
    endloop
  endfacet
  facet normal -0.793312 0.608816 0
    outer loop
      vertex 47.979 43.7699 12.4
      vertex 47.6929 43.3971 5.9464
      vertex 47.6929 43.3971 12.4
    endloop
  endfacet
  facet normal 0.991455 0.130449 0
    outer loop
      vertex 44.6811 44.2041 12.4
      vertex 44.6198 44.67 5.9464
      vertex 44.6198 44.67 12.4
    endloop
  endfacet
  facet normal 0.991455 0.130449 0
    outer loop
      vertex 44.6198 44.67 5.9464
      vertex 44.6811 44.2041 12.4
      vertex 44.6811 44.2041 5.9464
    endloop
  endfacet
  facet normal 0.608816 0.793312 -0
    outer loop
      vertex 45.5199 43.111 5.9464
      vertex 45.1471 43.3971 12.4
      vertex 45.5199 43.111 12.4
    endloop
  endfacet
  facet normal 0.608816 0.793312 0
    outer loop
      vertex 45.1471 43.3971 12.4
      vertex 45.5199 43.111 5.9464
      vertex 45.1471 43.3971 5.9464
    endloop
  endfacet
  facet normal 0.130449 0.991455 -0
    outer loop
      vertex 46.42 42.8698 5.9464
      vertex 45.9541 42.9311 12.4
      vertex 46.42 42.8698 12.4
    endloop
  endfacet
  facet normal 0.130449 0.991455 0
    outer loop
      vertex 45.9541 42.9311 12.4
      vertex 46.42 42.8698 5.9464
      vertex 45.9541 42.9311 5.9464
    endloop
  endfacet
  facet normal 0.991455 -0.130449 0
    outer loop
      vertex 44.6198 44.67 12.4
      vertex 44.6811 45.1359 5.9464
      vertex 44.6811 45.1359 12.4
    endloop
  endfacet
  facet normal 0.991455 -0.130449 0
    outer loop
      vertex 44.6811 45.1359 5.9464
      vertex 44.6198 44.67 12.4
      vertex 44.6198 44.67 5.9464
    endloop
  endfacet
  facet normal -0.991455 -0.130449 0
    outer loop
      vertex 48.2202 44.67 5.9464
      vertex 48.1589 45.1359 12.4
      vertex 48.1589 45.1359 5.9464
    endloop
  endfacet
  facet normal -0.991455 -0.130449 0
    outer loop
      vertex 48.1589 45.1359 12.4
      vertex 48.2202 44.67 5.9464
      vertex 48.2202 44.67 12.4
    endloop
  endfacet
  facet normal 0.382771 0.923843 -0
    outer loop
      vertex 45.9541 42.9311 5.9464
      vertex 45.5199 43.111 12.4
      vertex 45.9541 42.9311 12.4
    endloop
  endfacet
  facet normal 0.382771 0.923843 0
    outer loop
      vertex 45.5199 43.111 12.4
      vertex 45.9541 42.9311 5.9464
      vertex 45.5199 43.111 5.9464
    endloop
  endfacet
  facet normal -0.923843 -0.382771 0
    outer loop
      vertex 48.1589 45.1359 5.9464
      vertex 47.979 45.5701 12.4
      vertex 47.979 45.5701 5.9464
    endloop
  endfacet
  facet normal -0.923843 -0.382771 0
    outer loop
      vertex 47.979 45.5701 12.4
      vertex 48.1589 45.1359 5.9464
      vertex 48.1589 45.1359 12.4
    endloop
  endfacet
  facet normal -0.382771 -0.923843 0
    outer loop
      vertex 46.8859 46.4089 5.9464
      vertex 47.3201 46.229 12.4
      vertex 46.8859 46.4089 12.4
    endloop
  endfacet
  facet normal -0.382771 -0.923843 -0
    outer loop
      vertex 47.3201 46.229 12.4
      vertex 46.8859 46.4089 5.9464
      vertex 47.3201 46.229 5.9464
    endloop
  endfacet
  facet normal 0.793312 0.608816 0
    outer loop
      vertex 45.1471 43.3971 12.4
      vertex 44.861 43.7699 5.9464
      vertex 44.861 43.7699 12.4
    endloop
  endfacet
  facet normal 0.793312 0.608816 0
    outer loop
      vertex 44.861 43.7699 5.9464
      vertex 45.1471 43.3971 12.4
      vertex 45.1471 43.3971 5.9464
    endloop
  endfacet
  facet normal 0.793312 -0.608816 0
    outer loop
      vertex 44.861 45.5701 12.4
      vertex 45.1471 45.9429 5.9464
      vertex 45.1471 45.9429 12.4
    endloop
  endfacet
  facet normal 0.793312 -0.608816 0
    outer loop
      vertex 45.1471 45.9429 5.9464
      vertex 44.861 45.5701 12.4
      vertex 44.861 45.5701 5.9464
    endloop
  endfacet
  facet normal -0.130449 -0.991455 0
    outer loop
      vertex 46.42 46.4702 5.9464
      vertex 46.8859 46.4089 12.4
      vertex 46.42 46.4702 12.4
    endloop
  endfacet
  facet normal -0.130449 -0.991455 -0
    outer loop
      vertex 46.8859 46.4089 12.4
      vertex 46.42 46.4702 5.9464
      vertex 46.8859 46.4089 5.9464
    endloop
  endfacet
  facet normal -0.608816 -0.793312 0
    outer loop
      vertex 47.3201 46.229 5.9464
      vertex 47.6929 45.9429 12.4
      vertex 47.3201 46.229 12.4
    endloop
  endfacet
  facet normal -0.608816 -0.793312 -0
    outer loop
      vertex 47.6929 45.9429 12.4
      vertex 47.3201 46.229 5.9464
      vertex 47.6929 45.9429 5.9464
    endloop
  endfacet
  facet normal 0.130449 -0.991455 0
    outer loop
      vertex 45.9541 46.4089 5.9464
      vertex 46.42 46.4702 12.4
      vertex 45.9541 46.4089 12.4
    endloop
  endfacet
  facet normal 0.130449 -0.991455 0
    outer loop
      vertex 46.42 46.4702 12.4
      vertex 45.9541 46.4089 5.9464
      vertex 46.42 46.4702 5.9464
    endloop
  endfacet
  facet normal -0.793312 -0.608816 0
    outer loop
      vertex 47.979 45.5701 5.9464
      vertex 47.6929 45.9429 12.4
      vertex 47.6929 45.9429 5.9464
    endloop
  endfacet
  facet normal -0.793312 -0.608816 0
    outer loop
      vertex 47.6929 45.9429 12.4
      vertex 47.979 45.5701 5.9464
      vertex 47.979 45.5701 12.4
    endloop
  endfacet
  facet normal -0.130449 0.991455 0
    outer loop
      vertex 46.8859 42.9311 5.9464
      vertex 46.42 42.8698 12.4
      vertex 46.8859 42.9311 12.4
    endloop
  endfacet
  facet normal -0.130449 0.991455 0
    outer loop
      vertex 46.42 42.8698 12.4
      vertex 46.8859 42.9311 5.9464
      vertex 46.42 42.8698 5.9464
    endloop
  endfacet
  facet normal -0.382771 0.923843 0
    outer loop
      vertex 47.3201 43.111 5.9464
      vertex 46.8859 42.9311 12.4
      vertex 47.3201 43.111 12.4
    endloop
  endfacet
  facet normal -0.382771 0.923843 0
    outer loop
      vertex 46.8859 42.9311 12.4
      vertex 47.3201 43.111 5.9464
      vertex 46.8859 42.9311 5.9464
    endloop
  endfacet
  facet normal 0.608816 -0.793312 0
    outer loop
      vertex 45.1471 45.9429 5.9464
      vertex 45.5199 46.229 12.4
      vertex 45.1471 45.9429 12.4
    endloop
  endfacet
  facet normal 0.608816 -0.793312 0
    outer loop
      vertex 45.5199 46.229 12.4
      vertex 45.1471 45.9429 5.9464
      vertex 45.5199 46.229 5.9464
    endloop
  endfacet
  facet normal 0.923843 0.382771 0
    outer loop
      vertex 44.861 43.7699 12.4
      vertex 44.6811 44.2041 5.9464
      vertex 44.6811 44.2041 12.4
    endloop
  endfacet
  facet normal 0.923843 0.382771 0
    outer loop
      vertex 44.6811 44.2041 5.9464
      vertex 44.861 43.7699 12.4
      vertex 44.861 43.7699 5.9464
    endloop
  endfacet
  facet normal 0.382771 -0.923843 0
    outer loop
      vertex 45.5199 46.229 5.9464
      vertex 45.9541 46.4089 12.4
      vertex 45.5199 46.229 12.4
    endloop
  endfacet
  facet normal 0.382771 -0.923843 0
    outer loop
      vertex 45.9541 46.4089 12.4
      vertex 45.5199 46.229 5.9464
      vertex 45.9541 46.4089 5.9464
    endloop
  endfacet
  facet normal -0.923874 0.382698 0
    outer loop
      vertex 48.5949 43.4143 -19.15
      vertex 48.8458 44.02 -19.15
      vertex 48.8458 44.02 -22.2
    endloop
  endfacet
  facet normal -0.923874 0.382698 0
    outer loop
      vertex 48.5949 43.4143 -19.15
      vertex 48.8458 44.02 -22.2
      vertex 48.5949 43.4143 -22.2
    endloop
  endfacet
  facet normal -0.923874 0.382698 0
    outer loop
      vertex 48.8458 44.02 -19.15
      vertex 48.5949 43.4143 -19.15
      vertex 48.8458 44.02 5.9464
    endloop
  endfacet
  facet normal -0.923874 0.382698 0
    outer loop
      vertex 48.8458 44.02 5.9464
      vertex 48.5949 43.4143 -19.15
      vertex 48.5949 43.4143 5.9464
    endloop
  endfacet
  facet normal -0.99144 0.130565 0
    outer loop
      vertex 48.8458 44.02 -19.15
      vertex 48.9314 44.67 -19.15
      vertex 48.9314 44.67 -22.2
    endloop
  endfacet
  facet normal -0.99144 0.130565 0
    outer loop
      vertex 48.8458 44.02 -19.15
      vertex 48.9314 44.67 -22.2
      vertex 48.8458 44.02 -22.2
    endloop
  endfacet
  facet normal -0.99144 0.130565 0
    outer loop
      vertex 48.9314 44.67 -19.15
      vertex 48.8458 44.02 -19.15
      vertex 48.9314 44.67 5.9464
    endloop
  endfacet
  facet normal -0.99144 0.130565 0
    outer loop
      vertex 48.9314 44.67 5.9464
      vertex 48.8458 44.02 -19.15
      vertex 48.8458 44.02 5.9464
    endloop
  endfacet
  facet normal -0.793344 0.608774 0
    outer loop
      vertex 48.1958 42.8942 -19.15
      vertex 48.5949 43.4143 -19.15
      vertex 48.5949 43.4143 -22.2
    endloop
  endfacet
  facet normal -0.793344 0.608774 0
    outer loop
      vertex 48.1958 42.8942 -19.15
      vertex 48.5949 43.4143 -22.2
      vertex 48.1958 42.8942 -22.2
    endloop
  endfacet
  facet normal -0.793344 0.608774 0
    outer loop
      vertex 48.5949 43.4143 -19.15
      vertex 48.1958 42.8942 -19.15
      vertex 48.5949 43.4143 5.9464
    endloop
  endfacet
  facet normal -0.793344 0.608774 0
    outer loop
      vertex 48.5949 43.4143 5.9464
      vertex 48.1958 42.8942 -19.15
      vertex 48.1958 42.8942 5.9464
    endloop
  endfacet
  facet normal -0.130565 0.99144 0
    outer loop
      vertex 47.07 42.2442 -19.15
      vertex 46.42 42.1586 5.9464
      vertex 47.07 42.2442 5.9464
    endloop
  endfacet
  facet normal -0.130565 0.99144 0
    outer loop
      vertex 47.07 42.2442 -19.15
      vertex 46.42 42.1586 -19.15
      vertex 46.42 42.1586 5.9464
    endloop
  endfacet
  facet normal -0.130565 0.99144 0
    outer loop
      vertex 47.07 42.2442 -22.2
      vertex 46.42 42.1586 -19.15
      vertex 47.07 42.2442 -19.15
    endloop
  endfacet
  facet normal -0.130565 0.99144 0
    outer loop
      vertex 46.42 42.1586 -19.15
      vertex 47.07 42.2442 -22.2
      vertex 46.42 42.1586 -22.2
    endloop
  endfacet
  facet normal -0.793344 -0.608774 0
    outer loop
      vertex 48.5949 45.9257 -19.15
      vertex 48.1958 46.4458 -19.15
      vertex 48.1958 46.4458 -22.2
    endloop
  endfacet
  facet normal -0.793344 -0.608774 -0
    outer loop
      vertex 48.5949 45.9257 -19.15
      vertex 48.1958 46.4458 -22.2
      vertex 48.5949 45.9257 -22.2
    endloop
  endfacet
  facet normal -0.793344 -0.608774 0
    outer loop
      vertex 48.1958 46.4458 -19.15
      vertex 48.5949 45.9257 -19.15
      vertex 48.1958 46.4458 5.9464
    endloop
  endfacet
  facet normal -0.793344 -0.608774 0
    outer loop
      vertex 48.1958 46.4458 5.9464
      vertex 48.5949 45.9257 -19.15
      vertex 48.5949 45.9257 5.9464
    endloop
  endfacet
  facet normal -0.608774 0.793344 0
    outer loop
      vertex 48.1958 42.8942 -19.15
      vertex 47.6757 42.4951 5.9464
      vertex 48.1958 42.8942 5.9464
    endloop
  endfacet
  facet normal -0.608774 0.793344 0
    outer loop
      vertex 48.1958 42.8942 -19.15
      vertex 47.6757 42.4951 -19.15
      vertex 47.6757 42.4951 5.9464
    endloop
  endfacet
  facet normal -0.608774 0.793344 0
    outer loop
      vertex 48.1958 42.8942 -22.2
      vertex 47.6757 42.4951 -19.15
      vertex 48.1958 42.8942 -19.15
    endloop
  endfacet
  facet normal -0.608774 0.793344 0
    outer loop
      vertex 47.6757 42.4951 -19.15
      vertex 48.1958 42.8942 -22.2
      vertex 47.6757 42.4951 -22.2
    endloop
  endfacet
  facet normal 0.608774 0.793344 -0
    outer loop
      vertex 45.1643 42.4951 -19.15
      vertex 44.6442 42.8942 5.9464
      vertex 45.1643 42.4951 5.9464
    endloop
  endfacet
  facet normal 0.608774 0.793344 0
    outer loop
      vertex 45.1643 42.4951 -19.15
      vertex 44.6442 42.8942 -19.15
      vertex 44.6442 42.8942 5.9464
    endloop
  endfacet
  facet normal 0.608774 0.793344 -0
    outer loop
      vertex 45.1643 42.4951 -22.2
      vertex 44.6442 42.8942 -19.15
      vertex 45.1643 42.4951 -19.15
    endloop
  endfacet
  facet normal 0.608774 0.793344 0
    outer loop
      vertex 44.6442 42.8942 -19.15
      vertex 45.1643 42.4951 -22.2
      vertex 44.6442 42.8942 -22.2
    endloop
  endfacet
  facet normal 0.923874 -0.382698 0
    outer loop
      vertex 43.9942 45.32 -19.15
      vertex 44.2451 45.9257 -19.15
      vertex 44.2451 45.9257 5.9464
    endloop
  endfacet
  facet normal 0.923874 -0.382698 0
    outer loop
      vertex 43.9942 45.32 -19.15
      vertex 44.2451 45.9257 5.9464
      vertex 43.9942 45.32 5.9464
    endloop
  endfacet
  facet normal 0.923874 -0.382698 0
    outer loop
      vertex 44.2451 45.9257 -19.15
      vertex 43.9942 45.32 -19.15
      vertex 44.2451 45.9257 -22.2
    endloop
  endfacet
  facet normal 0.923874 -0.382698 0
    outer loop
      vertex 44.2451 45.9257 -22.2
      vertex 43.9942 45.32 -19.15
      vertex 43.9942 45.32 -22.2
    endloop
  endfacet
  facet normal 0.793344 0.608774 0
    outer loop
      vertex 44.6442 42.8942 -19.15
      vertex 44.2451 43.4143 -19.15
      vertex 44.2451 43.4143 5.9464
    endloop
  endfacet
  facet normal 0.793344 0.608774 -0
    outer loop
      vertex 44.6442 42.8942 -19.15
      vertex 44.2451 43.4143 5.9464
      vertex 44.6442 42.8942 5.9464
    endloop
  endfacet
  facet normal 0.793344 0.608774 0
    outer loop
      vertex 44.2451 43.4143 -19.15
      vertex 44.6442 42.8942 -19.15
      vertex 44.2451 43.4143 -22.2
    endloop
  endfacet
  facet normal 0.793344 0.608774 0
    outer loop
      vertex 44.2451 43.4143 -22.2
      vertex 44.6442 42.8942 -19.15
      vertex 44.6442 42.8942 -22.2
    endloop
  endfacet
  facet normal -0.99144 -0.130565 0
    outer loop
      vertex 48.9314 44.67 -19.15
      vertex 48.8458 45.32 -19.15
      vertex 48.8458 45.32 -22.2
    endloop
  endfacet
  facet normal -0.99144 -0.130565 -0
    outer loop
      vertex 48.9314 44.67 -19.15
      vertex 48.8458 45.32 -22.2
      vertex 48.9314 44.67 -22.2
    endloop
  endfacet
  facet normal -0.99144 -0.130565 0
    outer loop
      vertex 48.8458 45.32 -19.15
      vertex 48.9314 44.67 -19.15
      vertex 48.8458 45.32 5.9464
    endloop
  endfacet
  facet normal -0.99144 -0.130565 0
    outer loop
      vertex 48.8458 45.32 5.9464
      vertex 48.9314 44.67 -19.15
      vertex 48.9314 44.67 5.9464
    endloop
  endfacet
  facet normal 0.130565 -0.99144 0
    outer loop
      vertex 45.77 47.0958 -19.15
      vertex 46.42 47.1814 5.9464
      vertex 45.77 47.0958 5.9464
    endloop
  endfacet
  facet normal 0.130565 -0.99144 0
    outer loop
      vertex 45.77 47.0958 -19.15
      vertex 46.42 47.1814 -19.15
      vertex 46.42 47.1814 5.9464
    endloop
  endfacet
  facet normal 0.130565 -0.99144 0
    outer loop
      vertex 45.77 47.0958 -22.2
      vertex 46.42 47.1814 -19.15
      vertex 45.77 47.0958 -19.15
    endloop
  endfacet
  facet normal 0.130565 -0.99144 0
    outer loop
      vertex 46.42 47.1814 -19.15
      vertex 45.77 47.0958 -22.2
      vertex 46.42 47.1814 -22.2
    endloop
  endfacet
  facet normal -0.382698 0.923874 0
    outer loop
      vertex 47.6757 42.4951 -19.15
      vertex 47.07 42.2442 5.9464
      vertex 47.6757 42.4951 5.9464
    endloop
  endfacet
  facet normal -0.382698 0.923874 0
    outer loop
      vertex 47.6757 42.4951 -19.15
      vertex 47.07 42.2442 -19.15
      vertex 47.07 42.2442 5.9464
    endloop
  endfacet
  facet normal -0.382698 0.923874 0
    outer loop
      vertex 47.6757 42.4951 -22.2
      vertex 47.07 42.2442 -19.15
      vertex 47.6757 42.4951 -19.15
    endloop
  endfacet
  facet normal -0.382698 0.923874 0
    outer loop
      vertex 47.07 42.2442 -19.15
      vertex 47.6757 42.4951 -22.2
      vertex 47.07 42.2442 -22.2
    endloop
  endfacet
  facet normal -0.130565 -0.99144 0
    outer loop
      vertex 46.42 47.1814 -19.15
      vertex 47.07 47.0958 5.9464
      vertex 46.42 47.1814 5.9464
    endloop
  endfacet
  facet normal -0.130565 -0.99144 0
    outer loop
      vertex 46.42 47.1814 -19.15
      vertex 47.07 47.0958 -19.15
      vertex 47.07 47.0958 5.9464
    endloop
  endfacet
  facet normal -0.130565 -0.99144 0
    outer loop
      vertex 46.42 47.1814 -22.2
      vertex 47.07 47.0958 -19.15
      vertex 46.42 47.1814 -19.15
    endloop
  endfacet
  facet normal -0.130565 -0.99144 -0
    outer loop
      vertex 47.07 47.0958 -19.15
      vertex 46.42 47.1814 -22.2
      vertex 47.07 47.0958 -22.2
    endloop
  endfacet
  facet normal -0.923874 -0.382698 0
    outer loop
      vertex 48.8458 45.32 -19.15
      vertex 48.5949 45.9257 -19.15
      vertex 48.5949 45.9257 -22.2
    endloop
  endfacet
  facet normal -0.923874 -0.382698 -0
    outer loop
      vertex 48.8458 45.32 -19.15
      vertex 48.5949 45.9257 -22.2
      vertex 48.8458 45.32 -22.2
    endloop
  endfacet
  facet normal -0.923874 -0.382698 0
    outer loop
      vertex 48.5949 45.9257 -19.15
      vertex 48.8458 45.32 -19.15
      vertex 48.5949 45.9257 5.9464
    endloop
  endfacet
  facet normal -0.923874 -0.382698 0
    outer loop
      vertex 48.5949 45.9257 5.9464
      vertex 48.8458 45.32 -19.15
      vertex 48.8458 45.32 5.9464
    endloop
  endfacet
  facet normal -0.382698 -0.923874 0
    outer loop
      vertex 47.07 47.0958 -19.15
      vertex 47.6757 46.8449 5.9464
      vertex 47.07 47.0958 5.9464
    endloop
  endfacet
  facet normal -0.382698 -0.923874 0
    outer loop
      vertex 47.07 47.0958 -19.15
      vertex 47.6757 46.8449 -19.15
      vertex 47.6757 46.8449 5.9464
    endloop
  endfacet
  facet normal -0.382698 -0.923874 0
    outer loop
      vertex 47.07 47.0958 -22.2
      vertex 47.6757 46.8449 -19.15
      vertex 47.07 47.0958 -19.15
    endloop
  endfacet
  facet normal -0.382698 -0.923874 -0
    outer loop
      vertex 47.6757 46.8449 -19.15
      vertex 47.07 47.0958 -22.2
      vertex 47.6757 46.8449 -22.2
    endloop
  endfacet
  facet normal 0.99144 -0.130565 0
    outer loop
      vertex 43.9086 44.67 -19.15
      vertex 43.9942 45.32 -19.15
      vertex 43.9942 45.32 5.9464
    endloop
  endfacet
  facet normal 0.99144 -0.130565 0
    outer loop
      vertex 43.9086 44.67 -19.15
      vertex 43.9942 45.32 5.9464
      vertex 43.9086 44.67 5.9464
    endloop
  endfacet
  facet normal 0.99144 -0.130565 0
    outer loop
      vertex 43.9942 45.32 -19.15
      vertex 43.9086 44.67 -19.15
      vertex 43.9942 45.32 -22.2
    endloop
  endfacet
  facet normal 0.99144 -0.130565 0
    outer loop
      vertex 43.9942 45.32 -22.2
      vertex 43.9086 44.67 -19.15
      vertex 43.9086 44.67 -22.2
    endloop
  endfacet
  facet normal 0.382698 0.923874 -0
    outer loop
      vertex 45.77 42.2442 -19.15
      vertex 45.1643 42.4951 5.9464
      vertex 45.77 42.2442 5.9464
    endloop
  endfacet
  facet normal 0.382698 0.923874 0
    outer loop
      vertex 45.77 42.2442 -19.15
      vertex 45.1643 42.4951 -19.15
      vertex 45.1643 42.4951 5.9464
    endloop
  endfacet
  facet normal 0.382698 0.923874 -0
    outer loop
      vertex 45.77 42.2442 -22.2
      vertex 45.1643 42.4951 -19.15
      vertex 45.77 42.2442 -19.15
    endloop
  endfacet
  facet normal 0.382698 0.923874 0
    outer loop
      vertex 45.1643 42.4951 -19.15
      vertex 45.77 42.2442 -22.2
      vertex 45.1643 42.4951 -22.2
    endloop
  endfacet
  facet normal -0.608774 -0.793344 0
    outer loop
      vertex 47.6757 46.8449 -19.15
      vertex 48.1958 46.4458 5.9464
      vertex 47.6757 46.8449 5.9464
    endloop
  endfacet
  facet normal -0.608774 -0.793344 0
    outer loop
      vertex 47.6757 46.8449 -19.15
      vertex 48.1958 46.4458 -19.15
      vertex 48.1958 46.4458 5.9464
    endloop
  endfacet
  facet normal -0.608774 -0.793344 0
    outer loop
      vertex 47.6757 46.8449 -22.2
      vertex 48.1958 46.4458 -19.15
      vertex 47.6757 46.8449 -19.15
    endloop
  endfacet
  facet normal -0.608774 -0.793344 -0
    outer loop
      vertex 48.1958 46.4458 -19.15
      vertex 47.6757 46.8449 -22.2
      vertex 48.1958 46.4458 -22.2
    endloop
  endfacet
  facet normal 0.130565 0.99144 -0
    outer loop
      vertex 46.42 42.1586 -19.15
      vertex 45.77 42.2442 5.9464
      vertex 46.42 42.1586 5.9464
    endloop
  endfacet
  facet normal 0.130565 0.99144 0
    outer loop
      vertex 46.42 42.1586 -19.15
      vertex 45.77 42.2442 -19.15
      vertex 45.77 42.2442 5.9464
    endloop
  endfacet
  facet normal 0.130565 0.99144 -0
    outer loop
      vertex 46.42 42.1586 -22.2
      vertex 45.77 42.2442 -19.15
      vertex 46.42 42.1586 -19.15
    endloop
  endfacet
  facet normal 0.130565 0.99144 0
    outer loop
      vertex 45.77 42.2442 -19.15
      vertex 46.42 42.1586 -22.2
      vertex 45.77 42.2442 -22.2
    endloop
  endfacet
  facet normal 0.608774 -0.793344 0
    outer loop
      vertex 44.6442 46.4458 -19.15
      vertex 45.1643 46.8449 5.9464
      vertex 44.6442 46.4458 5.9464
    endloop
  endfacet
  facet normal 0.608774 -0.793344 0
    outer loop
      vertex 44.6442 46.4458 -19.15
      vertex 45.1643 46.8449 -19.15
      vertex 45.1643 46.8449 5.9464
    endloop
  endfacet
  facet normal 0.608774 -0.793344 0
    outer loop
      vertex 44.6442 46.4458 -22.2
      vertex 45.1643 46.8449 -19.15
      vertex 44.6442 46.4458 -19.15
    endloop
  endfacet
  facet normal 0.608774 -0.793344 0
    outer loop
      vertex 45.1643 46.8449 -19.15
      vertex 44.6442 46.4458 -22.2
      vertex 45.1643 46.8449 -22.2
    endloop
  endfacet
  facet normal 0.99144 0.130565 0
    outer loop
      vertex 43.9942 44.02 -19.15
      vertex 43.9086 44.67 -19.15
      vertex 43.9086 44.67 5.9464
    endloop
  endfacet
  facet normal 0.99144 0.130565 -0
    outer loop
      vertex 43.9942 44.02 -19.15
      vertex 43.9086 44.67 5.9464
      vertex 43.9942 44.02 5.9464
    endloop
  endfacet
  facet normal 0.99144 0.130565 0
    outer loop
      vertex 43.9086 44.67 -19.15
      vertex 43.9942 44.02 -19.15
      vertex 43.9086 44.67 -22.2
    endloop
  endfacet
  facet normal 0.99144 0.130565 0
    outer loop
      vertex 43.9086 44.67 -22.2
      vertex 43.9942 44.02 -19.15
      vertex 43.9942 44.02 -22.2
    endloop
  endfacet
  facet normal 0.793344 -0.608774 0
    outer loop
      vertex 44.2451 45.9257 -19.15
      vertex 44.6442 46.4458 -19.15
      vertex 44.6442 46.4458 5.9464
    endloop
  endfacet
  facet normal 0.793344 -0.608774 0
    outer loop
      vertex 44.2451 45.9257 -19.15
      vertex 44.6442 46.4458 5.9464
      vertex 44.2451 45.9257 5.9464
    endloop
  endfacet
  facet normal 0.793344 -0.608774 0
    outer loop
      vertex 44.6442 46.4458 -19.15
      vertex 44.2451 45.9257 -19.15
      vertex 44.6442 46.4458 -22.2
    endloop
  endfacet
  facet normal 0.793344 -0.608774 0
    outer loop
      vertex 44.6442 46.4458 -22.2
      vertex 44.2451 45.9257 -19.15
      vertex 44.2451 45.9257 -22.2
    endloop
  endfacet
  facet normal 0.382698 -0.923874 0
    outer loop
      vertex 45.1643 46.8449 -19.15
      vertex 45.77 47.0958 5.9464
      vertex 45.1643 46.8449 5.9464
    endloop
  endfacet
  facet normal 0.382698 -0.923874 0
    outer loop
      vertex 45.1643 46.8449 -19.15
      vertex 45.77 47.0958 -19.15
      vertex 45.77 47.0958 5.9464
    endloop
  endfacet
  facet normal 0.382698 -0.923874 0
    outer loop
      vertex 45.1643 46.8449 -22.2
      vertex 45.77 47.0958 -19.15
      vertex 45.1643 46.8449 -19.15
    endloop
  endfacet
  facet normal 0.382698 -0.923874 0
    outer loop
      vertex 45.77 47.0958 -19.15
      vertex 45.1643 46.8449 -22.2
      vertex 45.77 47.0958 -22.2
    endloop
  endfacet
  facet normal 0.923874 0.382698 0
    outer loop
      vertex 44.2451 43.4143 -19.15
      vertex 43.9942 44.02 -19.15
      vertex 43.9942 44.02 5.9464
    endloop
  endfacet
  facet normal 0.923874 0.382698 -0
    outer loop
      vertex 44.2451 43.4143 -19.15
      vertex 43.9942 44.02 5.9464
      vertex 44.2451 43.4143 5.9464
    endloop
  endfacet
  facet normal 0.923874 0.382698 0
    outer loop
      vertex 43.9942 44.02 -19.15
      vertex 44.2451 43.4143 -19.15
      vertex 43.9942 44.02 -22.2
    endloop
  endfacet
  facet normal 0.923874 0.382698 0
    outer loop
      vertex 43.9942 44.02 -22.2
      vertex 44.2451 43.4143 -19.15
      vertex 44.2451 43.4143 -22.2
    endloop
  endfacet
  facet normal 0 0 -1
    outer loop
      vertex 48.2202 44.67 5.9464
      vertex 48.9314 44.67 5.9464
      vertex 48.8458 44.02 5.9464
    endloop
  endfacet
  facet normal 0 0 -1
    outer loop
      vertex 48.1589 44.2041 5.9464
      vertex 48.8458 44.02 5.9464
      vertex 48.5949 43.4143 5.9464
    endloop
  endfacet
  facet normal 0 0 -1
    outer loop
      vertex 48.9314 44.67 5.9464
      vertex 48.2202 44.67 5.9464
      vertex 48.8458 45.32 5.9464
    endloop
  endfacet
  facet normal 0 0 -1
    outer loop
      vertex 48.1589 45.1359 5.9464
      vertex 48.8458 45.32 5.9464
      vertex 48.2202 44.67 5.9464
    endloop
  endfacet
  facet normal 0 0 -1
    outer loop
      vertex 47.979 43.7699 5.9464
      vertex 48.5949 43.4143 5.9464
      vertex 48.1958 42.8942 5.9464
    endloop
  endfacet
  facet normal 0 0 -1
    outer loop
      vertex 48.8458 44.02 5.9464
      vertex 48.1589 44.2041 5.9464
      vertex 48.2202 44.67 5.9464
    endloop
  endfacet
  facet normal 0 0 -1
    outer loop
      vertex 48.5949 43.4143 5.9464
      vertex 47.979 43.7699 5.9464
      vertex 48.1589 44.2041 5.9464
    endloop
  endfacet
  facet normal 0 0 -1
    outer loop
      vertex 48.1958 42.8942 5.9464
      vertex 47.6929 43.3971 5.9464
      vertex 47.979 43.7699 5.9464
    endloop
  endfacet
  facet normal 0 0 -1
    outer loop
      vertex 47.6757 42.4951 5.9464
      vertex 47.6929 43.3971 5.9464
      vertex 48.1958 42.8942 5.9464
    endloop
  endfacet
  facet normal 0 0 -1
    outer loop
      vertex 47.6757 42.4951 5.9464
      vertex 47.3201 43.111 5.9464
      vertex 47.6929 43.3971 5.9464
    endloop
  endfacet
  facet normal 0 0 -1
    outer loop
      vertex 47.07 42.2442 5.9464
      vertex 47.3201 43.111 5.9464
      vertex 47.6757 42.4951 5.9464
    endloop
  endfacet
  facet normal 0 0 -1
    outer loop
      vertex 47.07 42.2442 5.9464
      vertex 46.8859 42.9311 5.9464
      vertex 47.3201 43.111 5.9464
    endloop
  endfacet
  facet normal 0 0 -1
    outer loop
      vertex 46.42 42.1586 5.9464
      vertex 46.8859 42.9311 5.9464
      vertex 47.07 42.2442 5.9464
    endloop
  endfacet
  facet normal 0 0 -1
    outer loop
      vertex 46.42 42.1586 5.9464
      vertex 46.42 42.8698 5.9464
      vertex 46.8859 42.9311 5.9464
    endloop
  endfacet
  facet normal 0 0 -1
    outer loop
      vertex 46.42 42.1586 5.9464
      vertex 45.9541 42.9311 5.9464
      vertex 46.42 42.8698 5.9464
    endloop
  endfacet
  facet normal 0 0 -1
    outer loop
      vertex 45.77 42.2442 5.9464
      vertex 45.9541 42.9311 5.9464
      vertex 46.42 42.1586 5.9464
    endloop
  endfacet
  facet normal 0 0 -1
    outer loop
      vertex 45.77 42.2442 5.9464
      vertex 45.5199 43.111 5.9464
      vertex 45.9541 42.9311 5.9464
    endloop
  endfacet
  facet normal 0 0 -1
    outer loop
      vertex 45.1643 42.4951 5.9464
      vertex 45.5199 43.111 5.9464
      vertex 45.77 42.2442 5.9464
    endloop
  endfacet
  facet normal 0 0 -1
    outer loop
      vertex 45.1643 42.4951 5.9464
      vertex 45.1471 43.3971 5.9464
      vertex 45.5199 43.111 5.9464
    endloop
  endfacet
  facet normal 0 0 -1
    outer loop
      vertex 44.6442 42.8942 5.9464
      vertex 45.1471 43.3971 5.9464
      vertex 45.1643 42.4951 5.9464
    endloop
  endfacet
  facet normal -0 0 -1
    outer loop
      vertex 45.1471 43.3971 5.9464
      vertex 44.6442 42.8942 5.9464
      vertex 44.861 43.7699 5.9464
    endloop
  endfacet
  facet normal 0 0 -1
    outer loop
      vertex 44.2451 43.4143 5.9464
      vertex 44.861 43.7699 5.9464
      vertex 44.6442 42.8942 5.9464
    endloop
  endfacet
  facet normal -0 0 -1
    outer loop
      vertex 44.861 43.7699 5.9464
      vertex 44.2451 43.4143 5.9464
      vertex 44.6811 44.2041 5.9464
    endloop
  endfacet
  facet normal 0 0 -1
    outer loop
      vertex 43.9942 44.02 5.9464
      vertex 44.6811 44.2041 5.9464
      vertex 44.2451 43.4143 5.9464
    endloop
  endfacet
  facet normal -0 0 -1
    outer loop
      vertex 48.8458 45.32 5.9464
      vertex 48.1589 45.1359 5.9464
      vertex 48.5949 45.9257 5.9464
    endloop
  endfacet
  facet normal 0 0 -1
    outer loop
      vertex 47.979 45.5701 5.9464
      vertex 48.5949 45.9257 5.9464
      vertex 48.1589 45.1359 5.9464
    endloop
  endfacet
  facet normal -0 0 -1
    outer loop
      vertex 48.5949 45.9257 5.9464
      vertex 47.979 45.5701 5.9464
      vertex 48.1958 46.4458 5.9464
    endloop
  endfacet
  facet normal 0 0 -1
    outer loop
      vertex 47.6929 45.9429 5.9464
      vertex 48.1958 46.4458 5.9464
      vertex 47.979 45.5701 5.9464
    endloop
  endfacet
  facet normal 0 0 -1
    outer loop
      vertex 47.6929 45.9429 5.9464
      vertex 47.6757 46.8449 5.9464
      vertex 48.1958 46.4458 5.9464
    endloop
  endfacet
  facet normal 0 0 -1
    outer loop
      vertex 47.3201 46.229 5.9464
      vertex 47.6757 46.8449 5.9464
      vertex 47.6929 45.9429 5.9464
    endloop
  endfacet
  facet normal 0 0 -1
    outer loop
      vertex 47.3201 46.229 5.9464
      vertex 47.07 47.0958 5.9464
      vertex 47.6757 46.8449 5.9464
    endloop
  endfacet
  facet normal 0 0 -1
    outer loop
      vertex 46.8859 46.4089 5.9464
      vertex 47.07 47.0958 5.9464
      vertex 47.3201 46.229 5.9464
    endloop
  endfacet
  facet normal 0 0 -1
    outer loop
      vertex 46.42 46.4702 5.9464
      vertex 47.07 47.0958 5.9464
      vertex 46.8859 46.4089 5.9464
    endloop
  endfacet
  facet normal 0 0 -1
    outer loop
      vertex 46.42 46.4702 5.9464
      vertex 46.42 47.1814 5.9464
      vertex 47.07 47.0958 5.9464
    endloop
  endfacet
  facet normal 0 0 -1
    outer loop
      vertex 45.9541 46.4089 5.9464
      vertex 46.42 47.1814 5.9464
      vertex 46.42 46.4702 5.9464
    endloop
  endfacet
  facet normal 0 0 -1
    outer loop
      vertex 45.9541 46.4089 5.9464
      vertex 45.77 47.0958 5.9464
      vertex 46.42 47.1814 5.9464
    endloop
  endfacet
  facet normal 0 0 -1
    outer loop
      vertex 45.5199 46.229 5.9464
      vertex 45.77 47.0958 5.9464
      vertex 45.9541 46.4089 5.9464
    endloop
  endfacet
  facet normal 0 0 -1
    outer loop
      vertex 45.5199 46.229 5.9464
      vertex 45.1643 46.8449 5.9464
      vertex 45.77 47.0958 5.9464
    endloop
  endfacet
  facet normal 0 0 -1
    outer loop
      vertex 45.1471 45.9429 5.9464
      vertex 45.1643 46.8449 5.9464
      vertex 45.5199 46.229 5.9464
    endloop
  endfacet
  facet normal 0 0 -1
    outer loop
      vertex 44.6442 46.4458 5.9464
      vertex 45.1471 45.9429 5.9464
      vertex 44.861 45.5701 5.9464
    endloop
  endfacet
  facet normal 0 0 -1
    outer loop
      vertex 44.2451 45.9257 5.9464
      vertex 44.861 45.5701 5.9464
      vertex 44.6811 45.1359 5.9464
    endloop
  endfacet
  facet normal 0 0 -1
    outer loop
      vertex 45.1471 45.9429 5.9464
      vertex 44.6442 46.4458 5.9464
      vertex 45.1643 46.8449 5.9464
    endloop
  endfacet
  facet normal 0 0 -1
    outer loop
      vertex 43.9942 45.32 5.9464
      vertex 44.6811 45.1359 5.9464
      vertex 44.6198 44.67 5.9464
    endloop
  endfacet
  facet normal -0 0 -1
    outer loop
      vertex 44.6811 44.2041 5.9464
      vertex 43.9942 44.02 5.9464
      vertex 44.6198 44.67 5.9464
    endloop
  endfacet
  facet normal 0 0 -1
    outer loop
      vertex 44.861 45.5701 5.9464
      vertex 44.2451 45.9257 5.9464
      vertex 44.6442 46.4458 5.9464
    endloop
  endfacet
  facet normal 0 0 -1
    outer loop
      vertex 43.9086 44.67 5.9464
      vertex 44.6198 44.67 5.9464
      vertex 43.9942 44.02 5.9464
    endloop
  endfacet
  facet normal 0 0 -1
    outer loop
      vertex 44.6811 45.1359 5.9464
      vertex 43.9942 45.32 5.9464
      vertex 44.2451 45.9257 5.9464
    endloop
  endfacet
  facet normal 0 0 -1
    outer loop
      vertex 44.6198 44.67 5.9464
      vertex 43.9086 44.67 5.9464
      vertex 43.9942 45.32 5.9464
    endloop
  endfacet
  facet normal -0.608816 0.793312 0
    outer loop
      vertex 47.6929 -45.9429 5.9464
      vertex 47.3201 -46.229 12.4
      vertex 47.6929 -45.9429 12.4
    endloop
  endfacet
  facet normal -0.608816 0.793312 0
    outer loop
      vertex 47.3201 -46.229 12.4
      vertex 47.6929 -45.9429 5.9464
      vertex 47.3201 -46.229 5.9464
    endloop
  endfacet
  facet normal 0.923843 -0.382771 0
    outer loop
      vertex 44.6811 -44.2041 12.4
      vertex 44.861 -43.7699 5.9464
      vertex 44.861 -43.7699 12.4
    endloop
  endfacet
  facet normal 0.923843 -0.382771 0
    outer loop
      vertex 44.861 -43.7699 5.9464
      vertex 44.6811 -44.2041 12.4
      vertex 44.6811 -44.2041 5.9464
    endloop
  endfacet
  facet normal -0.923843 0.382771 0
    outer loop
      vertex 47.979 -45.5701 5.9464
      vertex 48.1589 -45.1359 12.4
      vertex 48.1589 -45.1359 5.9464
    endloop
  endfacet
  facet normal -0.923843 0.382771 0
    outer loop
      vertex 48.1589 -45.1359 12.4
      vertex 47.979 -45.5701 5.9464
      vertex 47.979 -45.5701 12.4
    endloop
  endfacet
  facet normal -0.991455 0.130449 0
    outer loop
      vertex 48.1589 -45.1359 5.9464
      vertex 48.2202 -44.67 12.4
      vertex 48.2202 -44.67 5.9464
    endloop
  endfacet
  facet normal -0.991455 0.130449 0
    outer loop
      vertex 48.2202 -44.67 12.4
      vertex 48.1589 -45.1359 5.9464
      vertex 48.1589 -45.1359 12.4
    endloop
  endfacet
  facet normal -0.793312 0.608816 0
    outer loop
      vertex 47.6929 -45.9429 5.9464
      vertex 47.979 -45.5701 12.4
      vertex 47.979 -45.5701 5.9464
    endloop
  endfacet
  facet normal -0.793312 0.608816 0
    outer loop
      vertex 47.979 -45.5701 12.4
      vertex 47.6929 -45.9429 5.9464
      vertex 47.6929 -45.9429 12.4
    endloop
  endfacet
  facet normal 0.991455 0.130449 0
    outer loop
      vertex 44.6811 -45.1359 12.4
      vertex 44.6198 -44.67 5.9464
      vertex 44.6198 -44.67 12.4
    endloop
  endfacet
  facet normal 0.991455 0.130449 0
    outer loop
      vertex 44.6198 -44.67 5.9464
      vertex 44.6811 -45.1359 12.4
      vertex 44.6811 -45.1359 5.9464
    endloop
  endfacet
  facet normal 0.608816 0.793312 -0
    outer loop
      vertex 45.5199 -46.229 5.9464
      vertex 45.1471 -45.9429 12.4
      vertex 45.5199 -46.229 12.4
    endloop
  endfacet
  facet normal 0.608816 0.793312 0
    outer loop
      vertex 45.1471 -45.9429 12.4
      vertex 45.5199 -46.229 5.9464
      vertex 45.1471 -45.9429 5.9464
    endloop
  endfacet
  facet normal 0.130449 0.991455 -0
    outer loop
      vertex 46.42 -46.4702 5.9464
      vertex 45.9541 -46.4089 12.4
      vertex 46.42 -46.4702 12.4
    endloop
  endfacet
  facet normal 0.130449 0.991455 0
    outer loop
      vertex 45.9541 -46.4089 12.4
      vertex 46.42 -46.4702 5.9464
      vertex 45.9541 -46.4089 5.9464
    endloop
  endfacet
  facet normal 0.991455 -0.130449 0
    outer loop
      vertex 44.6198 -44.67 12.4
      vertex 44.6811 -44.2041 5.9464
      vertex 44.6811 -44.2041 12.4
    endloop
  endfacet
  facet normal 0.991455 -0.130449 0
    outer loop
      vertex 44.6811 -44.2041 5.9464
      vertex 44.6198 -44.67 12.4
      vertex 44.6198 -44.67 5.9464
    endloop
  endfacet
  facet normal -0.991455 -0.130449 0
    outer loop
      vertex 48.2202 -44.67 5.9464
      vertex 48.1589 -44.2041 12.4
      vertex 48.1589 -44.2041 5.9464
    endloop
  endfacet
  facet normal -0.991455 -0.130449 0
    outer loop
      vertex 48.1589 -44.2041 12.4
      vertex 48.2202 -44.67 5.9464
      vertex 48.2202 -44.67 12.4
    endloop
  endfacet
  facet normal 0.382771 0.923843 -0
    outer loop
      vertex 45.9541 -46.4089 5.9464
      vertex 45.5199 -46.229 12.4
      vertex 45.9541 -46.4089 12.4
    endloop
  endfacet
  facet normal 0.382771 0.923843 0
    outer loop
      vertex 45.5199 -46.229 12.4
      vertex 45.9541 -46.4089 5.9464
      vertex 45.5199 -46.229 5.9464
    endloop
  endfacet
  facet normal -0.923843 -0.382771 0
    outer loop
      vertex 48.1589 -44.2041 5.9464
      vertex 47.979 -43.7699 12.4
      vertex 47.979 -43.7699 5.9464
    endloop
  endfacet
  facet normal -0.923843 -0.382771 0
    outer loop
      vertex 47.979 -43.7699 12.4
      vertex 48.1589 -44.2041 5.9464
      vertex 48.1589 -44.2041 12.4
    endloop
  endfacet
  facet normal -0.382771 -0.923843 0
    outer loop
      vertex 46.8859 -42.9311 5.9464
      vertex 47.3201 -43.111 12.4
      vertex 46.8859 -42.9311 12.4
    endloop
  endfacet
  facet normal -0.382771 -0.923843 -0
    outer loop
      vertex 47.3201 -43.111 12.4
      vertex 46.8859 -42.9311 5.9464
      vertex 47.3201 -43.111 5.9464
    endloop
  endfacet
  facet normal 0.793312 0.608816 0
    outer loop
      vertex 45.1471 -45.9429 12.4
      vertex 44.861 -45.5701 5.9464
      vertex 44.861 -45.5701 12.4
    endloop
  endfacet
  facet normal 0.793312 0.608816 0
    outer loop
      vertex 44.861 -45.5701 5.9464
      vertex 45.1471 -45.9429 12.4
      vertex 45.1471 -45.9429 5.9464
    endloop
  endfacet
  facet normal 0.793312 -0.608816 0
    outer loop
      vertex 44.861 -43.7699 12.4
      vertex 45.1471 -43.3971 5.9464
      vertex 45.1471 -43.3971 12.4
    endloop
  endfacet
  facet normal 0.793312 -0.608816 0
    outer loop
      vertex 45.1471 -43.3971 5.9464
      vertex 44.861 -43.7699 12.4
      vertex 44.861 -43.7699 5.9464
    endloop
  endfacet
  facet normal -0.130449 -0.991455 0
    outer loop
      vertex 46.42 -42.8698 5.9464
      vertex 46.8859 -42.9311 12.4
      vertex 46.42 -42.8698 12.4
    endloop
  endfacet
  facet normal -0.130449 -0.991455 -0
    outer loop
      vertex 46.8859 -42.9311 12.4
      vertex 46.42 -42.8698 5.9464
      vertex 46.8859 -42.9311 5.9464
    endloop
  endfacet
  facet normal -0.608816 -0.793312 0
    outer loop
      vertex 47.3201 -43.111 5.9464
      vertex 47.6929 -43.3971 12.4
      vertex 47.3201 -43.111 12.4
    endloop
  endfacet
  facet normal -0.608816 -0.793312 -0
    outer loop
      vertex 47.6929 -43.3971 12.4
      vertex 47.3201 -43.111 5.9464
      vertex 47.6929 -43.3971 5.9464
    endloop
  endfacet
  facet normal 0.130449 -0.991455 0
    outer loop
      vertex 45.9541 -42.9311 5.9464
      vertex 46.42 -42.8698 12.4
      vertex 45.9541 -42.9311 12.4
    endloop
  endfacet
  facet normal 0.130449 -0.991455 0
    outer loop
      vertex 46.42 -42.8698 12.4
      vertex 45.9541 -42.9311 5.9464
      vertex 46.42 -42.8698 5.9464
    endloop
  endfacet
  facet normal -0.793312 -0.608816 0
    outer loop
      vertex 47.979 -43.7699 5.9464
      vertex 47.6929 -43.3971 12.4
      vertex 47.6929 -43.3971 5.9464
    endloop
  endfacet
  facet normal -0.793312 -0.608816 0
    outer loop
      vertex 47.6929 -43.3971 12.4
      vertex 47.979 -43.7699 5.9464
      vertex 47.979 -43.7699 12.4
    endloop
  endfacet
  facet normal -0.130449 0.991455 0
    outer loop
      vertex 46.8859 -46.4089 5.9464
      vertex 46.42 -46.4702 12.4
      vertex 46.8859 -46.4089 12.4
    endloop
  endfacet
  facet normal -0.130449 0.991455 0
    outer loop
      vertex 46.42 -46.4702 12.4
      vertex 46.8859 -46.4089 5.9464
      vertex 46.42 -46.4702 5.9464
    endloop
  endfacet
  facet normal -0.382771 0.923843 0
    outer loop
      vertex 47.3201 -46.229 5.9464
      vertex 46.8859 -46.4089 12.4
      vertex 47.3201 -46.229 12.4
    endloop
  endfacet
  facet normal -0.382771 0.923843 0
    outer loop
      vertex 46.8859 -46.4089 12.4
      vertex 47.3201 -46.229 5.9464
      vertex 46.8859 -46.4089 5.9464
    endloop
  endfacet
  facet normal 0.608816 -0.793312 0
    outer loop
      vertex 45.1471 -43.3971 5.9464
      vertex 45.5199 -43.111 12.4
      vertex 45.1471 -43.3971 12.4
    endloop
  endfacet
  facet normal 0.608816 -0.793312 0
    outer loop
      vertex 45.5199 -43.111 12.4
      vertex 45.1471 -43.3971 5.9464
      vertex 45.5199 -43.111 5.9464
    endloop
  endfacet
  facet normal 0.923843 0.382771 0
    outer loop
      vertex 44.861 -45.5701 12.4
      vertex 44.6811 -45.1359 5.9464
      vertex 44.6811 -45.1359 12.4
    endloop
  endfacet
  facet normal 0.923843 0.382771 0
    outer loop
      vertex 44.6811 -45.1359 5.9464
      vertex 44.861 -45.5701 12.4
      vertex 44.861 -45.5701 5.9464
    endloop
  endfacet
  facet normal 0.382771 -0.923843 0
    outer loop
      vertex 45.5199 -43.111 5.9464
      vertex 45.9541 -42.9311 12.4
      vertex 45.5199 -43.111 12.4
    endloop
  endfacet
  facet normal 0.382771 -0.923843 0
    outer loop
      vertex 45.9541 -42.9311 12.4
      vertex 45.5199 -43.111 5.9464
      vertex 45.9541 -42.9311 5.9464
    endloop
  endfacet
  facet normal -0.923874 0.382698 0
    outer loop
      vertex 48.5949 -45.9257 -19.15
      vertex 48.8458 -45.32 -19.15
      vertex 48.8458 -45.32 -22.2
    endloop
  endfacet
  facet normal -0.923874 0.382698 0
    outer loop
      vertex 48.5949 -45.9257 -19.15
      vertex 48.8458 -45.32 -22.2
      vertex 48.5949 -45.9257 -22.2
    endloop
  endfacet
  facet normal -0.923874 0.382698 0
    outer loop
      vertex 48.8458 -45.32 -19.15
      vertex 48.5949 -45.9257 -19.15
      vertex 48.8458 -45.32 5.9464
    endloop
  endfacet
  facet normal -0.923874 0.382698 0
    outer loop
      vertex 48.8458 -45.32 5.9464
      vertex 48.5949 -45.9257 -19.15
      vertex 48.5949 -45.9257 5.9464
    endloop
  endfacet
  facet normal -0.99144 0.130565 0
    outer loop
      vertex 48.8458 -45.32 -19.15
      vertex 48.9314 -44.67 -19.15
      vertex 48.9314 -44.67 -22.2
    endloop
  endfacet
  facet normal -0.99144 0.130565 0
    outer loop
      vertex 48.8458 -45.32 -19.15
      vertex 48.9314 -44.67 -22.2
      vertex 48.8458 -45.32 -22.2
    endloop
  endfacet
  facet normal -0.99144 0.130565 0
    outer loop
      vertex 48.9314 -44.67 -19.15
      vertex 48.8458 -45.32 -19.15
      vertex 48.9314 -44.67 5.9464
    endloop
  endfacet
  facet normal -0.99144 0.130565 0
    outer loop
      vertex 48.9314 -44.67 5.9464
      vertex 48.8458 -45.32 -19.15
      vertex 48.8458 -45.32 5.9464
    endloop
  endfacet
  facet normal -0.793344 0.608774 0
    outer loop
      vertex 48.1958 -46.4458 -19.15
      vertex 48.5949 -45.9257 -19.15
      vertex 48.5949 -45.9257 -22.2
    endloop
  endfacet
  facet normal -0.793344 0.608774 0
    outer loop
      vertex 48.1958 -46.4458 -19.15
      vertex 48.5949 -45.9257 -22.2
      vertex 48.1958 -46.4458 -22.2
    endloop
  endfacet
  facet normal -0.793344 0.608774 0
    outer loop
      vertex 48.5949 -45.9257 -19.15
      vertex 48.1958 -46.4458 -19.15
      vertex 48.5949 -45.9257 5.9464
    endloop
  endfacet
  facet normal -0.793344 0.608774 0
    outer loop
      vertex 48.5949 -45.9257 5.9464
      vertex 48.1958 -46.4458 -19.15
      vertex 48.1958 -46.4458 5.9464
    endloop
  endfacet
  facet normal -0.130565 0.99144 0
    outer loop
      vertex 47.07 -47.0958 -19.15
      vertex 46.42 -47.1814 5.9464
      vertex 47.07 -47.0958 5.9464
    endloop
  endfacet
  facet normal -0.130565 0.99144 0
    outer loop
      vertex 47.07 -47.0958 -19.15
      vertex 46.42 -47.1814 -19.15
      vertex 46.42 -47.1814 5.9464
    endloop
  endfacet
  facet normal -0.130565 0.99144 0
    outer loop
      vertex 47.07 -47.0958 -22.2
      vertex 46.42 -47.1814 -19.15
      vertex 47.07 -47.0958 -19.15
    endloop
  endfacet
  facet normal -0.130565 0.99144 0
    outer loop
      vertex 46.42 -47.1814 -19.15
      vertex 47.07 -47.0958 -22.2
      vertex 46.42 -47.1814 -22.2
    endloop
  endfacet
  facet normal -0.793344 -0.608774 0
    outer loop
      vertex 48.5949 -43.4143 -19.15
      vertex 48.1958 -42.8942 -19.15
      vertex 48.1958 -42.8942 -22.2
    endloop
  endfacet
  facet normal -0.793344 -0.608774 -0
    outer loop
      vertex 48.5949 -43.4143 -19.15
      vertex 48.1958 -42.8942 -22.2
      vertex 48.5949 -43.4143 -22.2
    endloop
  endfacet
  facet normal -0.793344 -0.608774 0
    outer loop
      vertex 48.1958 -42.8942 -19.15
      vertex 48.5949 -43.4143 -19.15
      vertex 48.1958 -42.8942 5.9464
    endloop
  endfacet
  facet normal -0.793344 -0.608774 0
    outer loop
      vertex 48.1958 -42.8942 5.9464
      vertex 48.5949 -43.4143 -19.15
      vertex 48.5949 -43.4143 5.9464
    endloop
  endfacet
  facet normal -0.608774 0.793344 0
    outer loop
      vertex 48.1958 -46.4458 -19.15
      vertex 47.6757 -46.8449 5.9464
      vertex 48.1958 -46.4458 5.9464
    endloop
  endfacet
  facet normal -0.608774 0.793344 0
    outer loop
      vertex 48.1958 -46.4458 -19.15
      vertex 47.6757 -46.8449 -19.15
      vertex 47.6757 -46.8449 5.9464
    endloop
  endfacet
  facet normal -0.608774 0.793344 0
    outer loop
      vertex 48.1958 -46.4458 -22.2
      vertex 47.6757 -46.8449 -19.15
      vertex 48.1958 -46.4458 -19.15
    endloop
  endfacet
  facet normal -0.608774 0.793344 0
    outer loop
      vertex 47.6757 -46.8449 -19.15
      vertex 48.1958 -46.4458 -22.2
      vertex 47.6757 -46.8449 -22.2
    endloop
  endfacet
  facet normal 0.608774 0.793344 -0
    outer loop
      vertex 45.1643 -46.8449 -19.15
      vertex 44.6442 -46.4458 5.9464
      vertex 45.1643 -46.8449 5.9464
    endloop
  endfacet
  facet normal 0.608774 0.793344 0
    outer loop
      vertex 45.1643 -46.8449 -19.15
      vertex 44.6442 -46.4458 -19.15
      vertex 44.6442 -46.4458 5.9464
    endloop
  endfacet
  facet normal 0.608774 0.793344 -0
    outer loop
      vertex 45.1643 -46.8449 -22.2
      vertex 44.6442 -46.4458 -19.15
      vertex 45.1643 -46.8449 -19.15
    endloop
  endfacet
  facet normal 0.608774 0.793344 0
    outer loop
      vertex 44.6442 -46.4458 -19.15
      vertex 45.1643 -46.8449 -22.2
      vertex 44.6442 -46.4458 -22.2
    endloop
  endfacet
  facet normal 0.923874 -0.382698 0
    outer loop
      vertex 43.9942 -44.02 -19.15
      vertex 44.2451 -43.4143 -19.15
      vertex 44.2451 -43.4143 5.9464
    endloop
  endfacet
  facet normal 0.923874 -0.382698 0
    outer loop
      vertex 43.9942 -44.02 -19.15
      vertex 44.2451 -43.4143 5.9464
      vertex 43.9942 -44.02 5.9464
    endloop
  endfacet
  facet normal 0.923874 -0.382698 0
    outer loop
      vertex 44.2451 -43.4143 -19.15
      vertex 43.9942 -44.02 -19.15
      vertex 44.2451 -43.4143 -22.2
    endloop
  endfacet
  facet normal 0.923874 -0.382698 0
    outer loop
      vertex 44.2451 -43.4143 -22.2
      vertex 43.9942 -44.02 -19.15
      vertex 43.9942 -44.02 -22.2
    endloop
  endfacet
  facet normal 0.793344 0.608774 0
    outer loop
      vertex 44.6442 -46.4458 -19.15
      vertex 44.2451 -45.9257 -19.15
      vertex 44.2451 -45.9257 5.9464
    endloop
  endfacet
  facet normal 0.793344 0.608774 -0
    outer loop
      vertex 44.6442 -46.4458 -19.15
      vertex 44.2451 -45.9257 5.9464
      vertex 44.6442 -46.4458 5.9464
    endloop
  endfacet
  facet normal 0.793344 0.608774 0
    outer loop
      vertex 44.2451 -45.9257 -19.15
      vertex 44.6442 -46.4458 -19.15
      vertex 44.2451 -45.9257 -22.2
    endloop
  endfacet
  facet normal 0.793344 0.608774 0
    outer loop
      vertex 44.2451 -45.9257 -22.2
      vertex 44.6442 -46.4458 -19.15
      vertex 44.6442 -46.4458 -22.2
    endloop
  endfacet
  facet normal -0.99144 -0.130565 0
    outer loop
      vertex 48.9314 -44.67 -19.15
      vertex 48.8458 -44.02 -19.15
      vertex 48.8458 -44.02 -22.2
    endloop
  endfacet
  facet normal -0.99144 -0.130565 -0
    outer loop
      vertex 48.9314 -44.67 -19.15
      vertex 48.8458 -44.02 -22.2
      vertex 48.9314 -44.67 -22.2
    endloop
  endfacet
  facet normal -0.99144 -0.130565 0
    outer loop
      vertex 48.8458 -44.02 -19.15
      vertex 48.9314 -44.67 -19.15
      vertex 48.8458 -44.02 5.9464
    endloop
  endfacet
  facet normal -0.99144 -0.130565 0
    outer loop
      vertex 48.8458 -44.02 5.9464
      vertex 48.9314 -44.67 -19.15
      vertex 48.9314 -44.67 5.9464
    endloop
  endfacet
  facet normal 0.130565 -0.99144 0
    outer loop
      vertex 45.77 -42.2442 -19.15
      vertex 46.42 -42.1586 5.9464
      vertex 45.77 -42.2442 5.9464
    endloop
  endfacet
  facet normal 0.130565 -0.99144 0
    outer loop
      vertex 45.77 -42.2442 -19.15
      vertex 46.42 -42.1586 -19.15
      vertex 46.42 -42.1586 5.9464
    endloop
  endfacet
  facet normal 0.130565 -0.99144 0
    outer loop
      vertex 45.77 -42.2442 -22.2
      vertex 46.42 -42.1586 -19.15
      vertex 45.77 -42.2442 -19.15
    endloop
  endfacet
  facet normal 0.130565 -0.99144 0
    outer loop
      vertex 46.42 -42.1586 -19.15
      vertex 45.77 -42.2442 -22.2
      vertex 46.42 -42.1586 -22.2
    endloop
  endfacet
  facet normal -0.382698 0.923874 0
    outer loop
      vertex 47.6757 -46.8449 -19.15
      vertex 47.07 -47.0958 5.9464
      vertex 47.6757 -46.8449 5.9464
    endloop
  endfacet
  facet normal -0.382698 0.923874 0
    outer loop
      vertex 47.6757 -46.8449 -19.15
      vertex 47.07 -47.0958 -19.15
      vertex 47.07 -47.0958 5.9464
    endloop
  endfacet
  facet normal -0.382698 0.923874 0
    outer loop
      vertex 47.6757 -46.8449 -22.2
      vertex 47.07 -47.0958 -19.15
      vertex 47.6757 -46.8449 -19.15
    endloop
  endfacet
  facet normal -0.382698 0.923874 0
    outer loop
      vertex 47.07 -47.0958 -19.15
      vertex 47.6757 -46.8449 -22.2
      vertex 47.07 -47.0958 -22.2
    endloop
  endfacet
  facet normal -0.130565 -0.99144 0
    outer loop
      vertex 46.42 -42.1586 -19.15
      vertex 47.07 -42.2442 5.9464
      vertex 46.42 -42.1586 5.9464
    endloop
  endfacet
  facet normal -0.130565 -0.99144 0
    outer loop
      vertex 46.42 -42.1586 -19.15
      vertex 47.07 -42.2442 -19.15
      vertex 47.07 -42.2442 5.9464
    endloop
  endfacet
  facet normal -0.130565 -0.99144 0
    outer loop
      vertex 46.42 -42.1586 -22.2
      vertex 47.07 -42.2442 -19.15
      vertex 46.42 -42.1586 -19.15
    endloop
  endfacet
  facet normal -0.130565 -0.99144 -0
    outer loop
      vertex 47.07 -42.2442 -19.15
      vertex 46.42 -42.1586 -22.2
      vertex 47.07 -42.2442 -22.2
    endloop
  endfacet
  facet normal -0.923874 -0.382698 0
    outer loop
      vertex 48.8458 -44.02 -19.15
      vertex 48.5949 -43.4143 -19.15
      vertex 48.5949 -43.4143 -22.2
    endloop
  endfacet
  facet normal -0.923874 -0.382698 -0
    outer loop
      vertex 48.8458 -44.02 -19.15
      vertex 48.5949 -43.4143 -22.2
      vertex 48.8458 -44.02 -22.2
    endloop
  endfacet
  facet normal -0.923874 -0.382698 0
    outer loop
      vertex 48.5949 -43.4143 -19.15
      vertex 48.8458 -44.02 -19.15
      vertex 48.5949 -43.4143 5.9464
    endloop
  endfacet
  facet normal -0.923874 -0.382698 0
    outer loop
      vertex 48.5949 -43.4143 5.9464
      vertex 48.8458 -44.02 -19.15
      vertex 48.8458 -44.02 5.9464
    endloop
  endfacet
  facet normal -0.382698 -0.923874 0
    outer loop
      vertex 47.07 -42.2442 -19.15
      vertex 47.6757 -42.4951 5.9464
      vertex 47.07 -42.2442 5.9464
    endloop
  endfacet
  facet normal -0.382698 -0.923874 0
    outer loop
      vertex 47.07 -42.2442 -19.15
      vertex 47.6757 -42.4951 -19.15
      vertex 47.6757 -42.4951 5.9464
    endloop
  endfacet
  facet normal -0.382698 -0.923874 0
    outer loop
      vertex 47.07 -42.2442 -22.2
      vertex 47.6757 -42.4951 -19.15
      vertex 47.07 -42.2442 -19.15
    endloop
  endfacet
  facet normal -0.382698 -0.923874 -0
    outer loop
      vertex 47.6757 -42.4951 -19.15
      vertex 47.07 -42.2442 -22.2
      vertex 47.6757 -42.4951 -22.2
    endloop
  endfacet
  facet normal 0.99144 -0.130565 0
    outer loop
      vertex 43.9086 -44.67 -19.15
      vertex 43.9942 -44.02 -19.15
      vertex 43.9942 -44.02 5.9464
    endloop
  endfacet
  facet normal 0.99144 -0.130565 0
    outer loop
      vertex 43.9086 -44.67 -19.15
      vertex 43.9942 -44.02 5.9464
      vertex 43.9086 -44.67 5.9464
    endloop
  endfacet
  facet normal 0.99144 -0.130565 0
    outer loop
      vertex 43.9942 -44.02 -19.15
      vertex 43.9086 -44.67 -19.15
      vertex 43.9942 -44.02 -22.2
    endloop
  endfacet
  facet normal 0.99144 -0.130565 0
    outer loop
      vertex 43.9942 -44.02 -22.2
      vertex 43.9086 -44.67 -19.15
      vertex 43.9086 -44.67 -22.2
    endloop
  endfacet
  facet normal 0.382698 0.923874 -0
    outer loop
      vertex 45.77 -47.0958 -19.15
      vertex 45.1643 -46.8449 5.9464
      vertex 45.77 -47.0958 5.9464
    endloop
  endfacet
  facet normal 0.382698 0.923874 0
    outer loop
      vertex 45.77 -47.0958 -19.15
      vertex 45.1643 -46.8449 -19.15
      vertex 45.1643 -46.8449 5.9464
    endloop
  endfacet
  facet normal 0.382698 0.923874 -0
    outer loop
      vertex 45.77 -47.0958 -22.2
      vertex 45.1643 -46.8449 -19.15
      vertex 45.77 -47.0958 -19.15
    endloop
  endfacet
  facet normal 0.382698 0.923874 0
    outer loop
      vertex 45.1643 -46.8449 -19.15
      vertex 45.77 -47.0958 -22.2
      vertex 45.1643 -46.8449 -22.2
    endloop
  endfacet
  facet normal -0.608774 -0.793344 0
    outer loop
      vertex 47.6757 -42.4951 -19.15
      vertex 48.1958 -42.8942 5.9464
      vertex 47.6757 -42.4951 5.9464
    endloop
  endfacet
  facet normal -0.608774 -0.793344 0
    outer loop
      vertex 47.6757 -42.4951 -19.15
      vertex 48.1958 -42.8942 -19.15
      vertex 48.1958 -42.8942 5.9464
    endloop
  endfacet
  facet normal -0.608774 -0.793344 0
    outer loop
      vertex 47.6757 -42.4951 -22.2
      vertex 48.1958 -42.8942 -19.15
      vertex 47.6757 -42.4951 -19.15
    endloop
  endfacet
  facet normal -0.608774 -0.793344 -0
    outer loop
      vertex 48.1958 -42.8942 -19.15
      vertex 47.6757 -42.4951 -22.2
      vertex 48.1958 -42.8942 -22.2
    endloop
  endfacet
  facet normal 0.130565 0.99144 -0
    outer loop
      vertex 46.42 -47.1814 -19.15
      vertex 45.77 -47.0958 5.9464
      vertex 46.42 -47.1814 5.9464
    endloop
  endfacet
  facet normal 0.130565 0.99144 0
    outer loop
      vertex 46.42 -47.1814 -19.15
      vertex 45.77 -47.0958 -19.15
      vertex 45.77 -47.0958 5.9464
    endloop
  endfacet
  facet normal 0.130565 0.99144 -0
    outer loop
      vertex 46.42 -47.1814 -22.2
      vertex 45.77 -47.0958 -19.15
      vertex 46.42 -47.1814 -19.15
    endloop
  endfacet
  facet normal 0.130565 0.99144 0
    outer loop
      vertex 45.77 -47.0958 -19.15
      vertex 46.42 -47.1814 -22.2
      vertex 45.77 -47.0958 -22.2
    endloop
  endfacet
  facet normal 0.608774 -0.793344 0
    outer loop
      vertex 44.6442 -42.8942 -19.15
      vertex 45.1643 -42.4951 5.9464
      vertex 44.6442 -42.8942 5.9464
    endloop
  endfacet
  facet normal 0.608774 -0.793344 0
    outer loop
      vertex 44.6442 -42.8942 -19.15
      vertex 45.1643 -42.4951 -19.15
      vertex 45.1643 -42.4951 5.9464
    endloop
  endfacet
  facet normal 0.608774 -0.793344 0
    outer loop
      vertex 44.6442 -42.8942 -22.2
      vertex 45.1643 -42.4951 -19.15
      vertex 44.6442 -42.8942 -19.15
    endloop
  endfacet
  facet normal 0.608774 -0.793344 0
    outer loop
      vertex 45.1643 -42.4951 -19.15
      vertex 44.6442 -42.8942 -22.2
      vertex 45.1643 -42.4951 -22.2
    endloop
  endfacet
  facet normal 0.99144 0.130565 0
    outer loop
      vertex 43.9942 -45.32 -19.15
      vertex 43.9086 -44.67 -19.15
      vertex 43.9086 -44.67 5.9464
    endloop
  endfacet
  facet normal 0.99144 0.130565 -0
    outer loop
      vertex 43.9942 -45.32 -19.15
      vertex 43.9086 -44.67 5.9464
      vertex 43.9942 -45.32 5.9464
    endloop
  endfacet
  facet normal 0.99144 0.130565 0
    outer loop
      vertex 43.9086 -44.67 -19.15
      vertex 43.9942 -45.32 -19.15
      vertex 43.9086 -44.67 -22.2
    endloop
  endfacet
  facet normal 0.99144 0.130565 0
    outer loop
      vertex 43.9086 -44.67 -22.2
      vertex 43.9942 -45.32 -19.15
      vertex 43.9942 -45.32 -22.2
    endloop
  endfacet
  facet normal 0.793344 -0.608774 0
    outer loop
      vertex 44.2451 -43.4143 -19.15
      vertex 44.6442 -42.8942 -19.15
      vertex 44.6442 -42.8942 5.9464
    endloop
  endfacet
  facet normal 0.793344 -0.608774 0
    outer loop
      vertex 44.2451 -43.4143 -19.15
      vertex 44.6442 -42.8942 5.9464
      vertex 44.2451 -43.4143 5.9464
    endloop
  endfacet
  facet normal 0.793344 -0.608774 0
    outer loop
      vertex 44.6442 -42.8942 -19.15
      vertex 44.2451 -43.4143 -19.15
      vertex 44.6442 -42.8942 -22.2
    endloop
  endfacet
  facet normal 0.793344 -0.608774 0
    outer loop
      vertex 44.6442 -42.8942 -22.2
      vertex 44.2451 -43.4143 -19.15
      vertex 44.2451 -43.4143 -22.2
    endloop
  endfacet
  facet normal 0.382698 -0.923874 0
    outer loop
      vertex 45.1643 -42.4951 -19.15
      vertex 45.77 -42.2442 5.9464
      vertex 45.1643 -42.4951 5.9464
    endloop
  endfacet
  facet normal 0.382698 -0.923874 0
    outer loop
      vertex 45.1643 -42.4951 -19.15
      vertex 45.77 -42.2442 -19.15
      vertex 45.77 -42.2442 5.9464
    endloop
  endfacet
  facet normal 0.382698 -0.923874 0
    outer loop
      vertex 45.1643 -42.4951 -22.2
      vertex 45.77 -42.2442 -19.15
      vertex 45.1643 -42.4951 -19.15
    endloop
  endfacet
  facet normal 0.382698 -0.923874 0
    outer loop
      vertex 45.77 -42.2442 -19.15
      vertex 45.1643 -42.4951 -22.2
      vertex 45.77 -42.2442 -22.2
    endloop
  endfacet
  facet normal 0.923874 0.382698 0
    outer loop
      vertex 44.2451 -45.9257 -19.15
      vertex 43.9942 -45.32 -19.15
      vertex 43.9942 -45.32 5.9464
    endloop
  endfacet
  facet normal 0.923874 0.382698 -0
    outer loop
      vertex 44.2451 -45.9257 -19.15
      vertex 43.9942 -45.32 5.9464
      vertex 44.2451 -45.9257 5.9464
    endloop
  endfacet
  facet normal 0.923874 0.382698 0
    outer loop
      vertex 43.9942 -45.32 -19.15
      vertex 44.2451 -45.9257 -19.15
      vertex 43.9942 -45.32 -22.2
    endloop
  endfacet
  facet normal 0.923874 0.382698 0
    outer loop
      vertex 43.9942 -45.32 -22.2
      vertex 44.2451 -45.9257 -19.15
      vertex 44.2451 -45.9257 -22.2
    endloop
  endfacet
  facet normal 0 0 -1
    outer loop
      vertex 48.2202 -44.67 5.9464
      vertex 48.9314 -44.67 5.9464
      vertex 48.8458 -45.32 5.9464
    endloop
  endfacet
  facet normal 0 0 -1
    outer loop
      vertex 48.1589 -45.1359 5.9464
      vertex 48.8458 -45.32 5.9464
      vertex 48.5949 -45.9257 5.9464
    endloop
  endfacet
  facet normal 0 0 -1
    outer loop
      vertex 48.9314 -44.67 5.9464
      vertex 48.2202 -44.67 5.9464
      vertex 48.8458 -44.02 5.9464
    endloop
  endfacet
  facet normal 0 0 -1
    outer loop
      vertex 48.1589 -44.2041 5.9464
      vertex 48.8458 -44.02 5.9464
      vertex 48.2202 -44.67 5.9464
    endloop
  endfacet
  facet normal 0 0 -1
    outer loop
      vertex 47.979 -45.5701 5.9464
      vertex 48.5949 -45.9257 5.9464
      vertex 48.1958 -46.4458 5.9464
    endloop
  endfacet
  facet normal 0 0 -1
    outer loop
      vertex 48.8458 -45.32 5.9464
      vertex 48.1589 -45.1359 5.9464
      vertex 48.2202 -44.67 5.9464
    endloop
  endfacet
  facet normal 0 0 -1
    outer loop
      vertex 48.5949 -45.9257 5.9464
      vertex 47.979 -45.5701 5.9464
      vertex 48.1589 -45.1359 5.9464
    endloop
  endfacet
  facet normal 0 0 -1
    outer loop
      vertex 48.1958 -46.4458 5.9464
      vertex 47.6929 -45.9429 5.9464
      vertex 47.979 -45.5701 5.9464
    endloop
  endfacet
  facet normal 0 0 -1
    outer loop
      vertex 47.6757 -46.8449 5.9464
      vertex 47.6929 -45.9429 5.9464
      vertex 48.1958 -46.4458 5.9464
    endloop
  endfacet
  facet normal 0 0 -1
    outer loop
      vertex 47.6757 -46.8449 5.9464
      vertex 47.3201 -46.229 5.9464
      vertex 47.6929 -45.9429 5.9464
    endloop
  endfacet
  facet normal 0 0 -1
    outer loop
      vertex 47.07 -47.0958 5.9464
      vertex 47.3201 -46.229 5.9464
      vertex 47.6757 -46.8449 5.9464
    endloop
  endfacet
  facet normal 0 0 -1
    outer loop
      vertex 47.07 -47.0958 5.9464
      vertex 46.8859 -46.4089 5.9464
      vertex 47.3201 -46.229 5.9464
    endloop
  endfacet
  facet normal 0 0 -1
    outer loop
      vertex 46.42 -47.1814 5.9464
      vertex 46.8859 -46.4089 5.9464
      vertex 47.07 -47.0958 5.9464
    endloop
  endfacet
  facet normal 0 0 -1
    outer loop
      vertex 46.42 -47.1814 5.9464
      vertex 46.42 -46.4702 5.9464
      vertex 46.8859 -46.4089 5.9464
    endloop
  endfacet
  facet normal 0 0 -1
    outer loop
      vertex 46.42 -47.1814 5.9464
      vertex 45.9541 -46.4089 5.9464
      vertex 46.42 -46.4702 5.9464
    endloop
  endfacet
  facet normal 0 0 -1
    outer loop
      vertex 45.77 -47.0958 5.9464
      vertex 45.9541 -46.4089 5.9464
      vertex 46.42 -47.1814 5.9464
    endloop
  endfacet
  facet normal 0 0 -1
    outer loop
      vertex 45.77 -47.0958 5.9464
      vertex 45.5199 -46.229 5.9464
      vertex 45.9541 -46.4089 5.9464
    endloop
  endfacet
  facet normal 0 0 -1
    outer loop
      vertex 45.1643 -46.8449 5.9464
      vertex 45.5199 -46.229 5.9464
      vertex 45.77 -47.0958 5.9464
    endloop
  endfacet
  facet normal 0 0 -1
    outer loop
      vertex 45.1643 -46.8449 5.9464
      vertex 45.1471 -45.9429 5.9464
      vertex 45.5199 -46.229 5.9464
    endloop
  endfacet
  facet normal 0 0 -1
    outer loop
      vertex 44.6442 -46.4458 5.9464
      vertex 45.1471 -45.9429 5.9464
      vertex 45.1643 -46.8449 5.9464
    endloop
  endfacet
  facet normal -0 0 -1
    outer loop
      vertex 45.1471 -45.9429 5.9464
      vertex 44.6442 -46.4458 5.9464
      vertex 44.861 -45.5701 5.9464
    endloop
  endfacet
  facet normal 0 0 -1
    outer loop
      vertex 44.2451 -45.9257 5.9464
      vertex 44.861 -45.5701 5.9464
      vertex 44.6442 -46.4458 5.9464
    endloop
  endfacet
  facet normal -0 0 -1
    outer loop
      vertex 44.861 -45.5701 5.9464
      vertex 44.2451 -45.9257 5.9464
      vertex 44.6811 -45.1359 5.9464
    endloop
  endfacet
  facet normal 0 0 -1
    outer loop
      vertex 43.9942 -45.32 5.9464
      vertex 44.6811 -45.1359 5.9464
      vertex 44.2451 -45.9257 5.9464
    endloop
  endfacet
  facet normal -0 0 -1
    outer loop
      vertex 48.8458 -44.02 5.9464
      vertex 48.1589 -44.2041 5.9464
      vertex 48.5949 -43.4143 5.9464
    endloop
  endfacet
  facet normal 0 0 -1
    outer loop
      vertex 47.979 -43.7699 5.9464
      vertex 48.5949 -43.4143 5.9464
      vertex 48.1589 -44.2041 5.9464
    endloop
  endfacet
  facet normal -0 0 -1
    outer loop
      vertex 48.5949 -43.4143 5.9464
      vertex 47.979 -43.7699 5.9464
      vertex 48.1958 -42.8942 5.9464
    endloop
  endfacet
  facet normal 0 0 -1
    outer loop
      vertex 47.6929 -43.3971 5.9464
      vertex 48.1958 -42.8942 5.9464
      vertex 47.979 -43.7699 5.9464
    endloop
  endfacet
  facet normal 0 0 -1
    outer loop
      vertex 47.6929 -43.3971 5.9464
      vertex 47.6757 -42.4951 5.9464
      vertex 48.1958 -42.8942 5.9464
    endloop
  endfacet
  facet normal 0 0 -1
    outer loop
      vertex 47.3201 -43.111 5.9464
      vertex 47.6757 -42.4951 5.9464
      vertex 47.6929 -43.3971 5.9464
    endloop
  endfacet
  facet normal 0 0 -1
    outer loop
      vertex 47.3201 -43.111 5.9464
      vertex 47.07 -42.2442 5.9464
      vertex 47.6757 -42.4951 5.9464
    endloop
  endfacet
  facet normal 0 0 -1
    outer loop
      vertex 46.8859 -42.9311 5.9464
      vertex 47.07 -42.2442 5.9464
      vertex 47.3201 -43.111 5.9464
    endloop
  endfacet
  facet normal 0 0 -1
    outer loop
      vertex 46.42 -42.8698 5.9464
      vertex 47.07 -42.2442 5.9464
      vertex 46.8859 -42.9311 5.9464
    endloop
  endfacet
  facet normal 0 0 -1
    outer loop
      vertex 46.42 -42.8698 5.9464
      vertex 46.42 -42.1586 5.9464
      vertex 47.07 -42.2442 5.9464
    endloop
  endfacet
  facet normal 0 0 -1
    outer loop
      vertex 45.9541 -42.9311 5.9464
      vertex 46.42 -42.1586 5.9464
      vertex 46.42 -42.8698 5.9464
    endloop
  endfacet
  facet normal 0 0 -1
    outer loop
      vertex 45.9541 -42.9311 5.9464
      vertex 45.77 -42.2442 5.9464
      vertex 46.42 -42.1586 5.9464
    endloop
  endfacet
  facet normal 0 0 -1
    outer loop
      vertex 45.5199 -43.111 5.9464
      vertex 45.77 -42.2442 5.9464
      vertex 45.9541 -42.9311 5.9464
    endloop
  endfacet
  facet normal 0 0 -1
    outer loop
      vertex 45.5199 -43.111 5.9464
      vertex 45.1643 -42.4951 5.9464
      vertex 45.77 -42.2442 5.9464
    endloop
  endfacet
  facet normal 0 0 -1
    outer loop
      vertex 45.1471 -43.3971 5.9464
      vertex 45.1643 -42.4951 5.9464
      vertex 45.5199 -43.111 5.9464
    endloop
  endfacet
  facet normal 0 0 -1
    outer loop
      vertex 44.6442 -42.8942 5.9464
      vertex 45.1471 -43.3971 5.9464
      vertex 44.861 -43.7699 5.9464
    endloop
  endfacet
  facet normal 0 0 -1
    outer loop
      vertex 44.2451 -43.4143 5.9464
      vertex 44.861 -43.7699 5.9464
      vertex 44.6811 -44.2041 5.9464
    endloop
  endfacet
  facet normal 0 0 -1
    outer loop
      vertex 45.1471 -43.3971 5.9464
      vertex 44.6442 -42.8942 5.9464
      vertex 45.1643 -42.4951 5.9464
    endloop
  endfacet
  facet normal 0 0 -1
    outer loop
      vertex 43.9942 -44.02 5.9464
      vertex 44.6811 -44.2041 5.9464
      vertex 44.6198 -44.67 5.9464
    endloop
  endfacet
  facet normal -0 0 -1
    outer loop
      vertex 44.6811 -45.1359 5.9464
      vertex 43.9942 -45.32 5.9464
      vertex 44.6198 -44.67 5.9464
    endloop
  endfacet
  facet normal 0 0 -1
    outer loop
      vertex 44.861 -43.7699 5.9464
      vertex 44.2451 -43.4143 5.9464
      vertex 44.6442 -42.8942 5.9464
    endloop
  endfacet
  facet normal 0 0 -1
    outer loop
      vertex 43.9086 -44.67 5.9464
      vertex 44.6198 -44.67 5.9464
      vertex 43.9942 -45.32 5.9464
    endloop
  endfacet
  facet normal 0 0 -1
    outer loop
      vertex 44.6811 -44.2041 5.9464
      vertex 43.9942 -44.02 5.9464
      vertex 44.2451 -43.4143 5.9464
    endloop
  endfacet
  facet normal 0 0 -1
    outer loop
      vertex 44.6198 -44.67 5.9464
      vertex 43.9086 -44.67 5.9464
      vertex 43.9942 -44.02 5.9464
    endloop
  endfacet
  facet normal 0.95107 -0.308975 0
    outer loop
      vertex 54.2889 -50.4471 0
      vertex 54.3644 -50.2147 -22.2
      vertex 54.3644 -50.2147 0
    endloop
  endfacet
  facet normal 0.95107 -0.308975 0
    outer loop
      vertex 54.3644 -50.2147 -22.2
      vertex 54.2889 -50.4471 0
      vertex 54.2889 -50.4471 -22.2
    endloop
  endfacet
  facet normal 1 0 0
    outer loop
      vertex 54.5 -32.75 0
      vertex 54.5 -49.25 0
      vertex 54.5 -32.75 -19.15
    endloop
  endfacet
  facet normal 1 0 0
    outer loop
      vertex 54.5 -6.25 -19.15
      vertex 54.5 49.25 0
      vertex 54.5 -6.25 0
    endloop
  endfacet
  facet normal 1 0 0
    outer loop
      vertex 54.5 49.25 0
      vertex 54.5 -6.25 -19.15
      vertex 54.5 49.25 -22.2
    endloop
  endfacet
  facet normal 1 0 0
    outer loop
      vertex 54.5 -49.25 -22.2
      vertex 54.5 -6.25 -19.15
      vertex 54.5 -32.75 -19.15
    endloop
  endfacet
  facet normal 1 0 0
    outer loop
      vertex 54.5 -6.25 -19.15
      vertex 54.5 -49.25 -22.2
      vertex 54.5 49.25 -22.2
    endloop
  endfacet
  facet normal 1 0 0
    outer loop
      vertex 54.5 -49.25 -22.2
      vertex 54.5 -32.75 -19.15
      vertex 54.5 -49.25 0
    endloop
  endfacet
  facet normal -0.275424 0.961323 0
    outer loop
      vertex -51.8467 52.646 -22.2
      vertex -52.0816 52.5787 0
      vertex -51.8467 52.646 0
    endloop
  endfacet
  facet normal -0.275424 0.961323 0
    outer loop
      vertex -52.0816 52.5787 0
      vertex -51.8467 52.646 -22.2
      vertex -52.0816 52.5787 -22.2
    endloop
  endfacet
  facet normal -0.95107 0.308975 0
    outer loop
      vertex -54.3644 50.2147 -22.2
      vertex -54.2889 50.4471 0
      vertex -54.2889 50.4471 -22.2
    endloop
  endfacet
  facet normal -0.95107 0.308975 0
    outer loop
      vertex -54.2889 50.4471 0
      vertex -54.3644 50.2147 -22.2
      vertex -54.3644 50.2147 0
    endloop
  endfacet
  facet normal 0.694719 0.719282 -0
    outer loop
      vertex 53.5177 51.6813 -22.2
      vertex 53.342 51.851 0
      vertex 53.5177 51.6813 0
    endloop
  endfacet
  facet normal 0.694719 0.719282 0
    outer loop
      vertex 53.342 51.851 0
      vertex 53.5177 51.6813 -22.2
      vertex 53.342 51.851 -22.2
    endloop
  endfacet
  facet normal 0 -1 0
    outer loop
      vertex -51.1221 -52.7479 -22.2
      vertex 51.1221 -52.7479 0
      vertex -51.1221 -52.7479 0
    endloop
  endfacet
  facet normal 0 -1 -0
    outer loop
      vertex 51.1221 -52.7479 0
      vertex -51.1221 -52.7479 -22.2
      vertex 51.1221 -52.7479 -22.2
    endloop
  endfacet
  facet normal 0.694719 -0.719282 0
    outer loop
      vertex 53.342 -51.851 -22.2
      vertex 53.5177 -51.6813 0
      vertex 53.342 -51.851 0
    endloop
  endfacet
  facet normal 0.694719 -0.719282 0
    outer loop
      vertex 53.5177 -51.6813 0
      vertex 53.342 -51.851 -22.2
      vertex 53.5177 -51.6813 -22.2
    endloop
  endfacet
  facet normal 0.898804 -0.438351 0
    outer loop
      vertex 54.0903 -50.8932 0
      vertex 54.1974 -50.6736 -22.2
      vertex 54.1974 -50.6736 0
    endloop
  endfacet
  facet normal 0.898804 -0.438351 0
    outer loop
      vertex 54.1974 -50.6736 -22.2
      vertex 54.0903 -50.8932 0
      vertex 54.0903 -50.8932 -22.2
    endloop
  endfacet
  facet normal -0.898804 -0.438351 0
    outer loop
      vertex -54.0903 -50.8932 -22.2
      vertex -54.1974 -50.6736 0
      vertex -54.1974 -50.6736 -22.2
    endloop
  endfacet
  facet normal -0.898804 -0.438351 0
    outer loop
      vertex -54.1974 -50.6736 0
      vertex -54.0903 -50.8932 -22.2
      vertex -54.0903 -50.8932 0
    endloop
  endfacet
  facet normal 0.898804 0.438351 0
    outer loop
      vertex 54.1974 50.6736 0
      vertex 54.0903 50.8932 -22.2
      vertex 54.0903 50.8932 0
    endloop
  endfacet
  facet normal 0.898804 0.438351 0
    outer loop
      vertex 54.0903 50.8932 -22.2
      vertex 54.1974 50.6736 0
      vertex 54.1974 50.6736 -22.2
    endloop
  endfacet
  facet normal -1 0 0
    outer loop
      vertex -54.5 49.25 -22.2
      vertex -54.5 38.75 -1.2
      vertex -54.5 49.25 0
    endloop
  endfacet
  facet normal -1 0 0
    outer loop
      vertex -54.5 49.25 -22.2
      vertex -54.5 15.25 -1.2
      vertex -54.5 38.75 -1.2
    endloop
  endfacet
  facet normal -1 0 0
    outer loop
      vertex -54.5 -1.75 0
      vertex -54.5 15.25 -1.2
      vertex -54.5 -1.75 -6.7
    endloop
  endfacet
  facet normal -1 0 0
    outer loop
      vertex -54.5 49.25 -22.2
      vertex -54.5 -1.75 -6.7
      vertex -54.5 15.25 -1.2
    endloop
  endfacet
  facet normal -1 0 0
    outer loop
      vertex -54.5 -49.25 -22.2
      vertex -54.5 -1.75 -6.7
      vertex -54.5 49.25 -22.2
    endloop
  endfacet
  facet normal -1 -0 0
    outer loop
      vertex -54.5 -1.75 -6.7
      vertex -54.5 -49.25 -22.2
      vertex -54.5 -12.75 -6.7
    endloop
  endfacet
  facet normal -1 0 0
    outer loop
      vertex -54.5 -49.25 0
      vertex -54.5 -12.75 -6.7
      vertex -54.5 -49.25 -22.2
    endloop
  endfacet
  facet normal -1 0 0
    outer loop
      vertex -54.5 -12.75 -6.7
      vertex -54.5 -49.25 0
      vertex -54.5 -12.75 0
    endloop
  endfacet
  facet normal -1 -0 0
    outer loop
      vertex -54.5 49.25 0
      vertex -54.5 38.75 -1.2
      vertex -54.5 38.75 0
    endloop
  endfacet
  facet normal -1 0 0
    outer loop
      vertex -54.5 15.25 -1.2
      vertex -54.5 -1.75 0
      vertex -54.5 15.25 0
    endloop
  endfacet
  facet normal 0 1 -0
    outer loop
      vertex 51.1221 52.7479 -22.2
      vertex -51.1221 52.7479 0
      vertex 51.1221 52.7479 0
    endloop
  endfacet
  facet normal 0 1 0
    outer loop
      vertex -51.1221 52.7479 0
      vertex 51.1221 52.7479 -22.2
      vertex -51.1221 52.7479 -22.2
    endloop
  endfacet
  facet normal -0.927201 -0.374565 0
    outer loop
      vertex -54.1974 -50.6736 -22.2
      vertex -54.2889 -50.4471 0
      vertex -54.2889 -50.4471 -22.2
    endloop
  endfacet
  facet normal -0.927201 -0.374565 0
    outer loop
      vertex -54.2889 -50.4471 0
      vertex -54.1974 -50.6736 -22.2
      vertex -54.1974 -50.6736 0
    endloop
  endfacet
  facet normal -0.898804 0.438351 0
    outer loop
      vertex -54.1974 50.6736 -22.2
      vertex -54.0903 50.8932 0
      vertex -54.0903 50.8932 -22.2
    endloop
  endfacet
  facet normal -0.898804 0.438351 0
    outer loop
      vertex -54.0903 50.8932 0
      vertex -54.1974 50.6736 -22.2
      vertex -54.1974 50.6736 0
    endloop
  endfacet
  facet normal 0.829015 -0.559227 0
    outer loop
      vertex 53.8316 -51.3072 0
      vertex 53.9682 -51.1047 -22.2
      vertex 53.9682 -51.1047 0
    endloop
  endfacet
  facet normal 0.829015 -0.559227 0
    outer loop
      vertex 53.9682 -51.1047 -22.2
      vertex 53.8316 -51.3072 0
      vertex 53.8316 -51.3072 -22.2
    endloop
  endfacet
  facet normal 0.529999 0.847998 -0
    outer loop
      vertex 52.9572 52.1516 -22.2
      vertex 52.75 52.2811 0
      vertex 52.9572 52.1516 0
    endloop
  endfacet
  facet normal 0.529999 0.847998 0
    outer loop
      vertex 52.75 52.2811 0
      vertex 52.9572 52.1516 -22.2
      vertex 52.75 52.2811 -22.2
    endloop
  endfacet
  facet normal 0.139129 0.990274 -0
    outer loop
      vertex 51.6078 52.6968 -22.2
      vertex 51.3658 52.7308 0
      vertex 51.6078 52.6968 0
    endloop
  endfacet
  facet normal 0.139129 0.990274 0
    outer loop
      vertex 51.3658 52.7308 0
      vertex 51.6078 52.6968 -22.2
      vertex 51.3658 52.7308 -22.2
    endloop
  endfacet
  facet normal 0.0699961 0.997547 -0
    outer loop
      vertex 51.3658 52.7308 -22.2
      vertex 51.1221 52.7479 0
      vertex 51.3658 52.7308 0
    endloop
  endfacet
  facet normal 0.0699961 0.997547 0
    outer loop
      vertex 51.1221 52.7479 0
      vertex 51.3658 52.7308 -22.2
      vertex 51.1221 52.7479 -22.2
    endloop
  endfacet
  facet normal 0.999394 0.0348007 0
    outer loop
      vertex 54.5 49.25 0
      vertex 54.4915 49.4941 -22.2
      vertex 54.4915 49.4941 0
    endloop
  endfacet
  facet normal 0.999394 0.0348007 0
    outer loop
      vertex 54.4915 49.4941 -22.2
      vertex 54.5 49.25 0
      vertex 54.5 49.25 -22.2
    endloop
  endfacet
  facet normal 0.58788 -0.808948 0
    outer loop
      vertex 52.9572 -52.1516 -22.2
      vertex 53.1548 -52.008 0
      vertex 52.9572 -52.1516 0
    endloop
  endfacet
  facet normal 0.58788 -0.808948 0
    outer loop
      vertex 53.1548 -52.008 0
      vertex 52.9572 -52.1516 -22.2
      vertex 53.1548 -52.008 -22.2
    endloop
  endfacet
  facet normal -0.927201 0.374565 0
    outer loop
      vertex -54.2889 50.4471 -22.2
      vertex -54.1974 50.6736 0
      vertex -54.1974 50.6736 -22.2
    endloop
  endfacet
  facet normal -0.927201 0.374565 0
    outer loop
      vertex -54.1974 50.6736 0
      vertex -54.2889 50.4471 -22.2
      vertex -54.2889 50.4471 0
    endloop
  endfacet
  facet normal -0.342269 -0.939602 0
    outer loop
      vertex -52.3111 -52.4951 -22.2
      vertex -52.0816 -52.5787 0
      vertex -52.3111 -52.4951 0
    endloop
  endfacet
  facet normal -0.342269 -0.939602 -0
    outer loop
      vertex -52.0816 -52.5787 0
      vertex -52.3111 -52.4951 -22.2
      vertex -52.0816 -52.5787 -22.2
    endloop
  endfacet
  facet normal -0.207991 0.978131 0
    outer loop
      vertex -51.6078 52.6968 -22.2
      vertex -51.8467 52.646 0
      vertex -51.6078 52.6968 0
    endloop
  endfacet
  facet normal -0.207991 0.978131 0
    outer loop
      vertex -51.8467 52.646 0
      vertex -51.6078 52.6968 -22.2
      vertex -51.8467 52.646 -22.2
    endloop
  endfacet
  facet normal 0.788161 -0.615469 0
    outer loop
      vertex 53.6812 -51.4998 0
      vertex 53.8316 -51.3072 -22.2
      vertex 53.8316 -51.3072 0
    endloop
  endfacet
  facet normal 0.788161 -0.615469 0
    outer loop
      vertex 53.8316 -51.3072 -22.2
      vertex 53.6812 -51.4998 0
      vertex 53.6812 -51.4998 -22.2
    endloop
  endfacet
  facet normal -0.994496 -0.10477 0
    outer loop
      vertex -54.4659 -49.7371 -22.2
      vertex -54.4915 -49.4941 0
      vertex -54.4915 -49.4941 -22.2
    endloop
  endfacet
  facet normal -0.994496 -0.10477 0
    outer loop
      vertex -54.4915 -49.4941 0
      vertex -54.4659 -49.7371 -22.2
      vertex -54.4659 -49.7371 0
    endloop
  endfacet
  facet normal 0.469504 0.88293 -0
    outer loop
      vertex 52.75 52.2811 -22.2
      vertex 52.5343 52.3958 0
      vertex 52.75 52.2811 0
    endloop
  endfacet
  facet normal 0.469504 0.88293 0
    outer loop
      vertex 52.5343 52.3958 0
      vertex 52.75 52.2811 -22.2
      vertex 52.5343 52.3958 -22.2
    endloop
  endfacet
  facet normal 0.742989 0.669304 0
    outer loop
      vertex 53.6812 51.4998 0
      vertex 53.5177 51.6813 -22.2
      vertex 53.5177 51.6813 0
    endloop
  endfacet
  facet normal 0.742989 0.669304 0
    outer loop
      vertex 53.5177 51.6813 -22.2
      vertex 53.6812 51.4998 0
      vertex 53.6812 51.4998 -22.2
    endloop
  endfacet
  facet normal 0 0 -1
    outer loop
      vertex -44.6442 -42.8942 -22.2
      vertex 44.6442 -42.8942 -22.2
      vertex -44.2451 -43.4143 -22.2
    endloop
  endfacet
  facet normal 0 0 -1
    outer loop
      vertex 44.6442 42.8942 -22.2
      vertex -43.9942 44.02 -22.2
      vertex -43.9086 44.67 -22.2
    endloop
  endfacet
  facet normal 0 0 -1
    outer loop
      vertex 44.6442 -42.8942 -22.2
      vertex -44.6442 -42.8942 -22.2
      vertex 44.6442 42.8942 -22.2
    endloop
  endfacet
  facet normal 0 0 -1
    outer loop
      vertex 44.6442 42.8942 -22.2
      vertex -44.2451 43.4143 -22.2
      vertex -43.9942 44.02 -22.2
    endloop
  endfacet
  facet normal 0 0 -1
    outer loop
      vertex -44.6442 42.8942 -22.2
      vertex 44.6442 42.8942 -22.2
      vertex -44.6442 -42.8942 -22.2
    endloop
  endfacet
  facet normal 0 0 -1
    outer loop
      vertex 44.6442 42.8942 -22.2
      vertex -44.6442 42.8942 -22.2
      vertex -44.2451 43.4143 -22.2
    endloop
  endfacet
  facet normal 0 0 -1
    outer loop
      vertex -45.1643 -42.4951 -22.2
      vertex -44.6442 42.8942 -22.2
      vertex -44.6442 -42.8942 -22.2
    endloop
  endfacet
  facet normal 0 0 -1
    outer loop
      vertex -45.1643 -42.4951 -22.2
      vertex -45.1643 42.4951 -22.2
      vertex -44.6442 42.8942 -22.2
    endloop
  endfacet
  facet normal 0 0 -1
    outer loop
      vertex -45.77 -42.2442 -22.2
      vertex -45.1643 42.4951 -22.2
      vertex -45.1643 -42.4951 -22.2
    endloop
  endfacet
  facet normal 0 0 -1
    outer loop
      vertex -45.77 -42.2442 -22.2
      vertex -45.77 42.2442 -22.2
      vertex -45.1643 42.4951 -22.2
    endloop
  endfacet
  facet normal 0 0 -1
    outer loop
      vertex -46.42 -42.1586 -22.2
      vertex -45.77 42.2442 -22.2
      vertex -45.77 -42.2442 -22.2
    endloop
  endfacet
  facet normal 0 0 -1
    outer loop
      vertex -46.42 -42.1586 -22.2
      vertex -46.42 42.1586 -22.2
      vertex -45.77 42.2442 -22.2
    endloop
  endfacet
  facet normal 0 0 -1
    outer loop
      vertex -47.07 -42.2442 -22.2
      vertex -46.42 42.1586 -22.2
      vertex -46.42 -42.1586 -22.2
    endloop
  endfacet
  facet normal 0 0 -1
    outer loop
      vertex -47.07 -42.2442 -22.2
      vertex -47.07 42.2442 -22.2
      vertex -46.42 42.1586 -22.2
    endloop
  endfacet
  facet normal 0 0 -1
    outer loop
      vertex -47.6757 -42.4951 -22.2
      vertex -47.07 42.2442 -22.2
      vertex -47.07 -42.2442 -22.2
    endloop
  endfacet
  facet normal 0 0 -1
    outer loop
      vertex -47.6757 -42.4951 -22.2
      vertex -47.6757 42.4951 -22.2
      vertex -47.07 42.2442 -22.2
    endloop
  endfacet
  facet normal 0 0 -1
    outer loop
      vertex -48.1958 -42.8942 -22.2
      vertex -47.6757 42.4951 -22.2
      vertex -47.6757 -42.4951 -22.2
    endloop
  endfacet
  facet normal 0 0 -1
    outer loop
      vertex -48.1958 -42.8942 -22.2
      vertex -48.1958 42.8942 -22.2
      vertex -47.6757 42.4951 -22.2
    endloop
  endfacet
  facet normal 0 0 -1
    outer loop
      vertex -54.5 -49.25 -22.2
      vertex -48.1958 -42.8942 -22.2
      vertex -48.5949 -43.4143 -22.2
    endloop
  endfacet
  facet normal -0 0 -1
    outer loop
      vertex -48.1958 -42.8942 -22.2
      vertex -54.5 -49.25 -22.2
      vertex -48.1958 42.8942 -22.2
    endloop
  endfacet
  facet normal 0 0 -1
    outer loop
      vertex -54.5 -49.25 -22.2
      vertex -48.5949 -43.4143 -22.2
      vertex -48.8458 -44.02 -22.2
    endloop
  endfacet
  facet normal 0 0 -1
    outer loop
      vertex -54.5 49.25 -22.2
      vertex -48.1958 42.8942 -22.2
      vertex -54.5 -49.25 -22.2
    endloop
  endfacet
  facet normal 0 0 -1
    outer loop
      vertex -54.5 -49.25 -22.2
      vertex -48.8458 -44.02 -22.2
      vertex -48.9314 -44.67 -22.2
    endloop
  endfacet
  facet normal 0 0 -1
    outer loop
      vertex -48.1958 42.8942 -22.2
      vertex -54.5 49.25 -22.2
      vertex -48.5949 43.4143 -22.2
    endloop
  endfacet
  facet normal 0 0 -1
    outer loop
      vertex 48.1958 -42.8942 -22.2
      vertex 54.5 -49.25 -22.2
      vertex 48.5949 -43.4143 -22.2
    endloop
  endfacet
  facet normal 0 0 -1
    outer loop
      vertex 54.5 49.25 -22.2
      vertex 48.8458 44.02 -22.2
      vertex 48.9314 44.67 -22.2
    endloop
  endfacet
  facet normal 0 0 -1
    outer loop
      vertex 54.5 -49.25 -22.2
      vertex 48.1958 -42.8942 -22.2
      vertex 54.5 49.25 -22.2
    endloop
  endfacet
  facet normal 0 0 -1
    outer loop
      vertex 54.5 49.25 -22.2
      vertex 48.5949 43.4143 -22.2
      vertex 48.8458 44.02 -22.2
    endloop
  endfacet
  facet normal 0 0 -1
    outer loop
      vertex 48.1958 42.8942 -22.2
      vertex 54.5 49.25 -22.2
      vertex 48.1958 -42.8942 -22.2
    endloop
  endfacet
  facet normal 0 0 -1
    outer loop
      vertex 54.5 49.25 -22.2
      vertex 48.1958 42.8942 -22.2
      vertex 48.5949 43.4143 -22.2
    endloop
  endfacet
  facet normal 0 0 -1
    outer loop
      vertex 47.6757 -42.4951 -22.2
      vertex 48.1958 42.8942 -22.2
      vertex 48.1958 -42.8942 -22.2
    endloop
  endfacet
  facet normal 0 0 -1
    outer loop
      vertex 47.6757 -42.4951 -22.2
      vertex 47.6757 42.4951 -22.2
      vertex 48.1958 42.8942 -22.2
    endloop
  endfacet
  facet normal 0 0 -1
    outer loop
      vertex 47.07 -42.2442 -22.2
      vertex 47.6757 42.4951 -22.2
      vertex 47.6757 -42.4951 -22.2
    endloop
  endfacet
  facet normal 0 0 -1
    outer loop
      vertex 47.07 -42.2442 -22.2
      vertex 47.07 42.2442 -22.2
      vertex 47.6757 42.4951 -22.2
    endloop
  endfacet
  facet normal 0 0 -1
    outer loop
      vertex 46.42 -42.1586 -22.2
      vertex 47.07 42.2442 -22.2
      vertex 47.07 -42.2442 -22.2
    endloop
  endfacet
  facet normal 0 0 -1
    outer loop
      vertex 46.42 -42.1586 -22.2
      vertex 46.42 42.1586 -22.2
      vertex 47.07 42.2442 -22.2
    endloop
  endfacet
  facet normal 0 0 -1
    outer loop
      vertex 45.77 -42.2442 -22.2
      vertex 46.42 42.1586 -22.2
      vertex 46.42 -42.1586 -22.2
    endloop
  endfacet
  facet normal 0 0 -1
    outer loop
      vertex 45.77 -42.2442 -22.2
      vertex 45.77 42.2442 -22.2
      vertex 46.42 42.1586 -22.2
    endloop
  endfacet
  facet normal 0 0 -1
    outer loop
      vertex 45.1643 -42.4951 -22.2
      vertex 45.77 42.2442 -22.2
      vertex 45.77 -42.2442 -22.2
    endloop
  endfacet
  facet normal 0 0 -1
    outer loop
      vertex 45.1643 -42.4951 -22.2
      vertex 45.1643 42.4951 -22.2
      vertex 45.77 42.2442 -22.2
    endloop
  endfacet
  facet normal 0 0 -1
    outer loop
      vertex 44.6442 -42.8942 -22.2
      vertex 45.1643 42.4951 -22.2
      vertex 45.1643 -42.4951 -22.2
    endloop
  endfacet
  facet normal 0 0 -1
    outer loop
      vertex 44.6442 -42.8942 -22.2
      vertex 44.6442 42.8942 -22.2
      vertex 45.1643 42.4951 -22.2
    endloop
  endfacet
  facet normal 0 0 -1
    outer loop
      vertex 43.9942 -44.02 -22.2
      vertex -43.9942 -44.02 -22.2
      vertex 44.2451 -43.4143 -22.2
    endloop
  endfacet
  facet normal 0 0 -1
    outer loop
      vertex -44.2451 -43.4143 -22.2
      vertex 44.2451 -43.4143 -22.2
      vertex -43.9942 -44.02 -22.2
    endloop
  endfacet
  facet normal 0 0 -1
    outer loop
      vertex -43.9942 -44.02 -22.2
      vertex 43.9942 -44.02 -22.2
      vertex -43.9086 -44.67 -22.2
    endloop
  endfacet
  facet normal 0 0 -1
    outer loop
      vertex 44.2451 -43.4143 -22.2
      vertex -44.2451 -43.4143 -22.2
      vertex 44.6442 -42.8942 -22.2
    endloop
  endfacet
  facet normal 0 0 -1
    outer loop
      vertex -43.9086 -44.67 -22.2
      vertex 43.9942 -44.02 -22.2
      vertex 43.9086 -44.67 -22.2
    endloop
  endfacet
  facet normal 0 0 -1
    outer loop
      vertex 44.6442 42.8942 -22.2
      vertex -43.9086 44.67 -22.2
      vertex 44.2451 43.4143 -22.2
    endloop
  endfacet
  facet normal 0 0 -1
    outer loop
      vertex 48.1958 -46.4458 -22.2
      vertex 54.5 -49.25 -22.2
      vertex 54.4915 -49.4941 -22.2
    endloop
  endfacet
  facet normal 0 0 -1
    outer loop
      vertex 48.8458 -44.02 -22.2
      vertex 54.5 -49.25 -22.2
      vertex 48.9314 -44.67 -22.2
    endloop
  endfacet
  facet normal 0 0 -1
    outer loop
      vertex 48.1958 -46.4458 -22.2
      vertex 54.4915 -49.4941 -22.2
      vertex 54.4659 -49.7371 -22.2
    endloop
  endfacet
  facet normal 0 0 -1
    outer loop
      vertex 48.5949 -43.4143 -22.2
      vertex 54.5 -49.25 -22.2
      vertex 48.8458 -44.02 -22.2
    endloop
  endfacet
  facet normal 0 0 -1
    outer loop
      vertex 48.1958 -46.4458 -22.2
      vertex 54.4659 -49.7371 -22.2
      vertex 54.4235 -49.9777 -22.2
    endloop
  endfacet
  facet normal 0 0 -1
    outer loop
      vertex 48.8458 45.32 -22.2
      vertex 54.5 49.25 -22.2
      vertex 48.9314 44.67 -22.2
    endloop
  endfacet
  facet normal 0 0 -1
    outer loop
      vertex 48.1958 -46.4458 -22.2
      vertex 54.4235 -49.9777 -22.2
      vertex 54.3644 -50.2147 -22.2
    endloop
  endfacet
  facet normal 0 0 -1
    outer loop
      vertex 48.5949 45.9257 -22.2
      vertex 54.5 49.25 -22.2
      vertex 48.8458 45.32 -22.2
    endloop
  endfacet
  facet normal 0 0 -1
    outer loop
      vertex 48.1958 -46.4458 -22.2
      vertex 54.3644 -50.2147 -22.2
      vertex 54.2889 -50.4471 -22.2
    endloop
  endfacet
  facet normal 0 0 -1
    outer loop
      vertex 48.1958 46.4458 -22.2
      vertex 54.5 49.25 -22.2
      vertex 48.5949 45.9257 -22.2
    endloop
  endfacet
  facet normal 0 0 -1
    outer loop
      vertex 48.1958 -46.4458 -22.2
      vertex 54.2889 -50.4471 -22.2
      vertex 54.1974 -50.6736 -22.2
    endloop
  endfacet
  facet normal -0 0 -1
    outer loop
      vertex 54.5 49.25 -22.2
      vertex 48.1958 46.4458 -22.2
      vertex 54.4915 49.4941 -22.2
    endloop
  endfacet
  facet normal 0 0 -1
    outer loop
      vertex 48.1958 -46.4458 -22.2
      vertex 54.1974 -50.6736 -22.2
      vertex 54.0903 -50.8932 -22.2
    endloop
  endfacet
  facet normal -0 0 -1
    outer loop
      vertex 54.4915 49.4941 -22.2
      vertex 48.1958 46.4458 -22.2
      vertex 54.4659 49.7371 -22.2
    endloop
  endfacet
  facet normal 0 0 -1
    outer loop
      vertex 48.1958 -46.4458 -22.2
      vertex 54.0903 -50.8932 -22.2
      vertex 53.9682 -51.1047 -22.2
    endloop
  endfacet
  facet normal -0 0 -1
    outer loop
      vertex 54.4659 49.7371 -22.2
      vertex 48.1958 46.4458 -22.2
      vertex 54.4235 49.9777 -22.2
    endloop
  endfacet
  facet normal 0 0 -1
    outer loop
      vertex 48.1958 -46.4458 -22.2
      vertex 53.9682 -51.1047 -22.2
      vertex 53.8316 -51.3072 -22.2
    endloop
  endfacet
  facet normal -0 0 -1
    outer loop
      vertex 54.4235 49.9777 -22.2
      vertex 48.1958 46.4458 -22.2
      vertex 54.3644 50.2147 -22.2
    endloop
  endfacet
  facet normal 0 0 -1
    outer loop
      vertex 48.1958 -46.4458 -22.2
      vertex 53.8316 -51.3072 -22.2
      vertex 53.6812 -51.4998 -22.2
    endloop
  endfacet
  facet normal -0 0 -1
    outer loop
      vertex 54.3644 50.2147 -22.2
      vertex 48.1958 46.4458 -22.2
      vertex 54.2889 50.4471 -22.2
    endloop
  endfacet
  facet normal 0 0 -1
    outer loop
      vertex 48.1958 -46.4458 -22.2
      vertex 53.6812 -51.4998 -22.2
      vertex 53.5177 -51.6813 -22.2
    endloop
  endfacet
  facet normal -0 0 -1
    outer loop
      vertex 54.2889 50.4471 -22.2
      vertex 48.1958 46.4458 -22.2
      vertex 54.1974 50.6736 -22.2
    endloop
  endfacet
  facet normal 0 0 -1
    outer loop
      vertex 48.1958 -46.4458 -22.2
      vertex 53.5177 -51.6813 -22.2
      vertex 53.342 -51.851 -22.2
    endloop
  endfacet
  facet normal -0 0 -1
    outer loop
      vertex 54.1974 50.6736 -22.2
      vertex 48.1958 46.4458 -22.2
      vertex 54.0903 50.8932 -22.2
    endloop
  endfacet
  facet normal 0 0 -1
    outer loop
      vertex 48.1958 -46.4458 -22.2
      vertex 53.342 -51.851 -22.2
      vertex 53.1548 -52.008 -22.2
    endloop
  endfacet
  facet normal -0 0 -1
    outer loop
      vertex 54.0903 50.8932 -22.2
      vertex 48.1958 46.4458 -22.2
      vertex 53.9682 51.1047 -22.2
    endloop
  endfacet
  facet normal 0 0 -1
    outer loop
      vertex 48.1958 -46.4458 -22.2
      vertex 53.1548 -52.008 -22.2
      vertex 52.9572 -52.1516 -22.2
    endloop
  endfacet
  facet normal -0 0 -1
    outer loop
      vertex 53.9682 51.1047 -22.2
      vertex 48.1958 46.4458 -22.2
      vertex 53.8316 51.3072 -22.2
    endloop
  endfacet
  facet normal 0 0 -1
    outer loop
      vertex 48.1958 -46.4458 -22.2
      vertex 52.9572 -52.1516 -22.2
      vertex 52.75 -52.2811 -22.2
    endloop
  endfacet
  facet normal -0 0 -1
    outer loop
      vertex 53.8316 51.3072 -22.2
      vertex 48.1958 46.4458 -22.2
      vertex 53.6812 51.4998 -22.2
    endloop
  endfacet
  facet normal 0 0 -1
    outer loop
      vertex 48.1958 -46.4458 -22.2
      vertex 52.75 -52.2811 -22.2
      vertex 52.5343 -52.3958 -22.2
    endloop
  endfacet
  facet normal -0 0 -1
    outer loop
      vertex 53.6812 51.4998 -22.2
      vertex 48.1958 46.4458 -22.2
      vertex 53.5177 51.6813 -22.2
    endloop
  endfacet
  facet normal 0 0 -1
    outer loop
      vertex 48.1958 -46.4458 -22.2
      vertex 52.5343 -52.3958 -22.2
      vertex 52.3111 -52.4951 -22.2
    endloop
  endfacet
  facet normal -0 0 -1
    outer loop
      vertex 53.5177 51.6813 -22.2
      vertex 48.1958 46.4458 -22.2
      vertex 53.342 51.851 -22.2
    endloop
  endfacet
  facet normal 0 0 -1
    outer loop
      vertex 48.1958 -46.4458 -22.2
      vertex 52.3111 -52.4951 -22.2
      vertex 52.0816 -52.5787 -22.2
    endloop
  endfacet
  facet normal -0 0 -1
    outer loop
      vertex 53.342 51.851 -22.2
      vertex 48.1958 46.4458 -22.2
      vertex 53.1548 52.008 -22.2
    endloop
  endfacet
  facet normal 0 0 -1
    outer loop
      vertex 48.1958 -46.4458 -22.2
      vertex 52.0816 -52.5787 -22.2
      vertex 51.8467 -52.646 -22.2
    endloop
  endfacet
  facet normal -0 0 -1
    outer loop
      vertex 53.1548 52.008 -22.2
      vertex 48.1958 46.4458 -22.2
      vertex 52.9572 52.1516 -22.2
    endloop
  endfacet
  facet normal 0 0 -1
    outer loop
      vertex 48.1958 -46.4458 -22.2
      vertex 51.8467 -52.646 -22.2
      vertex 51.6078 -52.6968 -22.2
    endloop
  endfacet
  facet normal -0 0 -1
    outer loop
      vertex 52.9572 52.1516 -22.2
      vertex 48.1958 46.4458 -22.2
      vertex 52.75 52.2811 -22.2
    endloop
  endfacet
  facet normal 0 0 -1
    outer loop
      vertex 48.1958 -46.4458 -22.2
      vertex 51.6078 -52.6968 -22.2
      vertex 51.3658 -52.7308 -22.2
    endloop
  endfacet
  facet normal -0 0 -1
    outer loop
      vertex 52.75 52.2811 -22.2
      vertex 48.1958 46.4458 -22.2
      vertex 52.5343 52.3958 -22.2
    endloop
  endfacet
  facet normal 0 0 -1
    outer loop
      vertex 48.1958 -46.4458 -22.2
      vertex 51.3658 -52.7308 -22.2
      vertex 51.1221 -52.7479 -22.2
    endloop
  endfacet
  facet normal -0 0 -1
    outer loop
      vertex 52.5343 52.3958 -22.2
      vertex 48.1958 46.4458 -22.2
      vertex 52.3111 52.4951 -22.2
    endloop
  endfacet
  facet normal -0 0 -1
    outer loop
      vertex 52.3111 52.4951 -22.2
      vertex 48.1958 46.4458 -22.2
      vertex 52.0816 52.5787 -22.2
    endloop
  endfacet
  facet normal 0 0 -1
    outer loop
      vertex 54.5 -49.25 -22.2
      vertex 48.8458 -45.32 -22.2
      vertex 48.9314 -44.67 -22.2
    endloop
  endfacet
  facet normal 0 0 -1
    outer loop
      vertex 54.5 -49.25 -22.2
      vertex 48.5949 -45.9257 -22.2
      vertex 48.8458 -45.32 -22.2
    endloop
  endfacet
  facet normal 0 0 -1
    outer loop
      vertex 54.5 -49.25 -22.2
      vertex 48.1958 -46.4458 -22.2
      vertex 48.5949 -45.9257 -22.2
    endloop
  endfacet
  facet normal 0 0 -1
    outer loop
      vertex 51.1221 -52.7479 -22.2
      vertex 47.6757 -46.8449 -22.2
      vertex 48.1958 -46.4458 -22.2
    endloop
  endfacet
  facet normal 0 0 -1
    outer loop
      vertex 51.1221 -52.7479 -22.2
      vertex 47.07 -47.0958 -22.2
      vertex 47.6757 -46.8449 -22.2
    endloop
  endfacet
  facet normal 0 0 -1
    outer loop
      vertex 51.1221 -52.7479 -22.2
      vertex 46.42 -47.1814 -22.2
      vertex 47.07 -47.0958 -22.2
    endloop
  endfacet
  facet normal 0 0 -1
    outer loop
      vertex 51.1221 -52.7479 -22.2
      vertex 45.77 -47.0958 -22.2
      vertex 46.42 -47.1814 -22.2
    endloop
  endfacet
  facet normal 0 0 -1
    outer loop
      vertex 51.1221 -52.7479 -22.2
      vertex 45.1643 -46.8449 -22.2
      vertex 45.77 -47.0958 -22.2
    endloop
  endfacet
  facet normal 0 0 -1
    outer loop
      vertex 51.1221 -52.7479 -22.2
      vertex 44.6442 -46.4458 -22.2
      vertex 45.1643 -46.8449 -22.2
    endloop
  endfacet
  facet normal 0 0 -1
    outer loop
      vertex 44.2451 43.4143 -22.2
      vertex -43.9086 44.67 -22.2
      vertex 43.9942 44.02 -22.2
    endloop
  endfacet
  facet normal 0 0 -1
    outer loop
      vertex 43.9942 -45.32 -22.2
      vertex -43.9086 -44.67 -22.2
      vertex 43.9086 -44.67 -22.2
    endloop
  endfacet
  facet normal 0 0 -1
    outer loop
      vertex -43.9942 -45.32 -22.2
      vertex 43.9942 -45.32 -22.2
      vertex 44.2451 -45.9257 -22.2
    endloop
  endfacet
  facet normal 0 0 -1
    outer loop
      vertex -44.2451 -45.9257 -22.2
      vertex 44.2451 -45.9257 -22.2
      vertex 44.6442 -46.4458 -22.2
    endloop
  endfacet
  facet normal 0 0 -1
    outer loop
      vertex -44.6442 -46.4458 -22.2
      vertex 44.6442 -46.4458 -22.2
      vertex 51.1221 -52.7479 -22.2
    endloop
  endfacet
  facet normal 0 0 -1
    outer loop
      vertex 43.9942 -45.32 -22.2
      vertex -43.9942 -45.32 -22.2
      vertex -43.9086 -44.67 -22.2
    endloop
  endfacet
  facet normal 0 0 -1
    outer loop
      vertex 44.2451 -45.9257 -22.2
      vertex -44.2451 -45.9257 -22.2
      vertex -43.9942 -45.32 -22.2
    endloop
  endfacet
  facet normal 0 0 -1
    outer loop
      vertex 44.6442 -46.4458 -22.2
      vertex -44.6442 -46.4458 -22.2
      vertex -44.2451 -45.9257 -22.2
    endloop
  endfacet
  facet normal 0 0 -1
    outer loop
      vertex -51.1221 -52.7479 -22.2
      vertex -44.6442 -46.4458 -22.2
      vertex 51.1221 -52.7479 -22.2
    endloop
  endfacet
  facet normal 0 0 -1
    outer loop
      vertex -44.6442 -46.4458 -22.2
      vertex -51.1221 -52.7479 -22.2
      vertex -45.1643 -46.8449 -22.2
    endloop
  endfacet
  facet normal 0 0 -1
    outer loop
      vertex -45.1643 -46.8449 -22.2
      vertex -51.1221 -52.7479 -22.2
      vertex -45.77 -47.0958 -22.2
    endloop
  endfacet
  facet normal -0 0 -1
    outer loop
      vertex -48.8458 -45.32 -22.2
      vertex -54.5 -49.25 -22.2
      vertex -48.9314 -44.67 -22.2
    endloop
  endfacet
  facet normal -0 0 -1
    outer loop
      vertex -48.5949 -45.9257 -22.2
      vertex -54.5 -49.25 -22.2
      vertex -48.8458 -45.32 -22.2
    endloop
  endfacet
  facet normal -0 0 -1
    outer loop
      vertex -48.1958 -46.4458 -22.2
      vertex -54.5 -49.25 -22.2
      vertex -48.5949 -45.9257 -22.2
    endloop
  endfacet
  facet normal 0 0 -1
    outer loop
      vertex -54.5 -49.25 -22.2
      vertex -48.1958 -46.4458 -22.2
      vertex -51.1221 -52.7479 -22.2
    endloop
  endfacet
  facet normal -0 0 -1
    outer loop
      vertex -47.6757 -46.8449 -22.2
      vertex -51.1221 -52.7479 -22.2
      vertex -48.1958 -46.4458 -22.2
    endloop
  endfacet
  facet normal -0 0 -1
    outer loop
      vertex -47.07 -47.0958 -22.2
      vertex -51.1221 -52.7479 -22.2
      vertex -47.6757 -46.8449 -22.2
    endloop
  endfacet
  facet normal -0 0 -1
    outer loop
      vertex -46.42 -47.1814 -22.2
      vertex -51.1221 -52.7479 -22.2
      vertex -47.07 -47.0958 -22.2
    endloop
  endfacet
  facet normal 0 0 -1
    outer loop
      vertex -45.77 -47.0958 -22.2
      vertex -51.1221 -52.7479 -22.2
      vertex -46.42 -47.1814 -22.2
    endloop
  endfacet
  facet normal -0 0 -1
    outer loop
      vertex 52.0816 52.5787 -22.2
      vertex 48.1958 46.4458 -22.2
      vertex 51.8467 52.646 -22.2
    endloop
  endfacet
  facet normal -0 0 -1
    outer loop
      vertex 51.8467 52.646 -22.2
      vertex 48.1958 46.4458 -22.2
      vertex 51.6078 52.6968 -22.2
    endloop
  endfacet
  facet normal -0 0 -1
    outer loop
      vertex 51.6078 52.6968 -22.2
      vertex 48.1958 46.4458 -22.2
      vertex 51.3658 52.7308 -22.2
    endloop
  endfacet
  facet normal -0 0 -1
    outer loop
      vertex 51.3658 52.7308 -22.2
      vertex 48.1958 46.4458 -22.2
      vertex 51.1221 52.7479 -22.2
    endloop
  endfacet
  facet normal 0 0 -1
    outer loop
      vertex 47.6757 46.8449 -22.2
      vertex 51.1221 52.7479 -22.2
      vertex 48.1958 46.4458 -22.2
    endloop
  endfacet
  facet normal 0 0 -1
    outer loop
      vertex 47.07 47.0958 -22.2
      vertex 51.1221 52.7479 -22.2
      vertex 47.6757 46.8449 -22.2
    endloop
  endfacet
  facet normal 0 0 -1
    outer loop
      vertex 46.42 47.1814 -22.2
      vertex 51.1221 52.7479 -22.2
      vertex 47.07 47.0958 -22.2
    endloop
  endfacet
  facet normal 0 0 -1
    outer loop
      vertex 45.77 47.0958 -22.2
      vertex 51.1221 52.7479 -22.2
      vertex 46.42 47.1814 -22.2
    endloop
  endfacet
  facet normal 0 0 -1
    outer loop
      vertex 45.1643 46.8449 -22.2
      vertex 51.1221 52.7479 -22.2
      vertex 45.77 47.0958 -22.2
    endloop
  endfacet
  facet normal 0 0 -1
    outer loop
      vertex 44.6442 46.4458 -22.2
      vertex 51.1221 52.7479 -22.2
      vertex 45.1643 46.8449 -22.2
    endloop
  endfacet
  facet normal 0 0 -1
    outer loop
      vertex 43.9942 44.02 -22.2
      vertex -43.9086 44.67 -22.2
      vertex 43.9086 44.67 -22.2
    endloop
  endfacet
  facet normal 0 0 -1
    outer loop
      vertex 43.9086 44.67 -22.2
      vertex -43.9086 44.67 -22.2
      vertex 43.9942 45.32 -22.2
    endloop
  endfacet
  facet normal 0 0 -1
    outer loop
      vertex -43.9942 45.32 -22.2
      vertex 43.9942 45.32 -22.2
      vertex -43.9086 44.67 -22.2
    endloop
  endfacet
  facet normal 0 0 -1
    outer loop
      vertex 43.9942 45.32 -22.2
      vertex -43.9942 45.32 -22.2
      vertex 44.2451 45.9257 -22.2
    endloop
  endfacet
  facet normal 0 0 -1
    outer loop
      vertex -44.2451 45.9257 -22.2
      vertex 44.2451 45.9257 -22.2
      vertex -43.9942 45.32 -22.2
    endloop
  endfacet
  facet normal 0 0 -1
    outer loop
      vertex 44.2451 45.9257 -22.2
      vertex -44.2451 45.9257 -22.2
      vertex 44.6442 46.4458 -22.2
    endloop
  endfacet
  facet normal 0 0 -1
    outer loop
      vertex -44.6442 46.4458 -22.2
      vertex 44.6442 46.4458 -22.2
      vertex -44.2451 45.9257 -22.2
    endloop
  endfacet
  facet normal 0 0 -1
    outer loop
      vertex 44.6442 46.4458 -22.2
      vertex -44.6442 46.4458 -22.2
      vertex 51.1221 52.7479 -22.2
    endloop
  endfacet
  facet normal 0 0 -1
    outer loop
      vertex -51.1221 52.7479 -22.2
      vertex -44.6442 46.4458 -22.2
      vertex -45.1643 46.8449 -22.2
    endloop
  endfacet
  facet normal 0 0 -1
    outer loop
      vertex -51.1221 52.7479 -22.2
      vertex -45.1643 46.8449 -22.2
      vertex -45.77 47.0958 -22.2
    endloop
  endfacet
  facet normal 0 0 -1
    outer loop
      vertex -51.1221 52.7479 -22.2
      vertex -45.77 47.0958 -22.2
      vertex -46.42 47.1814 -22.2
    endloop
  endfacet
  facet normal 0 0 -1
    outer loop
      vertex -44.6442 46.4458 -22.2
      vertex -51.1221 52.7479 -22.2
      vertex 51.1221 52.7479 -22.2
    endloop
  endfacet
  facet normal 0 0 -1
    outer loop
      vertex -47.07 47.0958 -22.2
      vertex -51.1221 52.7479 -22.2
      vertex -46.42 47.1814 -22.2
    endloop
  endfacet
  facet normal 0 0 -1
    outer loop
      vertex -47.6757 46.8449 -22.2
      vertex -51.1221 52.7479 -22.2
      vertex -47.07 47.0958 -22.2
    endloop
  endfacet
  facet normal 0 0 -1
    outer loop
      vertex -48.1958 46.4458 -22.2
      vertex -51.1221 52.7479 -22.2
      vertex -47.6757 46.8449 -22.2
    endloop
  endfacet
  facet normal 0 0 -1
    outer loop
      vertex -54.5 49.25 -22.2
      vertex -48.1958 46.4458 -22.2
      vertex -48.5949 45.9257 -22.2
    endloop
  endfacet
  facet normal 0 0 -1
    outer loop
      vertex -54.5 49.25 -22.2
      vertex -48.5949 45.9257 -22.2
      vertex -48.8458 45.32 -22.2
    endloop
  endfacet
  facet normal 0 0 -1
    outer loop
      vertex -54.5 49.25 -22.2
      vertex -48.8458 45.32 -22.2
      vertex -48.9314 44.67 -22.2
    endloop
  endfacet
  facet normal 0 0 -1
    outer loop
      vertex -48.5949 43.4143 -22.2
      vertex -54.5 49.25 -22.2
      vertex -48.8458 44.02 -22.2
    endloop
  endfacet
  facet normal 0 0 -1
    outer loop
      vertex -54.5 -49.25 -22.2
      vertex -51.1221 -52.7479 -22.2
      vertex -51.3658 -52.7308 -22.2
    endloop
  endfacet
  facet normal 0 0 -1
    outer loop
      vertex -48.8458 44.02 -22.2
      vertex -54.5 49.25 -22.2
      vertex -48.9314 44.67 -22.2
    endloop
  endfacet
  facet normal 0 0 -1
    outer loop
      vertex -54.5 -49.25 -22.2
      vertex -51.3658 -52.7308 -22.2
      vertex -51.6078 -52.6968 -22.2
    endloop
  endfacet
  facet normal 0 0 -1
    outer loop
      vertex -48.1958 46.4458 -22.2
      vertex -54.5 49.25 -22.2
      vertex -51.1221 52.7479 -22.2
    endloop
  endfacet
  facet normal 0 0 -1
    outer loop
      vertex -54.5 -49.25 -22.2
      vertex -51.6078 -52.6968 -22.2
      vertex -51.8467 -52.646 -22.2
    endloop
  endfacet
  facet normal 0 0 -1
    outer loop
      vertex -51.1221 52.7479 -22.2
      vertex -54.5 49.25 -22.2
      vertex -51.3658 52.7308 -22.2
    endloop
  endfacet
  facet normal 0 0 -1
    outer loop
      vertex -54.5 -49.25 -22.2
      vertex -51.8467 -52.646 -22.2
      vertex -52.0816 -52.5787 -22.2
    endloop
  endfacet
  facet normal 0 0 -1
    outer loop
      vertex -51.3658 52.7308 -22.2
      vertex -54.5 49.25 -22.2
      vertex -51.6078 52.6968 -22.2
    endloop
  endfacet
  facet normal 0 0 -1
    outer loop
      vertex -54.5 -49.25 -22.2
      vertex -52.0816 -52.5787 -22.2
      vertex -52.3111 -52.4951 -22.2
    endloop
  endfacet
  facet normal 0 0 -1
    outer loop
      vertex -51.6078 52.6968 -22.2
      vertex -54.5 49.25 -22.2
      vertex -51.8467 52.646 -22.2
    endloop
  endfacet
  facet normal 0 0 -1
    outer loop
      vertex -54.5 -49.25 -22.2
      vertex -52.3111 -52.4951 -22.2
      vertex -52.5343 -52.3958 -22.2
    endloop
  endfacet
  facet normal 0 0 -1
    outer loop
      vertex -51.8467 52.646 -22.2
      vertex -54.5 49.25 -22.2
      vertex -52.0816 52.5787 -22.2
    endloop
  endfacet
  facet normal 0 0 -1
    outer loop
      vertex -54.5 -49.25 -22.2
      vertex -52.5343 -52.3958 -22.2
      vertex -52.75 -52.2811 -22.2
    endloop
  endfacet
  facet normal 0 0 -1
    outer loop
      vertex -52.0816 52.5787 -22.2
      vertex -54.5 49.25 -22.2
      vertex -52.3111 52.4951 -22.2
    endloop
  endfacet
  facet normal 0 0 -1
    outer loop
      vertex -54.5 -49.25 -22.2
      vertex -52.75 -52.2811 -22.2
      vertex -52.9572 -52.1516 -22.2
    endloop
  endfacet
  facet normal 0 0 -1
    outer loop
      vertex -52.3111 52.4951 -22.2
      vertex -54.5 49.25 -22.2
      vertex -52.5343 52.3958 -22.2
    endloop
  endfacet
  facet normal 0 0 -1
    outer loop
      vertex -54.5 -49.25 -22.2
      vertex -52.9572 -52.1516 -22.2
      vertex -53.1548 -52.008 -22.2
    endloop
  endfacet
  facet normal 0 0 -1
    outer loop
      vertex -52.5343 52.3958 -22.2
      vertex -54.5 49.25 -22.2
      vertex -52.75 52.2811 -22.2
    endloop
  endfacet
  facet normal 0 0 -1
    outer loop
      vertex -54.5 -49.25 -22.2
      vertex -53.1548 -52.008 -22.2
      vertex -53.342 -51.851 -22.2
    endloop
  endfacet
  facet normal 0 0 -1
    outer loop
      vertex -52.75 52.2811 -22.2
      vertex -54.5 49.25 -22.2
      vertex -52.9572 52.1516 -22.2
    endloop
  endfacet
  facet normal 0 0 -1
    outer loop
      vertex -54.5 -49.25 -22.2
      vertex -53.342 -51.851 -22.2
      vertex -53.5177 -51.6813 -22.2
    endloop
  endfacet
  facet normal 0 0 -1
    outer loop
      vertex -52.9572 52.1516 -22.2
      vertex -54.5 49.25 -22.2
      vertex -53.1548 52.008 -22.2
    endloop
  endfacet
  facet normal 0 0 -1
    outer loop
      vertex -54.5 -49.25 -22.2
      vertex -53.5177 -51.6813 -22.2
      vertex -53.6812 -51.4998 -22.2
    endloop
  endfacet
  facet normal 0 0 -1
    outer loop
      vertex -53.1548 52.008 -22.2
      vertex -54.5 49.25 -22.2
      vertex -53.342 51.851 -22.2
    endloop
  endfacet
  facet normal 0 0 -1
    outer loop
      vertex -54.5 -49.25 -22.2
      vertex -53.6812 -51.4998 -22.2
      vertex -53.8316 -51.3072 -22.2
    endloop
  endfacet
  facet normal 0 0 -1
    outer loop
      vertex -53.342 51.851 -22.2
      vertex -54.5 49.25 -22.2
      vertex -53.5177 51.6813 -22.2
    endloop
  endfacet
  facet normal 0 0 -1
    outer loop
      vertex -54.5 -49.25 -22.2
      vertex -53.8316 -51.3072 -22.2
      vertex -53.9682 -51.1047 -22.2
    endloop
  endfacet
  facet normal 0 0 -1
    outer loop
      vertex -53.5177 51.6813 -22.2
      vertex -54.5 49.25 -22.2
      vertex -53.6812 51.4998 -22.2
    endloop
  endfacet
  facet normal 0 0 -1
    outer loop
      vertex -54.5 -49.25 -22.2
      vertex -53.9682 -51.1047 -22.2
      vertex -54.0903 -50.8932 -22.2
    endloop
  endfacet
  facet normal 0 0 -1
    outer loop
      vertex -53.6812 51.4998 -22.2
      vertex -54.5 49.25 -22.2
      vertex -53.8316 51.3072 -22.2
    endloop
  endfacet
  facet normal 0 0 -1
    outer loop
      vertex -54.5 -49.25 -22.2
      vertex -54.0903 -50.8932 -22.2
      vertex -54.1974 -50.6736 -22.2
    endloop
  endfacet
  facet normal 0 0 -1
    outer loop
      vertex -53.8316 51.3072 -22.2
      vertex -54.5 49.25 -22.2
      vertex -53.9682 51.1047 -22.2
    endloop
  endfacet
  facet normal 0 0 -1
    outer loop
      vertex -54.5 -49.25 -22.2
      vertex -54.1974 -50.6736 -22.2
      vertex -54.2889 -50.4471 -22.2
    endloop
  endfacet
  facet normal 0 0 -1
    outer loop
      vertex -53.9682 51.1047 -22.2
      vertex -54.5 49.25 -22.2
      vertex -54.0903 50.8932 -22.2
    endloop
  endfacet
  facet normal 0 0 -1
    outer loop
      vertex -54.5 -49.25 -22.2
      vertex -54.2889 -50.4471 -22.2
      vertex -54.3644 -50.2147 -22.2
    endloop
  endfacet
  facet normal 0 0 -1
    outer loop
      vertex -54.0903 50.8932 -22.2
      vertex -54.5 49.25 -22.2
      vertex -54.1974 50.6736 -22.2
    endloop
  endfacet
  facet normal 0 0 -1
    outer loop
      vertex -54.5 -49.25 -22.2
      vertex -54.3644 -50.2147 -22.2
      vertex -54.4235 -49.9777 -22.2
    endloop
  endfacet
  facet normal 0 0 -1
    outer loop
      vertex -54.1974 50.6736 -22.2
      vertex -54.5 49.25 -22.2
      vertex -54.2889 50.4471 -22.2
    endloop
  endfacet
  facet normal 0 0 -1
    outer loop
      vertex -54.5 -49.25 -22.2
      vertex -54.4235 -49.9777 -22.2
      vertex -54.4659 -49.7371 -22.2
    endloop
  endfacet
  facet normal 0 0 -1
    outer loop
      vertex -54.2889 50.4471 -22.2
      vertex -54.5 49.25 -22.2
      vertex -54.3644 50.2147 -22.2
    endloop
  endfacet
  facet normal 0 0 -1
    outer loop
      vertex -54.5 -49.25 -22.2
      vertex -54.4659 -49.7371 -22.2
      vertex -54.4915 -49.4941 -22.2
    endloop
  endfacet
  facet normal 0 0 -1
    outer loop
      vertex -54.3644 50.2147 -22.2
      vertex -54.5 49.25 -22.2
      vertex -54.4235 49.9777 -22.2
    endloop
  endfacet
  facet normal 0 0 -1
    outer loop
      vertex -54.4235 49.9777 -22.2
      vertex -54.5 49.25 -22.2
      vertex -54.4659 49.7371 -22.2
    endloop
  endfacet
  facet normal 0 0 -1
    outer loop
      vertex -54.4659 49.7371 -22.2
      vertex -54.5 49.25 -22.2
      vertex -54.4915 49.4941 -22.2
    endloop
  endfacet
  facet normal -0.866042 -0.499971 0
    outer loop
      vertex -53.9682 -51.1047 -22.2
      vertex -54.0903 -50.8932 0
      vertex -54.0903 -50.8932 -22.2
    endloop
  endfacet
  facet normal -0.866042 -0.499971 0
    outer loop
      vertex -54.0903 -50.8932 0
      vertex -53.9682 -51.1047 -22.2
      vertex -53.9682 -51.1047 0
    endloop
  endfacet
  facet normal 0.994496 0.10477 0
    outer loop
      vertex 54.4915 49.4941 0
      vertex 54.4659 49.7371 -22.2
      vertex 54.4659 49.7371 0
    endloop
  endfacet
  facet normal 0.994496 0.10477 0
    outer loop
      vertex 54.4659 49.7371 -22.2
      vertex 54.4915 49.4941 0
      vertex 54.4915 49.4941 -22.2
    endloop
  endfacet
  facet normal -0.207991 -0.978131 0
    outer loop
      vertex -51.8467 -52.646 -22.2
      vertex -51.6078 -52.6968 0
      vertex -51.8467 -52.646 0
    endloop
  endfacet
  facet normal -0.207991 -0.978131 -0
    outer loop
      vertex -51.6078 -52.6968 0
      vertex -51.8467 -52.646 -22.2
      vertex -51.6078 -52.6968 -22.2
    endloop
  endfacet
  facet normal 0.994496 -0.10477 0
    outer loop
      vertex 54.4659 -49.7371 0
      vertex 54.4915 -49.4941 -22.2
      vertex 54.4915 -49.4941 0
    endloop
  endfacet
  facet normal 0.994496 -0.10477 0
    outer loop
      vertex 54.4915 -49.4941 -22.2
      vertex 54.4659 -49.7371 0
      vertex 54.4659 -49.7371 -22.2
    endloop
  endfacet
  facet normal 0.999394 -0.0348007 0
    outer loop
      vertex 54.4915 -49.4941 0
      vertex 54.5 -49.25 -22.2
      vertex 54.5 -49.25 0
    endloop
  endfacet
  facet normal 0.999394 -0.0348007 0
    outer loop
      vertex 54.5 -49.25 -22.2
      vertex 54.4915 -49.4941 0
      vertex 54.4915 -49.4941 -22.2
    endloop
  endfacet
  facet normal -0.139129 -0.990274 0
    outer loop
      vertex -51.6078 -52.6968 -22.2
      vertex -51.3658 -52.7308 0
      vertex -51.6078 -52.6968 0
    endloop
  endfacet
  facet normal -0.139129 -0.990274 -0
    outer loop
      vertex -51.3658 -52.7308 0
      vertex -51.6078 -52.6968 -22.2
      vertex -51.3658 -52.7308 -22.2
    endloop
  endfacet
  facet normal -0.970287 0.241958 0
    outer loop
      vertex -54.4235 49.9777 -22.2
      vertex -54.3644 50.2147 0
      vertex -54.3644 50.2147 -22.2
    endloop
  endfacet
  facet normal -0.970287 0.241958 0
    outer loop
      vertex -54.3644 50.2147 0
      vertex -54.4235 49.9777 -22.2
      vertex -54.4235 49.9777 0
    endloop
  endfacet
  facet normal 0.275424 0.961323 -0
    outer loop
      vertex 52.0816 52.5787 -22.2
      vertex 51.8467 52.646 0
      vertex 52.0816 52.5787 0
    endloop
  endfacet
  facet normal 0.275424 0.961323 0
    outer loop
      vertex 51.8467 52.646 0
      vertex 52.0816 52.5787 -22.2
      vertex 51.8467 52.646 -22.2
    endloop
  endfacet
  facet normal 0.642597 0.766205 -0
    outer loop
      vertex 53.342 51.851 -22.2
      vertex 53.1548 52.008 0
      vertex 53.342 51.851 0
    endloop
  endfacet
  facet normal 0.642597 0.766205 0
    outer loop
      vertex 53.1548 52.008 0
      vertex 53.342 51.851 -22.2
      vertex 53.1548 52.008 -22.2
    endloop
  endfacet
  facet normal -0.0699961 -0.997547 0
    outer loop
      vertex -51.3658 -52.7308 -22.2
      vertex -51.1221 -52.7479 0
      vertex -51.3658 -52.7308 0
    endloop
  endfacet
  facet normal -0.0699961 -0.997547 -0
    outer loop
      vertex -51.1221 -52.7479 0
      vertex -51.3658 -52.7308 -22.2
      vertex -51.1221 -52.7479 -22.2
    endloop
  endfacet
  facet normal 0.40648 0.91366 -0
    outer loop
      vertex 52.5343 52.3958 -22.2
      vertex 52.3111 52.4951 0
      vertex 52.5343 52.3958 0
    endloop
  endfacet
  facet normal 0.40648 0.91366 0
    outer loop
      vertex 52.3111 52.4951 0
      vertex 52.5343 52.3958 -22.2
      vertex 52.3111 52.4951 -22.2
    endloop
  endfacet
  facet normal -0.58788 -0.808948 0
    outer loop
      vertex -53.1548 -52.008 -22.2
      vertex -52.9572 -52.1516 0
      vertex -53.1548 -52.008 0
    endloop
  endfacet
  facet normal -0.58788 -0.808948 -0
    outer loop
      vertex -52.9572 -52.1516 0
      vertex -53.1548 -52.008 -22.2
      vertex -52.9572 -52.1516 -22.2
    endloop
  endfacet
  facet normal 0.927201 -0.374565 0
    outer loop
      vertex 54.1974 -50.6736 0
      vertex 54.2889 -50.4471 -22.2
      vertex 54.2889 -50.4471 0
    endloop
  endfacet
  facet normal 0.927201 -0.374565 0
    outer loop
      vertex 54.2889 -50.4471 -22.2
      vertex 54.1974 -50.6736 0
      vertex 54.1974 -50.6736 -22.2
    endloop
  endfacet
  facet normal -0.999394 -0.0348007 0
    outer loop
      vertex -54.4915 -49.4941 -22.2
      vertex -54.5 -49.25 0
      vertex -54.5 -49.25 -22.2
    endloop
  endfacet
  facet normal -0.999394 -0.0348007 0
    outer loop
      vertex -54.5 -49.25 0
      vertex -54.4915 -49.4941 -22.2
      vertex -54.4915 -49.4941 0
    endloop
  endfacet
  facet normal 0.342269 -0.939602 0
    outer loop
      vertex 52.0816 -52.5787 -22.2
      vertex 52.3111 -52.4951 0
      vertex 52.0816 -52.5787 0
    endloop
  endfacet
  facet normal 0.342269 -0.939602 0
    outer loop
      vertex 52.3111 -52.4951 0
      vertex 52.0816 -52.5787 -22.2
      vertex 52.3111 -52.4951 -22.2
    endloop
  endfacet
  facet normal 0.927201 0.374565 0
    outer loop
      vertex 54.2889 50.4471 0
      vertex 54.1974 50.6736 -22.2
      vertex 54.1974 50.6736 0
    endloop
  endfacet
  facet normal 0.927201 0.374565 0
    outer loop
      vertex 54.1974 50.6736 -22.2
      vertex 54.2889 50.4471 0
      vertex 54.2889 50.4471 -22.2
    endloop
  endfacet
  facet normal -0.529999 0.847998 0
    outer loop
      vertex -52.75 52.2811 -22.2
      vertex -52.9572 52.1516 0
      vertex -52.75 52.2811 0
    endloop
  endfacet
  facet normal -0.529999 0.847998 0
    outer loop
      vertex -52.9572 52.1516 0
      vertex -52.75 52.2811 -22.2
      vertex -52.9572 52.1516 -22.2
    endloop
  endfacet
  facet normal -0.694719 0.719282 0
    outer loop
      vertex -53.342 51.851 -22.2
      vertex -53.5177 51.6813 0
      vertex -53.342 51.851 0
    endloop
  endfacet
  facet normal -0.694719 0.719282 0
    outer loop
      vertex -53.5177 51.6813 0
      vertex -53.342 51.851 -22.2
      vertex -53.5177 51.6813 -22.2
    endloop
  endfacet
  facet normal 0.866042 0.499971 0
    outer loop
      vertex 54.0903 50.8932 0
      vertex 53.9682 51.1047 -22.2
      vertex 53.9682 51.1047 0
    endloop
  endfacet
  facet normal 0.866042 0.499971 0
    outer loop
      vertex 53.9682 51.1047 -22.2
      vertex 54.0903 50.8932 0
      vertex 54.0903 50.8932 -22.2
    endloop
  endfacet
  facet normal -0.642597 0.766205 0
    outer loop
      vertex -53.1548 52.008 -22.2
      vertex -53.342 51.851 0
      vertex -53.1548 52.008 0
    endloop
  endfacet
  facet normal -0.642597 0.766205 0
    outer loop
      vertex -53.342 51.851 0
      vertex -53.1548 52.008 -22.2
      vertex -53.342 51.851 -22.2
    endloop
  endfacet
  facet normal 0 0 1
    outer loop
      vertex -54.5 -49.25 0
      vertex -53.25 -49.25 0
      vertex -53.25 -12.75 0
    endloop
  endfacet
  facet normal 0 -0 1
    outer loop
      vertex -54.4915 -49.4941 0
      vertex -53.25 -49.25 0
      vertex -54.5 -49.25 0
    endloop
  endfacet
  facet normal 0 0 1
    outer loop
      vertex -53.25 -49.25 0
      vertex -53.5177 -51.6813 0
      vertex -53.342 -51.851 0
    endloop
  endfacet
  facet normal 0 0 1
    outer loop
      vertex -53.25 -49.25 0
      vertex -53.6812 -51.4998 0
      vertex -53.5177 -51.6813 0
    endloop
  endfacet
  facet normal 0 0 1
    outer loop
      vertex -53.25 -49.25 0
      vertex -53.8316 -51.3072 0
      vertex -53.6812 -51.4998 0
    endloop
  endfacet
  facet normal 0 0 1
    outer loop
      vertex -53.25 -49.25 0
      vertex -53.9682 -51.1047 0
      vertex -53.8316 -51.3072 0
    endloop
  endfacet
  facet normal 0 0 1
    outer loop
      vertex -53.25 -49.25 0
      vertex -54.0903 -50.8932 0
      vertex -53.9682 -51.1047 0
    endloop
  endfacet
  facet normal 0 0 1
    outer loop
      vertex -53.25 -49.25 0
      vertex -54.1974 -50.6736 0
      vertex -54.0903 -50.8932 0
    endloop
  endfacet
  facet normal 0 0 1
    outer loop
      vertex -53.25 -49.25 0
      vertex -54.2889 -50.4471 0
      vertex -54.1974 -50.6736 0
    endloop
  endfacet
  facet normal 0 0 1
    outer loop
      vertex -53.25 -49.25 0
      vertex -54.3644 -50.2147 0
      vertex -54.2889 -50.4471 0
    endloop
  endfacet
  facet normal 0 0 1
    outer loop
      vertex -53.25 -49.25 0
      vertex -54.4235 -49.9777 0
      vertex -54.3644 -50.2147 0
    endloop
  endfacet
  facet normal 0 0 1
    outer loop
      vertex -53.25 -49.25 0
      vertex -54.4659 -49.7371 0
      vertex -54.4235 -49.9777 0
    endloop
  endfacet
  facet normal 0 0 1
    outer loop
      vertex -54.5 -49.25 0
      vertex -53.25 -12.75 0
      vertex -54.5 -12.75 0
    endloop
  endfacet
  facet normal 0 0 1
    outer loop
      vertex -53.25 -49.25 0
      vertex -54.4915 -49.4941 0
      vertex -54.4659 -49.7371 0
    endloop
  endfacet
  facet normal 0 0 1
    outer loop
      vertex 53.25 -49.25 0
      vertex 54.5 -49.25 0
      vertex 54.5 -32.75 0
    endloop
  endfacet
  facet normal 0 0 1
    outer loop
      vertex 54.5 -49.25 0
      vertex 53.25 -49.25 0
      vertex 54.4915 -49.4941 0
    endloop
  endfacet
  facet normal -0 0 1
    outer loop
      vertex 53.2445 -49.407 0
      vertex 54.4915 -49.4941 0
      vertex 53.25 -49.25 0
    endloop
  endfacet
  facet normal 0 0 1
    outer loop
      vertex 54.4915 -49.4941 0
      vertex 53.2445 -49.407 0
      vertex 54.4659 -49.7371 0
    endloop
  endfacet
  facet normal -0 0 1
    outer loop
      vertex 53.2281 -49.5631 0
      vertex 54.4659 -49.7371 0
      vertex 53.2445 -49.407 0
    endloop
  endfacet
  facet normal 0 0 1
    outer loop
      vertex 54.4659 -49.7371 0
      vertex 53.2281 -49.5631 0
      vertex 54.4235 -49.9777 0
    endloop
  endfacet
  facet normal -0 0 1
    outer loop
      vertex 53.2008 -49.7178 0
      vertex 54.4235 -49.9777 0
      vertex 53.2281 -49.5631 0
    endloop
  endfacet
  facet normal 0 0 1
    outer loop
      vertex 54.4235 -49.9777 0
      vertex 53.2008 -49.7178 0
      vertex 54.3644 -50.2147 0
    endloop
  endfacet
  facet normal -0 0 1
    outer loop
      vertex 53.1628 -49.8702 0
      vertex 54.3644 -50.2147 0
      vertex 53.2008 -49.7178 0
    endloop
  endfacet
  facet normal 0 0 1
    outer loop
      vertex 54.3644 -50.2147 0
      vertex 53.1628 -49.8702 0
      vertex 54.2889 -50.4471 0
    endloop
  endfacet
  facet normal -0 0 1
    outer loop
      vertex 53.1143 -50.0195 0
      vertex 54.2889 -50.4471 0
      vertex 53.1628 -49.8702 0
    endloop
  endfacet
  facet normal 0 0 1
    outer loop
      vertex 54.2889 -50.4471 0
      vertex 53.1143 -50.0195 0
      vertex 54.1974 -50.6736 0
    endloop
  endfacet
  facet normal 0 0 1
    outer loop
      vertex 53.25 -49.25 0
      vertex 54.5 -32.75 0
      vertex 53.25 -32.75 0
    endloop
  endfacet
  facet normal -0 0 1
    outer loop
      vertex 53.0555 -50.1652 0
      vertex 54.1974 -50.6736 0
      vertex 53.1143 -50.0195 0
    endloop
  endfacet
  facet normal 0 0 1
    outer loop
      vertex 54.1974 -50.6736 0
      vertex 53.0555 -50.1652 0
      vertex 54.0903 -50.8932 0
    endloop
  endfacet
  facet normal -0 0 1
    outer loop
      vertex 52.9866 -50.3063 0
      vertex 54.0903 -50.8932 0
      vertex 53.0555 -50.1652 0
    endloop
  endfacet
  facet normal 0 0 1
    outer loop
      vertex 54.0903 -50.8932 0
      vertex 52.9866 -50.3063 0
      vertex 53.9682 -51.1047 0
    endloop
  endfacet
  facet normal -0 0 1
    outer loop
      vertex 52.9081 -50.4423 0
      vertex 53.9682 -51.1047 0
      vertex 52.9866 -50.3063 0
    endloop
  endfacet
  facet normal 0 0 1
    outer loop
      vertex 53.9682 -51.1047 0
      vertex 52.9081 -50.4423 0
      vertex 53.8316 -51.3072 0
    endloop
  endfacet
  facet normal -0 0 1
    outer loop
      vertex 52.8203 -50.5725 0
      vertex 53.8316 -51.3072 0
      vertex 52.9081 -50.4423 0
    endloop
  endfacet
  facet normal 0 0 1
    outer loop
      vertex 53.8316 -51.3072 0
      vertex 52.8203 -50.5725 0
      vertex 53.6812 -51.4998 0
    endloop
  endfacet
  facet normal -0 0 1
    outer loop
      vertex 52.7236 -50.6963 0
      vertex 53.6812 -51.4998 0
      vertex 52.8203 -50.5725 0
    endloop
  endfacet
  facet normal 0 0 1
    outer loop
      vertex 53.6812 -51.4998 0
      vertex 52.7236 -50.6963 0
      vertex 53.5177 -51.6813 0
    endloop
  endfacet
  facet normal -0 0 1
    outer loop
      vertex 52.6185 -50.813 0
      vertex 53.5177 -51.6813 0
      vertex 52.7236 -50.6963 0
    endloop
  endfacet
  facet normal 0 0 1
    outer loop
      vertex 53.5177 -51.6813 0
      vertex 52.6185 -50.813 0
      vertex 53.342 -51.851 0
    endloop
  endfacet
  facet normal -0 0 1
    outer loop
      vertex 52.5055 -50.9221 0
      vertex 53.342 -51.851 0
      vertex 52.6185 -50.813 0
    endloop
  endfacet
  facet normal 0 0 1
    outer loop
      vertex 53.342 -51.851 0
      vertex 52.5055 -50.9221 0
      vertex 53.1548 -52.008 0
    endloop
  endfacet
  facet normal -0 0 1
    outer loop
      vertex 52.3852 -51.023 0
      vertex 53.1548 -52.008 0
      vertex 52.5055 -50.9221 0
    endloop
  endfacet
  facet normal 0 0 1
    outer loop
      vertex 53.1548 -52.008 0
      vertex 52.3852 -51.023 0
      vertex 52.9572 -52.1516 0
    endloop
  endfacet
  facet normal -0 0 1
    outer loop
      vertex 52.2582 -51.1153 0
      vertex 52.9572 -52.1516 0
      vertex 52.3852 -51.023 0
    endloop
  endfacet
  facet normal 0 0 1
    outer loop
      vertex 52.9572 -52.1516 0
      vertex 52.2582 -51.1153 0
      vertex 52.75 -52.2811 0
    endloop
  endfacet
  facet normal -0 0 1
    outer loop
      vertex 52.125 -51.1986 0
      vertex 52.75 -52.2811 0
      vertex 52.2582 -51.1153 0
    endloop
  endfacet
  facet normal 0 0 1
    outer loop
      vertex 52.75 -52.2811 0
      vertex 52.125 -51.1986 0
      vertex 52.5343 -52.3958 0
    endloop
  endfacet
  facet normal -0 0 1
    outer loop
      vertex 51.9863 -51.2723 0
      vertex 52.5343 -52.3958 0
      vertex 52.125 -51.1986 0
    endloop
  endfacet
  facet normal 0 0 1
    outer loop
      vertex 52.5343 -52.3958 0
      vertex 51.9863 -51.2723 0
      vertex 52.3111 -52.4951 0
    endloop
  endfacet
  facet normal -0 0 1
    outer loop
      vertex 51.8429 -51.3362 0
      vertex 52.3111 -52.4951 0
      vertex 51.9863 -51.2723 0
    endloop
  endfacet
  facet normal 0 0 1
    outer loop
      vertex 52.3111 -52.4951 0
      vertex 51.8429 -51.3362 0
      vertex 52.0816 -52.5787 0
    endloop
  endfacet
  facet normal -0 0 1
    outer loop
      vertex 51.6953 -51.3899 0
      vertex 52.0816 -52.5787 0
      vertex 51.8429 -51.3362 0
    endloop
  endfacet
  facet normal 0 0 1
    outer loop
      vertex 52.0816 -52.5787 0
      vertex 51.6953 -51.3899 0
      vertex 51.8467 -52.646 0
    endloop
  endfacet
  facet normal -0 0 1
    outer loop
      vertex 51.5443 -51.4332 0
      vertex 51.8467 -52.646 0
      vertex 51.6953 -51.3899 0
    endloop
  endfacet
  facet normal 0 0 1
    outer loop
      vertex 51.8467 -52.646 0
      vertex 51.5443 -51.4332 0
      vertex 51.6078 -52.6968 0
    endloop
  endfacet
  facet normal -0 0 1
    outer loop
      vertex 51.3907 -51.4658 0
      vertex 51.6078 -52.6968 0
      vertex 51.5443 -51.4332 0
    endloop
  endfacet
  facet normal 0 0 1
    outer loop
      vertex 51.3907 -51.4658 0
      vertex 51.3658 -52.7308 0
      vertex 51.6078 -52.6968 0
    endloop
  endfacet
  facet normal -0 0 1
    outer loop
      vertex 51.2352 -51.4877 0
      vertex 51.3658 -52.7308 0
      vertex 51.3907 -51.4658 0
    endloop
  endfacet
  facet normal 0 0 1
    outer loop
      vertex 51.2352 -51.4877 0
      vertex 51.1221 -52.7479 0
      vertex 51.3658 -52.7308 0
    endloop
  endfacet
  facet normal -0 0 1
    outer loop
      vertex 51.0785 -51.4986 0
      vertex 51.1221 -52.7479 0
      vertex 51.2352 -51.4877 0
    endloop
  endfacet
  facet normal -0 0 1
    outer loop
      vertex -51.0785 -51.4986 0
      vertex 51.1221 -52.7479 0
      vertex 51.0785 -51.4986 0
    endloop
  endfacet
  facet normal 0 0 1
    outer loop
      vertex -51.0785 -51.4986 0
      vertex -51.1221 -52.7479 0
      vertex 51.1221 -52.7479 0
    endloop
  endfacet
  facet normal 0 0 1
    outer loop
      vertex -51.2352 -51.4877 0
      vertex -51.1221 -52.7479 0
      vertex -51.0785 -51.4986 0
    endloop
  endfacet
  facet normal 0 0 1
    outer loop
      vertex -51.2352 -51.4877 0
      vertex -51.3658 -52.7308 0
      vertex -51.1221 -52.7479 0
    endloop
  endfacet
  facet normal 0 0 1
    outer loop
      vertex -51.3907 -51.4658 0
      vertex -51.3658 -52.7308 0
      vertex -51.2352 -51.4877 0
    endloop
  endfacet
  facet normal 0 0 1
    outer loop
      vertex -51.6078 -52.6968 0
      vertex -51.3907 -51.4658 0
      vertex -51.5443 -51.4332 0
    endloop
  endfacet
  facet normal 0 0 1
    outer loop
      vertex -51.3907 -51.4658 0
      vertex -51.6078 -52.6968 0
      vertex -51.3658 -52.7308 0
    endloop
  endfacet
  facet normal 0 0 1
    outer loop
      vertex -51.8467 -52.646 0
      vertex -51.5443 -51.4332 0
      vertex -51.6953 -51.3899 0
    endloop
  endfacet
  facet normal 0 0 1
    outer loop
      vertex -52.0816 -52.5787 0
      vertex -51.6953 -51.3899 0
      vertex -51.8429 -51.3362 0
    endloop
  endfacet
  facet normal 0 0 1
    outer loop
      vertex -51.5443 -51.4332 0
      vertex -51.8467 -52.646 0
      vertex -51.6078 -52.6968 0
    endloop
  endfacet
  facet normal 0 0 1
    outer loop
      vertex -52.3111 -52.4951 0
      vertex -51.8429 -51.3362 0
      vertex -51.9863 -51.2723 0
    endloop
  endfacet
  facet normal 0 0 1
    outer loop
      vertex -51.6953 -51.3899 0
      vertex -52.0816 -52.5787 0
      vertex -51.8467 -52.646 0
    endloop
  endfacet
  facet normal 0 0 1
    outer loop
      vertex -52.5343 -52.3958 0
      vertex -51.9863 -51.2723 0
      vertex -52.125 -51.1986 0
    endloop
  endfacet
  facet normal 0 0 1
    outer loop
      vertex -52.75 -52.2811 0
      vertex -52.125 -51.1986 0
      vertex -52.2582 -51.1153 0
    endloop
  endfacet
  facet normal 0 0 1
    outer loop
      vertex -51.8429 -51.3362 0
      vertex -52.3111 -52.4951 0
      vertex -52.0816 -52.5787 0
    endloop
  endfacet
  facet normal 0 0 1
    outer loop
      vertex -52.9572 -52.1516 0
      vertex -52.2582 -51.1153 0
      vertex -52.3852 -51.023 0
    endloop
  endfacet
  facet normal 0 0 1
    outer loop
      vertex -53.1548 -52.008 0
      vertex -52.3852 -51.023 0
      vertex -52.5055 -50.9221 0
    endloop
  endfacet
  facet normal 0 0 1
    outer loop
      vertex -51.9863 -51.2723 0
      vertex -52.5343 -52.3958 0
      vertex -52.3111 -52.4951 0
    endloop
  endfacet
  facet normal 0 0 1
    outer loop
      vertex -53.342 -51.851 0
      vertex -52.5055 -50.9221 0
      vertex -52.6185 -50.813 0
    endloop
  endfacet
  facet normal 0 0 1
    outer loop
      vertex -53.342 -51.851 0
      vertex -52.6185 -50.813 0
      vertex -52.7236 -50.6963 0
    endloop
  endfacet
  facet normal 0 0 1
    outer loop
      vertex -52.125 -51.1986 0
      vertex -52.75 -52.2811 0
      vertex -52.5343 -52.3958 0
    endloop
  endfacet
  facet normal 0 0 1
    outer loop
      vertex -53.342 -51.851 0
      vertex -52.7236 -50.6963 0
      vertex -52.8203 -50.5725 0
    endloop
  endfacet
  facet normal 0 0 1
    outer loop
      vertex -53.342 -51.851 0
      vertex -52.8203 -50.5725 0
      vertex -52.9081 -50.4423 0
    endloop
  endfacet
  facet normal 0 0 1
    outer loop
      vertex -52.2582 -51.1153 0
      vertex -52.9572 -52.1516 0
      vertex -52.75 -52.2811 0
    endloop
  endfacet
  facet normal 0 0 1
    outer loop
      vertex -53.342 -51.851 0
      vertex -52.9081 -50.4423 0
      vertex -52.9866 -50.3063 0
    endloop
  endfacet
  facet normal 0 0 1
    outer loop
      vertex -53.342 -51.851 0
      vertex -52.9866 -50.3063 0
      vertex -53.0555 -50.1652 0
    endloop
  endfacet
  facet normal 0 0 1
    outer loop
      vertex -53.342 -51.851 0
      vertex -53.0555 -50.1652 0
      vertex -53.1143 -50.0195 0
    endloop
  endfacet
  facet normal 0 0 1
    outer loop
      vertex -52.3852 -51.023 0
      vertex -53.1548 -52.008 0
      vertex -52.9572 -52.1516 0
    endloop
  endfacet
  facet normal 0 0 1
    outer loop
      vertex -53.342 -51.851 0
      vertex -53.1143 -50.0195 0
      vertex -53.1628 -49.8702 0
    endloop
  endfacet
  facet normal 0 0 1
    outer loop
      vertex -53.342 -51.851 0
      vertex -53.1628 -49.8702 0
      vertex -53.2008 -49.7178 0
    endloop
  endfacet
  facet normal 0 0 1
    outer loop
      vertex -53.342 -51.851 0
      vertex -53.2008 -49.7178 0
      vertex -53.2281 -49.5631 0
    endloop
  endfacet
  facet normal 0 0 1
    outer loop
      vertex -53.342 -51.851 0
      vertex -53.2281 -49.5631 0
      vertex -53.2445 -49.407 0
    endloop
  endfacet
  facet normal 0 0 1
    outer loop
      vertex -53.342 -51.851 0
      vertex -53.2445 -49.407 0
      vertex -53.25 -49.25 0
    endloop
  endfacet
  facet normal 0 0 1
    outer loop
      vertex -52.5055 -50.9221 0
      vertex -53.342 -51.851 0
      vertex -53.1548 -52.008 0
    endloop
  endfacet
  facet normal 0 0 1
    outer loop
      vertex 54.4915 49.4941 0
      vertex 53.2445 49.407 0
      vertex 53.25 49.25 0
    endloop
  endfacet
  facet normal 0 0 1
    outer loop
      vertex 53.5177 51.6813 0
      vertex 53.2281 49.5631 0
      vertex 53.2445 49.407 0
    endloop
  endfacet
  facet normal 0 0 1
    outer loop
      vertex 53.5177 51.6813 0
      vertex 53.2008 49.7178 0
      vertex 53.2281 49.5631 0
    endloop
  endfacet
  facet normal 0 0 1
    outer loop
      vertex 53.5177 51.6813 0
      vertex 53.1628 49.8702 0
      vertex 53.2008 49.7178 0
    endloop
  endfacet
  facet normal 0 0 1
    outer loop
      vertex 52.5055 50.9221 0
      vertex 53.342 51.851 0
      vertex 53.1548 52.008 0
    endloop
  endfacet
  facet normal 0 0 1
    outer loop
      vertex 53.5177 51.6813 0
      vertex 53.1143 50.0195 0
      vertex 53.1628 49.8702 0
    endloop
  endfacet
  facet normal 0 0 1
    outer loop
      vertex 53.5177 51.6813 0
      vertex 53.0555 50.1652 0
      vertex 53.1143 50.0195 0
    endloop
  endfacet
  facet normal 0 0 1
    outer loop
      vertex 53.5177 51.6813 0
      vertex 52.9866 50.3063 0
      vertex 53.0555 50.1652 0
    endloop
  endfacet
  facet normal 0 0 1
    outer loop
      vertex 52.3852 51.023 0
      vertex 53.1548 52.008 0
      vertex 52.9572 52.1516 0
    endloop
  endfacet
  facet normal 0 0 1
    outer loop
      vertex 53.5177 51.6813 0
      vertex 52.9081 50.4423 0
      vertex 52.9866 50.3063 0
    endloop
  endfacet
  facet normal 0 0 1
    outer loop
      vertex 53.5177 51.6813 0
      vertex 52.8203 50.5725 0
      vertex 52.9081 50.4423 0
    endloop
  endfacet
  facet normal 0 0 1
    outer loop
      vertex 52.2582 51.1153 0
      vertex 52.9572 52.1516 0
      vertex 52.75 52.2811 0
    endloop
  endfacet
  facet normal 0 0 1
    outer loop
      vertex 53.5177 51.6813 0
      vertex 52.7236 50.6963 0
      vertex 52.8203 50.5725 0
    endloop
  endfacet
  facet normal 0 0 1
    outer loop
      vertex 53.5177 51.6813 0
      vertex 52.6185 50.813 0
      vertex 52.7236 50.6963 0
    endloop
  endfacet
  facet normal 0 0 1
    outer loop
      vertex 52.125 51.1986 0
      vertex 52.75 52.2811 0
      vertex 52.5343 52.3958 0
    endloop
  endfacet
  facet normal 0 0 1
    outer loop
      vertex 53.342 51.851 0
      vertex 52.5055 50.9221 0
      vertex 52.6185 50.813 0
    endloop
  endfacet
  facet normal 0 0 1
    outer loop
      vertex 53.1548 52.008 0
      vertex 52.3852 51.023 0
      vertex 52.5055 50.9221 0
    endloop
  endfacet
  facet normal 0 0 1
    outer loop
      vertex 51.9863 51.2723 0
      vertex 52.5343 52.3958 0
      vertex 52.3111 52.4951 0
    endloop
  endfacet
  facet normal 0 0 1
    outer loop
      vertex 52.9572 52.1516 0
      vertex 52.2582 51.1153 0
      vertex 52.3852 51.023 0
    endloop
  endfacet
  facet normal 0 0 1
    outer loop
      vertex 52.75 52.2811 0
      vertex 52.125 51.1986 0
      vertex 52.2582 51.1153 0
    endloop
  endfacet
  facet normal 0 0 1
    outer loop
      vertex 51.8429 51.3362 0
      vertex 52.3111 52.4951 0
      vertex 52.0816 52.5787 0
    endloop
  endfacet
  facet normal 0 0 1
    outer loop
      vertex 52.5343 52.3958 0
      vertex 51.9863 51.2723 0
      vertex 52.125 51.1986 0
    endloop
  endfacet
  facet normal 0 0 1
    outer loop
      vertex 51.6953 51.3899 0
      vertex 52.0816 52.5787 0
      vertex 51.8467 52.646 0
    endloop
  endfacet
  facet normal 0 0 1
    outer loop
      vertex 52.3111 52.4951 0
      vertex 51.8429 51.3362 0
      vertex 51.9863 51.2723 0
    endloop
  endfacet
  facet normal 0 0 1
    outer loop
      vertex 52.0816 52.5787 0
      vertex 51.6953 51.3899 0
      vertex 51.8429 51.3362 0
    endloop
  endfacet
  facet normal 0 0 1
    outer loop
      vertex 51.5443 51.4332 0
      vertex 51.8467 52.646 0
      vertex 51.6078 52.6968 0
    endloop
  endfacet
  facet normal 0 0 1
    outer loop
      vertex 51.8467 52.646 0
      vertex 51.5443 51.4332 0
      vertex 51.6953 51.3899 0
    endloop
  endfacet
  facet normal 0 0 1
    outer loop
      vertex 51.6078 52.6968 0
      vertex 51.3907 51.4658 0
      vertex 51.5443 51.4332 0
    endloop
  endfacet
  facet normal 0 0 1
    outer loop
      vertex 51.3658 52.7308 0
      vertex 51.3907 51.4658 0
      vertex 51.6078 52.6968 0
    endloop
  endfacet
  facet normal 0 0 1
    outer loop
      vertex 51.3658 52.7308 0
      vertex 51.2352 51.4877 0
      vertex 51.3907 51.4658 0
    endloop
  endfacet
  facet normal 0 0 1
    outer loop
      vertex 51.1221 52.7479 0
      vertex 51.2352 51.4877 0
      vertex 51.3658 52.7308 0
    endloop
  endfacet
  facet normal 0 0 1
    outer loop
      vertex 51.1221 52.7479 0
      vertex 51.0785 51.4986 0
      vertex 51.2352 51.4877 0
    endloop
  endfacet
  facet normal 0 0 1
    outer loop
      vertex 51.1221 52.7479 0
      vertex -51.0785 51.4986 0
      vertex 51.0785 51.4986 0
    endloop
  endfacet
  facet normal -0 0 1
    outer loop
      vertex -51.1221 52.7479 0
      vertex -51.0785 51.4986 0
      vertex 51.1221 52.7479 0
    endloop
  endfacet
  facet normal 0 0 1
    outer loop
      vertex -51.1221 52.7479 0
      vertex -51.2352 51.4877 0
      vertex -51.0785 51.4986 0
    endloop
  endfacet
  facet normal -0 0 1
    outer loop
      vertex -51.3658 52.7308 0
      vertex -51.2352 51.4877 0
      vertex -51.1221 52.7479 0
    endloop
  endfacet
  facet normal 0 0 1
    outer loop
      vertex -51.3658 52.7308 0
      vertex -51.3907 51.4658 0
      vertex -51.2352 51.4877 0
    endloop
  endfacet
  facet normal -0 0 1
    outer loop
      vertex -51.6078 52.6968 0
      vertex -51.3907 51.4658 0
      vertex -51.3658 52.7308 0
    endloop
  endfacet
  facet normal 0 0 1
    outer loop
      vertex -51.3907 51.4658 0
      vertex -51.6078 52.6968 0
      vertex -51.5443 51.4332 0
    endloop
  endfacet
  facet normal -0 0 1
    outer loop
      vertex -51.8467 52.646 0
      vertex -51.5443 51.4332 0
      vertex -51.6078 52.6968 0
    endloop
  endfacet
  facet normal 0 0 1
    outer loop
      vertex -51.5443 51.4332 0
      vertex -51.8467 52.646 0
      vertex -51.6953 51.3899 0
    endloop
  endfacet
  facet normal -0 0 1
    outer loop
      vertex -52.0816 52.5787 0
      vertex -51.6953 51.3899 0
      vertex -51.8467 52.646 0
    endloop
  endfacet
  facet normal 0 0 1
    outer loop
      vertex -51.6953 51.3899 0
      vertex -52.0816 52.5787 0
      vertex -51.8429 51.3362 0
    endloop
  endfacet
  facet normal -0 0 1
    outer loop
      vertex -52.3111 52.4951 0
      vertex -51.8429 51.3362 0
      vertex -52.0816 52.5787 0
    endloop
  endfacet
  facet normal 0 0 1
    outer loop
      vertex -51.8429 51.3362 0
      vertex -52.3111 52.4951 0
      vertex -51.9863 51.2723 0
    endloop
  endfacet
  facet normal -0 0 1
    outer loop
      vertex -52.5343 52.3958 0
      vertex -51.9863 51.2723 0
      vertex -52.3111 52.4951 0
    endloop
  endfacet
  facet normal 0 0 1
    outer loop
      vertex -51.9863 51.2723 0
      vertex -52.5343 52.3958 0
      vertex -52.125 51.1986 0
    endloop
  endfacet
  facet normal -0 0 1
    outer loop
      vertex -52.75 52.2811 0
      vertex -52.125 51.1986 0
      vertex -52.5343 52.3958 0
    endloop
  endfacet
  facet normal 0 0 1
    outer loop
      vertex -52.125 51.1986 0
      vertex -52.75 52.2811 0
      vertex -52.2582 51.1153 0
    endloop
  endfacet
  facet normal -0 0 1
    outer loop
      vertex -52.9572 52.1516 0
      vertex -52.2582 51.1153 0
      vertex -52.75 52.2811 0
    endloop
  endfacet
  facet normal 0 0 1
    outer loop
      vertex -52.2582 51.1153 0
      vertex -52.9572 52.1516 0
      vertex -52.3852 51.023 0
    endloop
  endfacet
  facet normal -0 0 1
    outer loop
      vertex -53.1548 52.008 0
      vertex -52.3852 51.023 0
      vertex -52.9572 52.1516 0
    endloop
  endfacet
  facet normal 0 0 1
    outer loop
      vertex -52.3852 51.023 0
      vertex -53.1548 52.008 0
      vertex -52.5055 50.9221 0
    endloop
  endfacet
  facet normal -0 0 1
    outer loop
      vertex -53.342 51.851 0
      vertex -52.5055 50.9221 0
      vertex -53.1548 52.008 0
    endloop
  endfacet
  facet normal 0 0 1
    outer loop
      vertex -52.5055 50.9221 0
      vertex -53.342 51.851 0
      vertex -52.6185 50.813 0
    endloop
  endfacet
  facet normal -0 0 1
    outer loop
      vertex -53.5177 51.6813 0
      vertex -52.6185 50.813 0
      vertex -53.342 51.851 0
    endloop
  endfacet
  facet normal 0 0 1
    outer loop
      vertex -52.6185 50.813 0
      vertex -53.5177 51.6813 0
      vertex -52.7236 50.6963 0
    endloop
  endfacet
  facet normal -0 0 1
    outer loop
      vertex -53.6812 51.4998 0
      vertex -52.7236 50.6963 0
      vertex -53.5177 51.6813 0
    endloop
  endfacet
  facet normal 0 0 1
    outer loop
      vertex -52.7236 50.6963 0
      vertex -53.6812 51.4998 0
      vertex -52.8203 50.5725 0
    endloop
  endfacet
  facet normal -0 0 1
    outer loop
      vertex -53.8316 51.3072 0
      vertex -52.8203 50.5725 0
      vertex -53.6812 51.4998 0
    endloop
  endfacet
  facet normal 0 0 1
    outer loop
      vertex -52.8203 50.5725 0
      vertex -53.8316 51.3072 0
      vertex -52.9081 50.4423 0
    endloop
  endfacet
  facet normal -0 0 1
    outer loop
      vertex -53.9682 51.1047 0
      vertex -52.9081 50.4423 0
      vertex -53.8316 51.3072 0
    endloop
  endfacet
  facet normal 0 0 1
    outer loop
      vertex -52.9081 50.4423 0
      vertex -53.9682 51.1047 0
      vertex -52.9866 50.3063 0
    endloop
  endfacet
  facet normal -0 0 1
    outer loop
      vertex -54.0903 50.8932 0
      vertex -52.9866 50.3063 0
      vertex -53.9682 51.1047 0
    endloop
  endfacet
  facet normal 0 0 1
    outer loop
      vertex -52.9866 50.3063 0
      vertex -54.0903 50.8932 0
      vertex -53.0555 50.1652 0
    endloop
  endfacet
  facet normal -0 0 1
    outer loop
      vertex -54.1974 50.6736 0
      vertex -53.0555 50.1652 0
      vertex -54.0903 50.8932 0
    endloop
  endfacet
  facet normal 0 0 1
    outer loop
      vertex -53.0555 50.1652 0
      vertex -54.1974 50.6736 0
      vertex -53.1143 50.0195 0
    endloop
  endfacet
  facet normal -0 0 1
    outer loop
      vertex -54.2889 50.4471 0
      vertex -53.1143 50.0195 0
      vertex -54.1974 50.6736 0
    endloop
  endfacet
  facet normal 0 0 1
    outer loop
      vertex -53.1143 50.0195 0
      vertex -54.2889 50.4471 0
      vertex -53.1628 49.8702 0
    endloop
  endfacet
  facet normal -0 0 1
    outer loop
      vertex -54.3644 50.2147 0
      vertex -53.1628 49.8702 0
      vertex -54.2889 50.4471 0
    endloop
  endfacet
  facet normal 0 0 1
    outer loop
      vertex -53.1628 49.8702 0
      vertex -54.3644 50.2147 0
      vertex -53.2008 49.7178 0
    endloop
  endfacet
  facet normal -0 0 1
    outer loop
      vertex -54.4235 49.9777 0
      vertex -53.2008 49.7178 0
      vertex -54.3644 50.2147 0
    endloop
  endfacet
  facet normal 0 0 1
    outer loop
      vertex -53.2008 49.7178 0
      vertex -54.4235 49.9777 0
      vertex -53.2281 49.5631 0
    endloop
  endfacet
  facet normal -0 0 1
    outer loop
      vertex -54.4659 49.7371 0
      vertex -53.2281 49.5631 0
      vertex -54.4235 49.9777 0
    endloop
  endfacet
  facet normal 0 0 1
    outer loop
      vertex -53.2281 49.5631 0
      vertex -54.4659 49.7371 0
      vertex -53.2445 49.407 0
    endloop
  endfacet
  facet normal -0 0 1
    outer loop
      vertex -54.4915 49.4941 0
      vertex -53.2445 49.407 0
      vertex -54.4659 49.7371 0
    endloop
  endfacet
  facet normal 0 0 1
    outer loop
      vertex -53.2445 49.407 0
      vertex -54.4915 49.4941 0
      vertex -53.25 49.25 0
    endloop
  endfacet
  facet normal 0 0 1
    outer loop
      vertex -53.25 49.25 0
      vertex -54.4915 49.4941 0
      vertex -54.5 49.25 0
    endloop
  endfacet
  facet normal 0 0 1
    outer loop
      vertex -53.25 49.25 0
      vertex -54.5 49.25 0
      vertex -53.25 38.75 0
    endloop
  endfacet
  facet normal 0 0 1
    outer loop
      vertex -53.25 38.75 0
      vertex -54.5 49.25 0
      vertex -54.5 38.75 0
    endloop
  endfacet
  facet normal 0 0 1
    outer loop
      vertex 53.25 49.25 0
      vertex 54.5 49.25 0
      vertex 54.4915 49.4941 0
    endloop
  endfacet
  facet normal 0 0 1
    outer loop
      vertex 53.2445 49.407 0
      vertex 54.4915 49.4941 0
      vertex 54.4659 49.7371 0
    endloop
  endfacet
  facet normal 0 0 1
    outer loop
      vertex 53.2445 49.407 0
      vertex 54.4659 49.7371 0
      vertex 54.4235 49.9777 0
    endloop
  endfacet
  facet normal 0 0 1
    outer loop
      vertex 53.2445 49.407 0
      vertex 54.4235 49.9777 0
      vertex 54.3644 50.2147 0
    endloop
  endfacet
  facet normal 0 0 1
    outer loop
      vertex 53.2445 49.407 0
      vertex 54.3644 50.2147 0
      vertex 54.2889 50.4471 0
    endloop
  endfacet
  facet normal 0 0 1
    outer loop
      vertex 53.2445 49.407 0
      vertex 54.2889 50.4471 0
      vertex 54.1974 50.6736 0
    endloop
  endfacet
  facet normal 0 0 1
    outer loop
      vertex 53.2445 49.407 0
      vertex 54.1974 50.6736 0
      vertex 54.0903 50.8932 0
    endloop
  endfacet
  facet normal 0 0 1
    outer loop
      vertex 53.2445 49.407 0
      vertex 54.0903 50.8932 0
      vertex 53.9682 51.1047 0
    endloop
  endfacet
  facet normal 0 0 1
    outer loop
      vertex 53.2445 49.407 0
      vertex 53.9682 51.1047 0
      vertex 53.8316 51.3072 0
    endloop
  endfacet
  facet normal 0 0 1
    outer loop
      vertex 53.2445 49.407 0
      vertex 53.8316 51.3072 0
      vertex 53.6812 51.4998 0
    endloop
  endfacet
  facet normal 0 0 1
    outer loop
      vertex 53.2445 49.407 0
      vertex 53.6812 51.4998 0
      vertex 53.5177 51.6813 0
    endloop
  endfacet
  facet normal 0 0 1
    outer loop
      vertex 52.6185 50.813 0
      vertex 53.5177 51.6813 0
      vertex 53.342 51.851 0
    endloop
  endfacet
  facet normal 0 0 1
    outer loop
      vertex 54.5 49.25 0
      vertex 53.25 49.25 0
      vertex 54.5 -6.25 0
    endloop
  endfacet
  facet normal 0 0 1
    outer loop
      vertex 54.5 -6.25 0
      vertex 53.25 49.25 0
      vertex 53.25 -6.25 0
    endloop
  endfacet
  facet normal -0 0 1
    outer loop
      vertex -54.5 15.25 0
      vertex -53.25 -1.75 0
      vertex -53.25 15.25 0
    endloop
  endfacet
  facet normal 0 0 1
    outer loop
      vertex -53.25 -1.75 0
      vertex -54.5 15.25 0
      vertex -54.5 -1.75 0
    endloop
  endfacet
  facet normal 0.275424 -0.961323 0
    outer loop
      vertex 51.8467 -52.646 -22.2
      vertex 52.0816 -52.5787 0
      vertex 51.8467 -52.646 0
    endloop
  endfacet
  facet normal 0.275424 -0.961323 0
    outer loop
      vertex 52.0816 -52.5787 0
      vertex 51.8467 -52.646 -22.2
      vertex 52.0816 -52.5787 -22.2
    endloop
  endfacet
  facet normal 0.342269 0.939602 -0
    outer loop
      vertex 52.3111 52.4951 -22.2
      vertex 52.0816 52.5787 0
      vertex 52.3111 52.4951 0
    endloop
  endfacet
  facet normal 0.342269 0.939602 0
    outer loop
      vertex 52.0816 52.5787 0
      vertex 52.3111 52.4951 -22.2
      vertex 52.0816 52.5787 -22.2
    endloop
  endfacet
  facet normal 0.95107 0.308975 0
    outer loop
      vertex 54.3644 50.2147 0
      vertex 54.2889 50.4471 -22.2
      vertex 54.2889 50.4471 0
    endloop
  endfacet
  facet normal 0.95107 0.308975 0
    outer loop
      vertex 54.2889 50.4471 -22.2
      vertex 54.3644 50.2147 0
      vertex 54.3644 50.2147 -22.2
    endloop
  endfacet
  facet normal 0.469504 -0.88293 0
    outer loop
      vertex 52.5343 -52.3958 -22.2
      vertex 52.75 -52.2811 0
      vertex 52.5343 -52.3958 0
    endloop
  endfacet
  facet normal 0.469504 -0.88293 0
    outer loop
      vertex 52.75 -52.2811 0
      vertex 52.5343 -52.3958 -22.2
      vertex 52.75 -52.2811 -22.2
    endloop
  endfacet
  facet normal 0.642597 -0.766205 0
    outer loop
      vertex 53.1548 -52.008 -22.2
      vertex 53.342 -51.851 0
      vertex 53.1548 -52.008 0
    endloop
  endfacet
  facet normal 0.642597 -0.766205 0
    outer loop
      vertex 53.342 -51.851 0
      vertex 53.1548 -52.008 -22.2
      vertex 53.342 -51.851 -22.2
    endloop
  endfacet
  facet normal -0.829015 0.559227 0
    outer loop
      vertex -53.9682 51.1047 -22.2
      vertex -53.8316 51.3072 0
      vertex -53.8316 51.3072 -22.2
    endloop
  endfacet
  facet normal -0.829015 0.559227 0
    outer loop
      vertex -53.8316 51.3072 0
      vertex -53.9682 51.1047 -22.2
      vertex -53.9682 51.1047 0
    endloop
  endfacet
  facet normal -0.788161 0.615469 0
    outer loop
      vertex -53.8316 51.3072 -22.2
      vertex -53.6812 51.4998 0
      vertex -53.6812 51.4998 -22.2
    endloop
  endfacet
  facet normal -0.788161 0.615469 0
    outer loop
      vertex -53.6812 51.4998 0
      vertex -53.8316 51.3072 -22.2
      vertex -53.8316 51.3072 0
    endloop
  endfacet
  facet normal -0.95107 -0.308975 0
    outer loop
      vertex -54.2889 -50.4471 -22.2
      vertex -54.3644 -50.2147 0
      vertex -54.3644 -50.2147 -22.2
    endloop
  endfacet
  facet normal -0.95107 -0.308975 0
    outer loop
      vertex -54.3644 -50.2147 0
      vertex -54.2889 -50.4471 -22.2
      vertex -54.2889 -50.4471 0
    endloop
  endfacet
  facet normal 0.207991 0.978131 -0
    outer loop
      vertex 51.8467 52.646 -22.2
      vertex 51.6078 52.6968 0
      vertex 51.8467 52.646 0
    endloop
  endfacet
  facet normal 0.207991 0.978131 0
    outer loop
      vertex 51.6078 52.6968 0
      vertex 51.8467 52.646 -22.2
      vertex 51.6078 52.6968 -22.2
    endloop
  endfacet
  facet normal 0.788161 0.615469 0
    outer loop
      vertex 53.8316 51.3072 0
      vertex 53.6812 51.4998 -22.2
      vertex 53.6812 51.4998 0
    endloop
  endfacet
  facet normal 0.788161 0.615469 0
    outer loop
      vertex 53.6812 51.4998 -22.2
      vertex 53.8316 51.3072 0
      vertex 53.8316 51.3072 -22.2
    endloop
  endfacet
  facet normal -0.469504 0.88293 0
    outer loop
      vertex -52.5343 52.3958 -22.2
      vertex -52.75 52.2811 0
      vertex -52.5343 52.3958 0
    endloop
  endfacet
  facet normal -0.469504 0.88293 0
    outer loop
      vertex -52.75 52.2811 0
      vertex -52.5343 52.3958 -22.2
      vertex -52.75 52.2811 -22.2
    endloop
  endfacet
  facet normal 0.529999 -0.847998 0
    outer loop
      vertex 52.75 -52.2811 -22.2
      vertex 52.9572 -52.1516 0
      vertex 52.75 -52.2811 0
    endloop
  endfacet
  facet normal 0.529999 -0.847998 0
    outer loop
      vertex 52.9572 -52.1516 0
      vertex 52.75 -52.2811 -22.2
      vertex 52.9572 -52.1516 -22.2
    endloop
  endfacet
  facet normal -0.139129 0.990274 0
    outer loop
      vertex -51.3658 52.7308 -22.2
      vertex -51.6078 52.6968 0
      vertex -51.3658 52.7308 0
    endloop
  endfacet
  facet normal -0.139129 0.990274 0
    outer loop
      vertex -51.6078 52.6968 0
      vertex -51.3658 52.7308 -22.2
      vertex -51.6078 52.6968 -22.2
    endloop
  endfacet
  facet normal -0.984825 -0.173552 0
    outer loop
      vertex -54.4235 -49.9777 -22.2
      vertex -54.4659 -49.7371 0
      vertex -54.4659 -49.7371 -22.2
    endloop
  endfacet
  facet normal -0.984825 -0.173552 0
    outer loop
      vertex -54.4659 -49.7371 0
      vertex -54.4235 -49.9777 -22.2
      vertex -54.4235 -49.9777 0
    endloop
  endfacet
  facet normal 0.742989 -0.669304 0
    outer loop
      vertex 53.5177 -51.6813 0
      vertex 53.6812 -51.4998 -22.2
      vertex 53.6812 -51.4998 0
    endloop
  endfacet
  facet normal 0.742989 -0.669304 0
    outer loop
      vertex 53.6812 -51.4998 -22.2
      vertex 53.5177 -51.6813 0
      vertex 53.5177 -51.6813 -22.2
    endloop
  endfacet
  facet normal 0.984825 -0.173552 0
    outer loop
      vertex 54.4235 -49.9777 0
      vertex 54.4659 -49.7371 -22.2
      vertex 54.4659 -49.7371 0
    endloop
  endfacet
  facet normal 0.984825 -0.173552 0
    outer loop
      vertex 54.4659 -49.7371 -22.2
      vertex 54.4235 -49.9777 0
      vertex 54.4235 -49.9777 -22.2
    endloop
  endfacet
  facet normal 0.866042 -0.499971 0
    outer loop
      vertex 53.9682 -51.1047 0
      vertex 54.0903 -50.8932 -22.2
      vertex 54.0903 -50.8932 0
    endloop
  endfacet
  facet normal 0.866042 -0.499971 0
    outer loop
      vertex 54.0903 -50.8932 -22.2
      vertex 53.9682 -51.1047 0
      vertex 53.9682 -51.1047 -22.2
    endloop
  endfacet
  facet normal -0.529999 -0.847998 0
    outer loop
      vertex -52.9572 -52.1516 -22.2
      vertex -52.75 -52.2811 0
      vertex -52.9572 -52.1516 0
    endloop
  endfacet
  facet normal -0.529999 -0.847998 -0
    outer loop
      vertex -52.75 -52.2811 0
      vertex -52.9572 -52.1516 -22.2
      vertex -52.75 -52.2811 -22.2
    endloop
  endfacet
  facet normal -0.0699961 0.997547 0
    outer loop
      vertex -51.1221 52.7479 -22.2
      vertex -51.3658 52.7308 0
      vertex -51.1221 52.7479 0
    endloop
  endfacet
  facet normal -0.0699961 0.997547 0
    outer loop
      vertex -51.3658 52.7308 0
      vertex -51.1221 52.7479 -22.2
      vertex -51.3658 52.7308 -22.2
    endloop
  endfacet
  facet normal -0.742989 0.669304 0
    outer loop
      vertex -53.6812 51.4998 -22.2
      vertex -53.5177 51.6813 0
      vertex -53.5177 51.6813 -22.2
    endloop
  endfacet
  facet normal -0.742989 0.669304 0
    outer loop
      vertex -53.5177 51.6813 0
      vertex -53.6812 51.4998 -22.2
      vertex -53.6812 51.4998 0
    endloop
  endfacet
  facet normal 0.984825 0.173552 0
    outer loop
      vertex 54.4659 49.7371 0
      vertex 54.4235 49.9777 -22.2
      vertex 54.4235 49.9777 0
    endloop
  endfacet
  facet normal 0.984825 0.173552 0
    outer loop
      vertex 54.4235 49.9777 -22.2
      vertex 54.4659 49.7371 0
      vertex 54.4659 49.7371 -22.2
    endloop
  endfacet
  facet normal -0.275424 -0.961323 0
    outer loop
      vertex -52.0816 -52.5787 -22.2
      vertex -51.8467 -52.646 0
      vertex -52.0816 -52.5787 0
    endloop
  endfacet
  facet normal -0.275424 -0.961323 -0
    outer loop
      vertex -51.8467 -52.646 0
      vertex -52.0816 -52.5787 -22.2
      vertex -51.8467 -52.646 -22.2
    endloop
  endfacet
  facet normal 0.829015 0.559227 0
    outer loop
      vertex 53.9682 51.1047 0
      vertex 53.8316 51.3072 -22.2
      vertex 53.8316 51.3072 0
    endloop
  endfacet
  facet normal 0.829015 0.559227 0
    outer loop
      vertex 53.8316 51.3072 -22.2
      vertex 53.9682 51.1047 0
      vertex 53.9682 51.1047 -22.2
    endloop
  endfacet
  facet normal -0.866042 0.499971 0
    outer loop
      vertex -54.0903 50.8932 -22.2
      vertex -53.9682 51.1047 0
      vertex -53.9682 51.1047 -22.2
    endloop
  endfacet
  facet normal -0.866042 0.499971 0
    outer loop
      vertex -53.9682 51.1047 0
      vertex -54.0903 50.8932 -22.2
      vertex -54.0903 50.8932 0
    endloop
  endfacet
  facet normal -0.40648 0.91366 0
    outer loop
      vertex -52.3111 52.4951 -22.2
      vertex -52.5343 52.3958 0
      vertex -52.3111 52.4951 0
    endloop
  endfacet
  facet normal -0.40648 0.91366 0
    outer loop
      vertex -52.5343 52.3958 0
      vertex -52.3111 52.4951 -22.2
      vertex -52.5343 52.3958 -22.2
    endloop
  endfacet
  facet normal 0.970287 0.241958 0
    outer loop
      vertex 54.4235 49.9777 0
      vertex 54.3644 50.2147 -22.2
      vertex 54.3644 50.2147 0
    endloop
  endfacet
  facet normal 0.970287 0.241958 0
    outer loop
      vertex 54.3644 50.2147 -22.2
      vertex 54.4235 49.9777 0
      vertex 54.4235 49.9777 -22.2
    endloop
  endfacet
  facet normal -0.984825 0.173552 0
    outer loop
      vertex -54.4659 49.7371 -22.2
      vertex -54.4235 49.9777 0
      vertex -54.4235 49.9777 -22.2
    endloop
  endfacet
  facet normal -0.984825 0.173552 0
    outer loop
      vertex -54.4235 49.9777 0
      vertex -54.4659 49.7371 -22.2
      vertex -54.4659 49.7371 0
    endloop
  endfacet
  facet normal -0.40648 -0.91366 0
    outer loop
      vertex -52.5343 -52.3958 -22.2
      vertex -52.3111 -52.4951 0
      vertex -52.5343 -52.3958 0
    endloop
  endfacet
  facet normal -0.40648 -0.91366 -0
    outer loop
      vertex -52.3111 -52.4951 0
      vertex -52.5343 -52.3958 -22.2
      vertex -52.3111 -52.4951 -22.2
    endloop
  endfacet
  facet normal -0.469504 -0.88293 0
    outer loop
      vertex -52.75 -52.2811 -22.2
      vertex -52.5343 -52.3958 0
      vertex -52.75 -52.2811 0
    endloop
  endfacet
  facet normal -0.469504 -0.88293 -0
    outer loop
      vertex -52.5343 -52.3958 0
      vertex -52.75 -52.2811 -22.2
      vertex -52.5343 -52.3958 -22.2
    endloop
  endfacet
  facet normal 0.970287 -0.241958 0
    outer loop
      vertex 54.3644 -50.2147 0
      vertex 54.4235 -49.9777 -22.2
      vertex 54.4235 -49.9777 0
    endloop
  endfacet
  facet normal 0.970287 -0.241958 0
    outer loop
      vertex 54.4235 -49.9777 -22.2
      vertex 54.3644 -50.2147 0
      vertex 54.3644 -50.2147 -22.2
    endloop
  endfacet
  facet normal -0.970287 -0.241958 0
    outer loop
      vertex -54.3644 -50.2147 -22.2
      vertex -54.4235 -49.9777 0
      vertex -54.4235 -49.9777 -22.2
    endloop
  endfacet
  facet normal -0.970287 -0.241958 0
    outer loop
      vertex -54.4235 -49.9777 0
      vertex -54.3644 -50.2147 -22.2
      vertex -54.3644 -50.2147 0
    endloop
  endfacet
  facet normal -0.694719 -0.719282 0
    outer loop
      vertex -53.5177 -51.6813 -22.2
      vertex -53.342 -51.851 0
      vertex -53.5177 -51.6813 0
    endloop
  endfacet
  facet normal -0.694719 -0.719282 -0
    outer loop
      vertex -53.342 -51.851 0
      vertex -53.5177 -51.6813 -22.2
      vertex -53.342 -51.851 -22.2
    endloop
  endfacet
  facet normal -0.788161 -0.615469 0
    outer loop
      vertex -53.6812 -51.4998 -22.2
      vertex -53.8316 -51.3072 0
      vertex -53.8316 -51.3072 -22.2
    endloop
  endfacet
  facet normal -0.788161 -0.615469 0
    outer loop
      vertex -53.8316 -51.3072 0
      vertex -53.6812 -51.4998 -22.2
      vertex -53.6812 -51.4998 0
    endloop
  endfacet
  facet normal 0.207991 -0.978131 0
    outer loop
      vertex 51.6078 -52.6968 -22.2
      vertex 51.8467 -52.646 0
      vertex 51.6078 -52.6968 0
    endloop
  endfacet
  facet normal 0.207991 -0.978131 0
    outer loop
      vertex 51.8467 -52.646 0
      vertex 51.6078 -52.6968 -22.2
      vertex 51.8467 -52.646 -22.2
    endloop
  endfacet
  facet normal -0.342269 0.939602 0
    outer loop
      vertex -52.0816 52.5787 -22.2
      vertex -52.3111 52.4951 0
      vertex -52.0816 52.5787 0
    endloop
  endfacet
  facet normal -0.342269 0.939602 0
    outer loop
      vertex -52.3111 52.4951 0
      vertex -52.0816 52.5787 -22.2
      vertex -52.3111 52.4951 -22.2
    endloop
  endfacet
  facet normal 0.40648 -0.91366 0
    outer loop
      vertex 52.3111 -52.4951 -22.2
      vertex 52.5343 -52.3958 0
      vertex 52.3111 -52.4951 0
    endloop
  endfacet
  facet normal 0.40648 -0.91366 0
    outer loop
      vertex 52.5343 -52.3958 0
      vertex 52.3111 -52.4951 -22.2
      vertex 52.5343 -52.3958 -22.2
    endloop
  endfacet
  facet normal -0.642597 -0.766205 0
    outer loop
      vertex -53.342 -51.851 -22.2
      vertex -53.1548 -52.008 0
      vertex -53.342 -51.851 0
    endloop
  endfacet
  facet normal -0.642597 -0.766205 -0
    outer loop
      vertex -53.1548 -52.008 0
      vertex -53.342 -51.851 -22.2
      vertex -53.1548 -52.008 -22.2
    endloop
  endfacet
  facet normal 0.139129 -0.990274 0
    outer loop
      vertex 51.3658 -52.7308 -22.2
      vertex 51.6078 -52.6968 0
      vertex 51.3658 -52.7308 0
    endloop
  endfacet
  facet normal 0.139129 -0.990274 0
    outer loop
      vertex 51.6078 -52.6968 0
      vertex 51.3658 -52.7308 -22.2
      vertex 51.6078 -52.6968 -22.2
    endloop
  endfacet
  facet normal -0.829015 -0.559227 0
    outer loop
      vertex -53.8316 -51.3072 -22.2
      vertex -53.9682 -51.1047 0
      vertex -53.9682 -51.1047 -22.2
    endloop
  endfacet
  facet normal -0.829015 -0.559227 0
    outer loop
      vertex -53.9682 -51.1047 0
      vertex -53.8316 -51.3072 -22.2
      vertex -53.8316 -51.3072 0
    endloop
  endfacet
  facet normal 0.58788 0.808948 -0
    outer loop
      vertex 53.1548 52.008 -22.2
      vertex 52.9572 52.1516 0
      vertex 53.1548 52.008 0
    endloop
  endfacet
  facet normal 0.58788 0.808948 0
    outer loop
      vertex 52.9572 52.1516 0
      vertex 53.1548 52.008 -22.2
      vertex 52.9572 52.1516 -22.2
    endloop
  endfacet
  facet normal -0.999394 0.0348007 0
    outer loop
      vertex -54.5 49.25 -22.2
      vertex -54.4915 49.4941 0
      vertex -54.4915 49.4941 -22.2
    endloop
  endfacet
  facet normal -0.999394 0.0348007 0
    outer loop
      vertex -54.4915 49.4941 0
      vertex -54.5 49.25 -22.2
      vertex -54.5 49.25 0
    endloop
  endfacet
  facet normal -0.742989 -0.669304 0
    outer loop
      vertex -53.5177 -51.6813 -22.2
      vertex -53.6812 -51.4998 0
      vertex -53.6812 -51.4998 -22.2
    endloop
  endfacet
  facet normal -0.742989 -0.669304 0
    outer loop
      vertex -53.6812 -51.4998 0
      vertex -53.5177 -51.6813 -22.2
      vertex -53.5177 -51.6813 0
    endloop
  endfacet
  facet normal -0.58788 0.808948 0
    outer loop
      vertex -52.9572 52.1516 -22.2
      vertex -53.1548 52.008 0
      vertex -52.9572 52.1516 0
    endloop
  endfacet
  facet normal -0.58788 0.808948 0
    outer loop
      vertex -53.1548 52.008 0
      vertex -52.9572 52.1516 -22.2
      vertex -53.1548 52.008 -22.2
    endloop
  endfacet
  facet normal -0.994496 0.10477 0
    outer loop
      vertex -54.4915 49.4941 -22.2
      vertex -54.4659 49.7371 0
      vertex -54.4659 49.7371 -22.2
    endloop
  endfacet
  facet normal -0.994496 0.10477 0
    outer loop
      vertex -54.4659 49.7371 0
      vertex -54.4915 49.4941 -22.2
      vertex -54.4915 49.4941 0
    endloop
  endfacet
  facet normal 0.0699961 -0.997547 0
    outer loop
      vertex 51.1221 -52.7479 -22.2
      vertex 51.3658 -52.7308 0
      vertex 51.1221 -52.7479 0
    endloop
  endfacet
  facet normal 0.0699961 -0.997547 0
    outer loop
      vertex 51.3658 -52.7308 0
      vertex 51.1221 -52.7479 -22.2
      vertex 51.3658 -52.7308 -22.2
    endloop
  endfacet
  facet normal 0.20767 0.978199 -0
    outer loop
      vertex -51.1736 -50.2348 -1.2
      vertex -51.2419 -50.2203 -1.15
      vertex -51.1736 -50.2348 -1.15
    endloop
  endfacet
  facet normal 0.20767 0.978199 0
    outer loop
      vertex -51.2419 -50.2203 -1.15
      vertex -51.1736 -50.2348 -1.2
      vertex -51.2419 -50.2203 -1.2
    endloop
  endfacet
  facet normal -0.984595 0.174848 0
    outer loop
      vertex 51.9781 -49.4579 -1.2
      vertex 51.9903 -49.3892 -1.15
      vertex 51.9903 -49.3892 -1.2
    endloop
  endfacet
  facet normal -0.984595 0.174848 0
    outer loop
      vertex 51.9903 -49.3892 -1.15
      vertex 51.9781 -49.4579 -1.2
      vertex 51.9781 -49.4579 -1.15
    endloop
  endfacet
  facet normal 0.694082 -0.719895 0
    outer loop
      vertex -51.7193 49.9447 -1.2
      vertex -51.6691 49.9931 -1.15
      vertex -51.7193 49.9447 -1.15
    endloop
  endfacet
  facet normal 0.694082 -0.719895 0
    outer loop
      vertex -51.6691 49.9931 -1.15
      vertex -51.7193 49.9447 -1.2
      vertex -51.6691 49.9931 -1.2
    endloop
  endfacet
  facet normal -0.469993 -0.88267 0
    outer loop
      vertex 51.4384 50.1488 -1.2
      vertex 51.5 50.116 -1.15
      vertex 51.4384 50.1488 -1.15
    endloop
  endfacet
  facet normal -0.469993 -0.88267 -0
    outer loop
      vertex 51.5 50.116 -1.15
      vertex 51.4384 50.1488 -1.2
      vertex 51.5 50.116 -1.2
    endloop
  endfacet
  facet normal -0.58732 -0.809355 0
    outer loop
      vertex 51.5592 50.079 -1.2
      vertex 51.6157 50.038 -1.15
      vertex 51.5592 50.079 -1.15
    endloop
  endfacet
  facet normal -0.58732 -0.809355 -0
    outer loop
      vertex 51.6157 50.038 -1.15
      vertex 51.5592 50.079 -1.2
      vertex 51.6157 50.038 -1.2
    endloop
  endfacet
  facet normal 0.95095 0.309345 0
    outer loop
      vertex -51.9397 -49.592 -1.15
      vertex -51.9613 -49.5256 -1.2
      vertex -51.9613 -49.5256 -1.15
    endloop
  endfacet
  facet normal 0.95095 0.309345 0
    outer loop
      vertex -51.9613 -49.5256 -1.2
      vertex -51.9397 -49.592 -1.15
      vertex -51.9397 -49.592 -1.2
    endloop
  endfacet
  facet normal -0.643562 -0.765394 0
    outer loop
      vertex 51.6157 50.038 -1.2
      vertex 51.6691 49.9931 -1.15
      vertex 51.6157 50.038 -1.15
    endloop
  endfacet
  facet normal -0.643562 -0.765394 -0
    outer loop
      vertex 51.6691 49.9931 -1.15
      vertex 51.6157 50.038 -1.2
      vertex 51.6691 49.9931 -1.2
    endloop
  endfacet
  facet normal 1 0 0
    outer loop
      vertex -52 -12.75 -1.15
      vertex -52 -48.129 -1.2
      vertex -52 -12.75 -6.7
    endloop
  endfacet
  facet normal 1 -0 0
    outer loop
      vertex -52 -49.25 -1.15
      vertex -52 -48.129 -1.2
      vertex -52 -12.75 -1.15
    endloop
  endfacet
  facet normal 1 0 0
    outer loop
      vertex -52 -48.129 -1.2
      vertex -52 -49.25 -1.15
      vertex -52 -49.25 -1.2
    endloop
  endfacet
  facet normal 1 0 0
    outer loop
      vertex -52 15.25 -1.15
      vertex -52 -1.75 -1.15
      vertex -52 15.25 -1.2
    endloop
  endfacet
  facet normal 1 0 0
    outer loop
      vertex -52 49.25 -1.15
      vertex -52 48.129 -1.2
      vertex -52 49.25 -1.2
    endloop
  endfacet
  facet normal 1 -0 0
    outer loop
      vertex -52 38.75 -1.15
      vertex -52 48.129 -1.2
      vertex -52 49.25 -1.15
    endloop
  endfacet
  facet normal 1 0 0
    outer loop
      vertex -52 38.75 -1.2
      vertex -52 48.129 -1.2
      vertex -52 38.75 -1.15
    endloop
  endfacet
  facet normal 1 0 0
    outer loop
      vertex -52 48.129 -1.2
      vertex -52 38.75 -1.2
      vertex -52 48.129 -19.15
    endloop
  endfacet
  facet normal 1 -0 0
    outer loop
      vertex -52 15.25 -1.2
      vertex -52 48.129 -19.15
      vertex -52 38.75 -1.2
    endloop
  endfacet
  facet normal 1 0 0
    outer loop
      vertex -52 -1.75 -6.7
      vertex -52 15.25 -1.2
      vertex -52 -1.75 -1.15
    endloop
  endfacet
  facet normal 1 0 0
    outer loop
      vertex -52 15.25 -1.2
      vertex -52 -1.75 -6.7
      vertex -52 48.129 -19.15
    endloop
  endfacet
  facet normal 1 0 0
    outer loop
      vertex -52 -48.129 -19.15
      vertex -52 -1.75 -6.7
      vertex -52 -12.75 -6.7
    endloop
  endfacet
  facet normal 1 0 0
    outer loop
      vertex -52 -48.129 -19.15
      vertex -52 -12.75 -6.7
      vertex -52 -48.129 -1.2
    endloop
  endfacet
  facet normal 1 0 0
    outer loop
      vertex -52 -1.75 -6.7
      vertex -52 -48.129 -19.15
      vertex -52 48.129 -19.15
    endloop
  endfacet
  facet normal 0.898961 0.438029 0
    outer loop
      vertex -51.8829 -49.7195 -1.15
      vertex -51.9135 -49.6567 -1.2
      vertex -51.9135 -49.6567 -1.15
    endloop
  endfacet
  facet normal 0.898961 0.438029 0
    outer loop
      vertex -51.9135 -49.6567 -1.2
      vertex -51.8829 -49.7195 -1.15
      vertex -51.8829 -49.7195 -1.2
    endloop
  endfacet
  facet normal 0.984595 0.174848 0
    outer loop
      vertex -51.9781 -49.4579 -1.15
      vertex -51.9903 -49.3892 -1.2
      vertex -51.9903 -49.3892 -1.15
    endloop
  endfacet
  facet normal 0.984595 0.174848 0
    outer loop
      vertex -51.9903 -49.3892 -1.2
      vertex -51.9781 -49.4579 -1.15
      vertex -51.9781 -49.4579 -1.2
    endloop
  endfacet
  facet normal -0.984595 -0.174848 0
    outer loop
      vertex 51.9903 49.3892 -1.2
      vertex 51.9781 49.4579 -1.15
      vertex 51.9781 49.4579 -1.2
    endloop
  endfacet
  facet normal -0.984595 -0.174848 0
    outer loop
      vertex 51.9781 49.4579 -1.15
      vertex 51.9903 49.3892 -1.2
      vertex 51.9903 49.3892 -1.15
    endloop
  endfacet
  facet normal 0 1 -0
    outer loop
      vertex 49.8784 -50.2494 -19.15
      vertex -49.8784 -50.2494 -1.2
      vertex 49.8784 -50.2494 -1.2
    endloop
  endfacet
  facet normal 0 1 0
    outer loop
      vertex -49.8784 -50.2494 -1.2
      vertex 49.8784 -50.2494 -19.15
      vertex -49.8784 -50.2494 -19.15
    endloop
  endfacet
  facet normal 0 1 0
    outer loop
      vertex 49.8784 -50.2494 -1.2
      vertex 51.0349 -50.2494 -1.15
      vertex 51.0349 -50.2494 -1.2
    endloop
  endfacet
  facet normal 0 1 0
    outer loop
      vertex 51.0349 -50.2494 -1.15
      vertex 49.8784 -50.2494 -1.2
      vertex -51.0349 -50.2494 -1.15
    endloop
  endfacet
  facet normal 0 1 -0
    outer loop
      vertex -49.8784 -50.2494 -1.2
      vertex -51.0349 -50.2494 -1.15
      vertex 49.8784 -50.2494 -1.2
    endloop
  endfacet
  facet normal 0 1 0
    outer loop
      vertex -51.0349 -50.2494 -1.15
      vertex -49.8784 -50.2494 -1.2
      vertex -51.0349 -50.2494 -1.2
    endloop
  endfacet
  facet normal 0.787807 -0.615922 0
    outer loop
      vertex -51.809 49.8378 -1.15
      vertex -51.766 49.8928 -1.2
      vertex -51.766 49.8928 -1.15
    endloop
  endfacet
  facet normal 0.787807 -0.615922 0
    outer loop
      vertex -51.766 49.8928 -1.2
      vertex -51.809 49.8378 -1.15
      vertex -51.809 49.8378 -1.2
    endloop
  endfacet
  facet normal 0.898961 -0.438029 0
    outer loop
      vertex -51.9135 49.6567 -1.15
      vertex -51.8829 49.7195 -1.2
      vertex -51.8829 49.7195 -1.15
    endloop
  endfacet
  facet normal 0.898961 -0.438029 0
    outer loop
      vertex -51.8829 49.7195 -1.2
      vertex -51.9135 49.6567 -1.15
      vertex -51.9135 49.6567 -1.2
    endloop
  endfacet
  facet normal -0.970563 -0.240849 0
    outer loop
      vertex 51.9781 49.4579 -1.2
      vertex 51.9613 49.5256 -1.15
      vertex 51.9613 49.5256 -1.2
    endloop
  endfacet
  facet normal -0.970563 -0.240849 0
    outer loop
      vertex 51.9613 49.5256 -1.15
      vertex 51.9781 49.4579 -1.2
      vertex 51.9781 49.4579 -1.15
    endloop
  endfacet
  facet normal 0.970563 0.240849 0
    outer loop
      vertex -51.9613 -49.5256 -1.15
      vertex -51.9781 -49.4579 -1.2
      vertex -51.9781 -49.4579 -1.15
    endloop
  endfacet
  facet normal 0.970563 0.240849 0
    outer loop
      vertex -51.9781 -49.4579 -1.2
      vertex -51.9613 -49.5256 -1.15
      vertex -51.9613 -49.5256 -1.2
    endloop
  endfacet
  facet normal 0.694082 0.719895 -0
    outer loop
      vertex -51.6691 -49.9931 -1.2
      vertex -51.7193 -49.9447 -1.15
      vertex -51.6691 -49.9931 -1.15
    endloop
  endfacet
  facet normal 0.694082 0.719895 0
    outer loop
      vertex -51.7193 -49.9447 -1.15
      vertex -51.6691 -49.9931 -1.2
      vertex -51.7193 -49.9447 -1.2
    endloop
  endfacet
  facet normal -1 0 0
    outer loop
      vertex 52 48.129 -19.15
      vertex 52 -6.25 -19.15
      vertex 52 48.129 -1.2
    endloop
  endfacet
  facet normal -1 0 0
    outer loop
      vertex 52 48.129 -1.2
      vertex 52 49.25 -1.15
      vertex 52 49.25 -1.2
    endloop
  endfacet
  facet normal -1 0 0
    outer loop
      vertex 52 48.129 -1.2
      vertex 52 -6.25 -1.15
      vertex 52 49.25 -1.15
    endloop
  endfacet
  facet normal -1 0 0
    outer loop
      vertex 52 -6.25 -1.15
      vertex 52 48.129 -1.2
      vertex 52 -6.25 -19.15
    endloop
  endfacet
  facet normal -1 0 0
    outer loop
      vertex 52 -48.129 -19.15
      vertex 52 -32.75 -1.15
      vertex 52 -32.75 -19.15
    endloop
  endfacet
  facet normal -1 0 0
    outer loop
      vertex 52 -48.129 -1.2
      vertex 52 -32.75 -1.15
      vertex 52 -48.129 -19.15
    endloop
  endfacet
  facet normal -1 0 0
    outer loop
      vertex 52 -49.25 -1.15
      vertex 52 -48.129 -1.2
      vertex 52 -49.25 -1.2
    endloop
  endfacet
  facet normal -1 0 0
    outer loop
      vertex 52 -48.129 -1.2
      vertex 52 -49.25 -1.15
      vertex 52 -32.75 -1.15
    endloop
  endfacet
  facet normal -0.20767 -0.978199 0
    outer loop
      vertex 51.1736 50.2348 -1.2
      vertex 51.2419 50.2203 -1.15
      vertex 51.1736 50.2348 -1.15
    endloop
  endfacet
  facet normal -0.20767 -0.978199 -0
    outer loop
      vertex 51.2419 50.2203 -1.15
      vertex 51.1736 50.2348 -1.2
      vertex 51.2419 50.2203 -1.2
    endloop
  endfacet
  facet normal 0.469993 -0.88267 0
    outer loop
      vertex -51.5 50.116 -1.2
      vertex -51.4384 50.1488 -1.15
      vertex -51.5 50.116 -1.15
    endloop
  endfacet
  facet normal 0.469993 -0.88267 0
    outer loop
      vertex -51.4384 50.1488 -1.15
      vertex -51.5 50.116 -1.2
      vertex -51.4384 50.1488 -1.2
    endloop
  endfacet
  facet normal 0.342318 0.939584 -0
    outer loop
      vertex -51.309 -50.2011 -1.2
      vertex -51.3746 -50.1772 -1.15
      vertex -51.309 -50.2011 -1.15
    endloop
  endfacet
  facet normal 0.342318 0.939584 0
    outer loop
      vertex -51.3746 -50.1772 -1.15
      vertex -51.309 -50.2011 -1.2
      vertex -51.3746 -50.1772 -1.2
    endloop
  endfacet
  facet normal -0.529999 -0.847998 0
    outer loop
      vertex 51.5 50.116 -1.2
      vertex 51.5592 50.079 -1.15
      vertex 51.5 50.116 -1.15
    endloop
  endfacet
  facet normal -0.529999 -0.847998 -0
    outer loop
      vertex 51.5592 50.079 -1.15
      vertex 51.5 50.116 -1.2
      vertex 51.5592 50.079 -1.2
    endloop
  endfacet
  facet normal 0.58732 -0.809355 0
    outer loop
      vertex -51.6157 50.038 -1.2
      vertex -51.5592 50.079 -1.15
      vertex -51.6157 50.038 -1.15
    endloop
  endfacet
  facet normal 0.58732 -0.809355 0
    outer loop
      vertex -51.5592 50.079 -1.15
      vertex -51.6157 50.038 -1.2
      vertex -51.5592 50.079 -1.2
    endloop
  endfacet
  facet normal -0.2751 -0.961416 0
    outer loop
      vertex 51.2419 50.2203 -1.2
      vertex 51.309 50.2011 -1.15
      vertex 51.2419 50.2203 -1.15
    endloop
  endfacet
  facet normal -0.2751 -0.961416 -0
    outer loop
      vertex 51.309 50.2011 -1.15
      vertex 51.2419 50.2203 -1.2
      vertex 51.309 50.2011 -1.2
    endloop
  endfacet
  facet normal -0.643562 0.765394 0
    outer loop
      vertex 51.6691 -49.9931 -1.2
      vertex 51.6157 -50.038 -1.15
      vertex 51.6691 -49.9931 -1.15
    endloop
  endfacet
  facet normal -0.643562 0.765394 0
    outer loop
      vertex 51.6157 -50.038 -1.15
      vertex 51.6691 -49.9931 -1.2
      vertex 51.6157 -50.038 -1.2
    endloop
  endfacet
  facet normal 0 -1 0
    outer loop
      vertex -49.8784 50.2494 -19.15
      vertex 49.8784 50.2494 -1.2
      vertex -49.8784 50.2494 -1.2
    endloop
  endfacet
  facet normal 0 -1 -0
    outer loop
      vertex 49.8784 50.2494 -1.2
      vertex -49.8784 50.2494 -19.15
      vertex 49.8784 50.2494 -19.15
    endloop
  endfacet
  facet normal 0 -1 0
    outer loop
      vertex -49.8784 50.2494 -1.2
      vertex -51.0349 50.2494 -1.15
      vertex -51.0349 50.2494 -1.2
    endloop
  endfacet
  facet normal 0 -1 0
    outer loop
      vertex -51.0349 50.2494 -1.15
      vertex -49.8784 50.2494 -1.2
      vertex 51.0349 50.2494 -1.15
    endloop
  endfacet
  facet normal 0 -1 0
    outer loop
      vertex 49.8784 50.2494 -1.2
      vertex 51.0349 50.2494 -1.15
      vertex -49.8784 50.2494 -1.2
    endloop
  endfacet
  facet normal 0 -1 -0
    outer loop
      vertex 51.0349 50.2494 -1.15
      vertex 49.8784 50.2494 -1.2
      vertex 51.0349 50.2494 -1.2
    endloop
  endfacet
  facet normal 0.865851 -0.500301 0
    outer loop
      vertex -51.8829 49.7195 -1.15
      vertex -51.848 49.7799 -1.2
      vertex -51.848 49.7799 -1.15
    endloop
  endfacet
  facet normal 0.865851 -0.500301 0
    outer loop
      vertex -51.848 49.7799 -1.2
      vertex -51.8829 49.7195 -1.15
      vertex -51.8829 49.7195 -1.2
    endloop
  endfacet
  facet normal 0.829396 -0.558661 0
    outer loop
      vertex -51.848 49.7799 -1.15
      vertex -51.809 49.8378 -1.2
      vertex -51.809 49.8378 -1.15
    endloop
  endfacet
  facet normal 0.829396 -0.558661 0
    outer loop
      vertex -51.809 49.8378 -1.2
      vertex -51.848 49.7799 -1.15
      vertex -51.848 49.7799 -1.2
    endloop
  endfacet
  facet normal -0.970563 0.240849 0
    outer loop
      vertex 51.9613 -49.5256 -1.2
      vertex 51.9781 -49.4579 -1.15
      vertex 51.9781 -49.4579 -1.2
    endloop
  endfacet
  facet normal -0.970563 0.240849 0
    outer loop
      vertex 51.9781 -49.4579 -1.15
      vertex 51.9613 -49.5256 -1.2
      vertex 51.9613 -49.5256 -1.15
    endloop
  endfacet
  facet normal 0.994513 0.10461 0
    outer loop
      vertex -51.9903 -49.3892 -1.15
      vertex -51.9976 -49.3198 -1.2
      vertex -51.9976 -49.3198 -1.15
    endloop
  endfacet
  facet normal 0.994513 0.10461 0
    outer loop
      vertex -51.9976 -49.3198 -1.2
      vertex -51.9903 -49.3892 -1.15
      vertex -51.9903 -49.3892 -1.2
    endloop
  endfacet
  facet normal 0.20767 -0.978199 0
    outer loop
      vertex -51.2419 50.2203 -1.2
      vertex -51.1736 50.2348 -1.15
      vertex -51.2419 50.2203 -1.15
    endloop
  endfacet
  facet normal 0.20767 -0.978199 0
    outer loop
      vertex -51.1736 50.2348 -1.15
      vertex -51.2419 50.2203 -1.2
      vertex -51.1736 50.2348 -1.2
    endloop
  endfacet
  facet normal -0.0702285 -0.997531 0
    outer loop
      vertex 51.0349 50.2494 -1.2
      vertex 51.1045 50.2445 -1.15
      vertex 51.0349 50.2494 -1.15
    endloop
  endfacet
  facet normal -0.0702285 -0.997531 -0
    outer loop
      vertex 51.1045 50.2445 -1.15
      vertex 51.0349 50.2494 -1.2
      vertex 51.1045 50.2445 -1.2
    endloop
  endfacet
  facet normal -0.865851 0.500301 0
    outer loop
      vertex 51.848 -49.7799 -1.2
      vertex 51.8829 -49.7195 -1.15
      vertex 51.8829 -49.7195 -1.2
    endloop
  endfacet
  facet normal -0.865851 0.500301 0
    outer loop
      vertex 51.8829 -49.7195 -1.15
      vertex 51.848 -49.7799 -1.2
      vertex 51.848 -49.7799 -1.15
    endloop
  endfacet
  facet normal -0.829396 0.558661 0
    outer loop
      vertex 51.809 -49.8378 -1.2
      vertex 51.848 -49.7799 -1.15
      vertex 51.848 -49.7799 -1.2
    endloop
  endfacet
  facet normal -0.829396 0.558661 0
    outer loop
      vertex 51.848 -49.7799 -1.15
      vertex 51.809 -49.8378 -1.2
      vertex 51.809 -49.8378 -1.15
    endloop
  endfacet
  facet normal -0.994513 0.10461 0
    outer loop
      vertex 51.9903 -49.3892 -1.2
      vertex 51.9976 -49.3198 -1.15
      vertex 51.9976 -49.3198 -1.2
    endloop
  endfacet
  facet normal -0.994513 0.10461 0
    outer loop
      vertex 51.9976 -49.3198 -1.15
      vertex 51.9903 -49.3892 -1.2
      vertex 51.9903 -49.3892 -1.15
    endloop
  endfacet
  facet normal 0.787807 0.615922 0
    outer loop
      vertex -51.766 -49.8928 -1.15
      vertex -51.809 -49.8378 -1.2
      vertex -51.809 -49.8378 -1.15
    endloop
  endfacet
  facet normal 0.787807 0.615922 0
    outer loop
      vertex -51.809 -49.8378 -1.2
      vertex -51.766 -49.8928 -1.15
      vertex -51.766 -49.8928 -1.2
    endloop
  endfacet
  facet normal -0.342318 0.939584 0
    outer loop
      vertex 51.3746 -50.1772 -1.2
      vertex 51.309 -50.2011 -1.15
      vertex 51.3746 -50.1772 -1.15
    endloop
  endfacet
  facet normal -0.342318 0.939584 0
    outer loop
      vertex 51.309 -50.2011 -1.15
      vertex 51.3746 -50.1772 -1.2
      vertex 51.309 -50.2011 -1.2
    endloop
  endfacet
  facet normal -0.139013 0.990291 0
    outer loop
      vertex 51.1736 -50.2348 -1.2
      vertex 51.1045 -50.2445 -1.15
      vertex 51.1736 -50.2348 -1.15
    endloop
  endfacet
  facet normal -0.139013 0.990291 0
    outer loop
      vertex 51.1045 -50.2445 -1.15
      vertex 51.1736 -50.2348 -1.2
      vertex 51.1045 -50.2445 -1.2
    endloop
  endfacet
  facet normal 0.2751 -0.961416 0
    outer loop
      vertex -51.309 50.2011 -1.2
      vertex -51.2419 50.2203 -1.15
      vertex -51.309 50.2011 -1.15
    endloop
  endfacet
  facet normal 0.2751 -0.961416 0
    outer loop
      vertex -51.2419 50.2203 -1.15
      vertex -51.309 50.2011 -1.2
      vertex -51.2419 50.2203 -1.2
    endloop
  endfacet
  facet normal -0.926887 -0.375339 0
    outer loop
      vertex 51.9397 49.592 -1.2
      vertex 51.9135 49.6567 -1.15
      vertex 51.9135 49.6567 -1.2
    endloop
  endfacet
  facet normal -0.926887 -0.375339 0
    outer loop
      vertex 51.9135 49.6567 -1.15
      vertex 51.9397 49.592 -1.2
      vertex 51.9397 49.592 -1.15
    endloop
  endfacet
  facet normal 0.40667 -0.913575 0
    outer loop
      vertex -51.4384 50.1488 -1.2
      vertex -51.3746 50.1772 -1.15
      vertex -51.4384 50.1488 -1.15
    endloop
  endfacet
  facet normal 0.40667 -0.913575 0
    outer loop
      vertex -51.3746 50.1772 -1.15
      vertex -51.4384 50.1488 -1.2
      vertex -51.3746 50.1772 -1.2
    endloop
  endfacet
  facet normal -0.2751 0.961416 0
    outer loop
      vertex 51.309 -50.2011 -1.2
      vertex 51.2419 -50.2203 -1.15
      vertex 51.309 -50.2011 -1.15
    endloop
  endfacet
  facet normal -0.2751 0.961416 0
    outer loop
      vertex 51.2419 -50.2203 -1.15
      vertex 51.309 -50.2011 -1.2
      vertex 51.2419 -50.2203 -1.2
    endloop
  endfacet
  facet normal -0.342318 -0.939584 0
    outer loop
      vertex 51.309 50.2011 -1.2
      vertex 51.3746 50.1772 -1.15
      vertex 51.309 50.2011 -1.15
    endloop
  endfacet
  facet normal -0.342318 -0.939584 -0
    outer loop
      vertex 51.3746 50.1772 -1.15
      vertex 51.309 50.2011 -1.2
      vertex 51.3746 50.1772 -1.2
    endloop
  endfacet
  facet normal -0.139013 -0.990291 0
    outer loop
      vertex 51.1045 50.2445 -1.2
      vertex 51.1736 50.2348 -1.15
      vertex 51.1045 50.2445 -1.15
    endloop
  endfacet
  facet normal -0.139013 -0.990291 -0
    outer loop
      vertex 51.1736 50.2348 -1.15
      vertex 51.1045 50.2445 -1.2
      vertex 51.1736 50.2348 -1.2
    endloop
  endfacet
  facet normal -0.926887 0.375339 0
    outer loop
      vertex 51.9135 -49.6567 -1.2
      vertex 51.9397 -49.592 -1.15
      vertex 51.9397 -49.592 -1.2
    endloop
  endfacet
  facet normal -0.926887 0.375339 0
    outer loop
      vertex 51.9397 -49.592 -1.15
      vertex 51.9135 -49.6567 -1.2
      vertex 51.9135 -49.6567 -1.15
    endloop
  endfacet
  facet normal -0.994513 -0.10461 0
    outer loop
      vertex 51.9976 49.3198 -1.2
      vertex 51.9903 49.3892 -1.15
      vertex 51.9903 49.3892 -1.2
    endloop
  endfacet
  facet normal -0.994513 -0.10461 0
    outer loop
      vertex 51.9903 49.3892 -1.15
      vertex 51.9976 49.3198 -1.2
      vertex 51.9976 49.3198 -1.15
    endloop
  endfacet
  facet normal 0.40667 0.913575 -0
    outer loop
      vertex -51.3746 -50.1772 -1.2
      vertex -51.4384 -50.1488 -1.15
      vertex -51.3746 -50.1772 -1.15
    endloop
  endfacet
  facet normal 0.40667 0.913575 0
    outer loop
      vertex -51.4384 -50.1488 -1.15
      vertex -51.3746 -50.1772 -1.2
      vertex -51.4384 -50.1488 -1.2
    endloop
  endfacet
  facet normal 0.0702285 -0.997531 0
    outer loop
      vertex -51.1045 50.2445 -1.2
      vertex -51.0349 50.2494 -1.15
      vertex -51.1045 50.2445 -1.15
    endloop
  endfacet
  facet normal 0.0702285 -0.997531 0
    outer loop
      vertex -51.0349 50.2494 -1.15
      vertex -51.1045 50.2445 -1.2
      vertex -51.0349 50.2494 -1.2
    endloop
  endfacet
  facet normal 0.829396 0.558661 0
    outer loop
      vertex -51.809 -49.8378 -1.15
      vertex -51.848 -49.7799 -1.2
      vertex -51.848 -49.7799 -1.15
    endloop
  endfacet
  facet normal 0.829396 0.558661 0
    outer loop
      vertex -51.848 -49.7799 -1.2
      vertex -51.809 -49.8378 -1.15
      vertex -51.809 -49.8378 -1.2
    endloop
  endfacet
  facet normal -0.40667 -0.913575 0
    outer loop
      vertex 51.3746 50.1772 -1.2
      vertex 51.4384 50.1488 -1.15
      vertex 51.3746 50.1772 -1.15
    endloop
  endfacet
  facet normal -0.40667 -0.913575 -0
    outer loop
      vertex 51.4384 50.1488 -1.15
      vertex 51.3746 50.1772 -1.2
      vertex 51.4384 50.1488 -1.2
    endloop
  endfacet
  facet normal 0.342318 -0.939584 0
    outer loop
      vertex -51.3746 50.1772 -1.2
      vertex -51.309 50.2011 -1.15
      vertex -51.3746 50.1772 -1.15
    endloop
  endfacet
  facet normal 0.342318 -0.939584 0
    outer loop
      vertex -51.309 50.2011 -1.15
      vertex -51.3746 50.1772 -1.2
      vertex -51.309 50.2011 -1.2
    endloop
  endfacet
  facet normal 0.95095 -0.309345 0
    outer loop
      vertex -51.9613 49.5256 -1.15
      vertex -51.9397 49.592 -1.2
      vertex -51.9397 49.592 -1.15
    endloop
  endfacet
  facet normal 0.95095 -0.309345 0
    outer loop
      vertex -51.9397 49.592 -1.2
      vertex -51.9613 49.5256 -1.15
      vertex -51.9613 49.5256 -1.2
    endloop
  endfacet
  facet normal 0.643562 0.765394 -0
    outer loop
      vertex -51.6157 -50.038 -1.2
      vertex -51.6691 -49.9931 -1.15
      vertex -51.6157 -50.038 -1.15
    endloop
  endfacet
  facet normal 0.643562 0.765394 0
    outer loop
      vertex -51.6691 -49.9931 -1.15
      vertex -51.6157 -50.038 -1.2
      vertex -51.6691 -49.9931 -1.2
    endloop
  endfacet
  facet normal 0.643562 -0.765394 0
    outer loop
      vertex -51.6691 49.9931 -1.2
      vertex -51.6157 50.038 -1.15
      vertex -51.6691 49.9931 -1.15
    endloop
  endfacet
  facet normal 0.643562 -0.765394 0
    outer loop
      vertex -51.6157 50.038 -1.15
      vertex -51.6691 49.9931 -1.2
      vertex -51.6157 50.038 -1.2
    endloop
  endfacet
  facet normal 0.743365 -0.668886 0
    outer loop
      vertex -51.766 49.8928 -1.15
      vertex -51.7193 49.9447 -1.2
      vertex -51.7193 49.9447 -1.15
    endloop
  endfacet
  facet normal 0.743365 -0.668886 0
    outer loop
      vertex -51.7193 49.9447 -1.2
      vertex -51.766 49.8928 -1.15
      vertex -51.766 49.8928 -1.2
    endloop
  endfacet
  facet normal -0.95095 0.309345 0
    outer loop
      vertex 51.9397 -49.592 -1.2
      vertex 51.9613 -49.5256 -1.15
      vertex 51.9613 -49.5256 -1.2
    endloop
  endfacet
  facet normal -0.95095 0.309345 0
    outer loop
      vertex 51.9613 -49.5256 -1.15
      vertex 51.9397 -49.592 -1.2
      vertex 51.9397 -49.592 -1.15
    endloop
  endfacet
  facet normal 0.139013 0.990291 -0
    outer loop
      vertex -51.1045 -50.2445 -1.2
      vertex -51.1736 -50.2348 -1.15
      vertex -51.1045 -50.2445 -1.15
    endloop
  endfacet
  facet normal 0.139013 0.990291 0
    outer loop
      vertex -51.1736 -50.2348 -1.15
      vertex -51.1045 -50.2445 -1.2
      vertex -51.1736 -50.2348 -1.2
    endloop
  endfacet
  facet normal 0.999409 0.0343636 0
    outer loop
      vertex -51.9976 -49.3198 -1.15
      vertex -52 -49.25 -1.2
      vertex -52 -49.25 -1.15
    endloop
  endfacet
  facet normal 0.999409 0.0343636 0
    outer loop
      vertex -52 -49.25 -1.2
      vertex -51.9976 -49.3198 -1.15
      vertex -51.9976 -49.3198 -1.2
    endloop
  endfacet
  facet normal 0.2751 0.961416 -0
    outer loop
      vertex -51.2419 -50.2203 -1.2
      vertex -51.309 -50.2011 -1.15
      vertex -51.2419 -50.2203 -1.15
    endloop
  endfacet
  facet normal 0.2751 0.961416 0
    outer loop
      vertex -51.309 -50.2011 -1.15
      vertex -51.2419 -50.2203 -1.2
      vertex -51.309 -50.2011 -1.2
    endloop
  endfacet
  facet normal -0.999409 -0.0343636 0
    outer loop
      vertex 52 49.25 -1.2
      vertex 51.9976 49.3198 -1.15
      vertex 51.9976 49.3198 -1.2
    endloop
  endfacet
  facet normal -0.999409 -0.0343636 0
    outer loop
      vertex 51.9976 49.3198 -1.15
      vertex 52 49.25 -1.2
      vertex 52 49.25 -1.15
    endloop
  endfacet
  facet normal -0.694082 -0.719895 0
    outer loop
      vertex 51.6691 49.9931 -1.2
      vertex 51.7193 49.9447 -1.15
      vertex 51.6691 49.9931 -1.15
    endloop
  endfacet
  facet normal -0.694082 -0.719895 -0
    outer loop
      vertex 51.7193 49.9447 -1.15
      vertex 51.6691 49.9931 -1.2
      vertex 51.7193 49.9447 -1.2
    endloop
  endfacet
  facet normal 0.999409 -0.0343636 0
    outer loop
      vertex -52 49.25 -1.15
      vertex -51.9976 49.3198 -1.2
      vertex -51.9976 49.3198 -1.15
    endloop
  endfacet
  facet normal 0.999409 -0.0343636 0
    outer loop
      vertex -51.9976 49.3198 -1.2
      vertex -52 49.25 -1.15
      vertex -52 49.25 -1.2
    endloop
  endfacet
  facet normal -0.20767 0.978199 0
    outer loop
      vertex 51.2419 -50.2203 -1.2
      vertex 51.1736 -50.2348 -1.15
      vertex 51.2419 -50.2203 -1.15
    endloop
  endfacet
  facet normal -0.20767 0.978199 0
    outer loop
      vertex 51.1736 -50.2348 -1.15
      vertex 51.2419 -50.2203 -1.2
      vertex 51.1736 -50.2348 -1.2
    endloop
  endfacet
  facet normal 0.529999 0.847998 -0
    outer loop
      vertex -51.5 -50.116 -1.2
      vertex -51.5592 -50.079 -1.15
      vertex -51.5 -50.116 -1.15
    endloop
  endfacet
  facet normal 0.529999 0.847998 0
    outer loop
      vertex -51.5592 -50.079 -1.15
      vertex -51.5 -50.116 -1.2
      vertex -51.5592 -50.079 -1.2
    endloop
  endfacet
  facet normal -0.40667 0.913575 0
    outer loop
      vertex 51.4384 -50.1488 -1.2
      vertex 51.3746 -50.1772 -1.15
      vertex 51.4384 -50.1488 -1.15
    endloop
  endfacet
  facet normal -0.40667 0.913575 0
    outer loop
      vertex 51.3746 -50.1772 -1.15
      vertex 51.4384 -50.1488 -1.2
      vertex 51.3746 -50.1772 -1.2
    endloop
  endfacet
  facet normal 0.0702285 0.997531 -0
    outer loop
      vertex -51.0349 -50.2494 -1.2
      vertex -51.1045 -50.2445 -1.15
      vertex -51.0349 -50.2494 -1.15
    endloop
  endfacet
  facet normal 0.0702285 0.997531 0
    outer loop
      vertex -51.1045 -50.2445 -1.15
      vertex -51.0349 -50.2494 -1.2
      vertex -51.1045 -50.2445 -1.2
    endloop
  endfacet
  facet normal 0.926887 -0.375339 0
    outer loop
      vertex -51.9397 49.592 -1.15
      vertex -51.9135 49.6567 -1.2
      vertex -51.9135 49.6567 -1.15
    endloop
  endfacet
  facet normal 0.926887 -0.375339 0
    outer loop
      vertex -51.9135 49.6567 -1.2
      vertex -51.9397 49.592 -1.15
      vertex -51.9397 49.592 -1.2
    endloop
  endfacet
  facet normal 0.743365 0.668886 0
    outer loop
      vertex -51.7193 -49.9447 -1.15
      vertex -51.766 -49.8928 -1.2
      vertex -51.766 -49.8928 -1.15
    endloop
  endfacet
  facet normal 0.743365 0.668886 0
    outer loop
      vertex -51.766 -49.8928 -1.2
      vertex -51.7193 -49.9447 -1.15
      vertex -51.7193 -49.9447 -1.2
    endloop
  endfacet
  facet normal 0.984595 -0.174848 0
    outer loop
      vertex -51.9903 49.3892 -1.15
      vertex -51.9781 49.4579 -1.2
      vertex -51.9781 49.4579 -1.15
    endloop
  endfacet
  facet normal 0.984595 -0.174848 0
    outer loop
      vertex -51.9781 49.4579 -1.2
      vertex -51.9903 49.3892 -1.15
      vertex -51.9903 49.3892 -1.2
    endloop
  endfacet
  facet normal -0.898961 0.438029 0
    outer loop
      vertex 51.8829 -49.7195 -1.2
      vertex 51.9135 -49.6567 -1.15
      vertex 51.9135 -49.6567 -1.2
    endloop
  endfacet
  facet normal -0.898961 0.438029 0
    outer loop
      vertex 51.9135 -49.6567 -1.15
      vertex 51.8829 -49.7195 -1.2
      vertex 51.8829 -49.7195 -1.15
    endloop
  endfacet
  facet normal 0.926887 0.375339 0
    outer loop
      vertex -51.9135 -49.6567 -1.15
      vertex -51.9397 -49.592 -1.2
      vertex -51.9397 -49.592 -1.15
    endloop
  endfacet
  facet normal 0.926887 0.375339 0
    outer loop
      vertex -51.9397 -49.592 -1.2
      vertex -51.9135 -49.6567 -1.15
      vertex -51.9135 -49.6567 -1.2
    endloop
  endfacet
  facet normal -0.469993 0.88267 0
    outer loop
      vertex 51.5 -50.116 -1.2
      vertex 51.4384 -50.1488 -1.15
      vertex 51.5 -50.116 -1.15
    endloop
  endfacet
  facet normal -0.469993 0.88267 0
    outer loop
      vertex 51.4384 -50.1488 -1.15
      vertex 51.5 -50.116 -1.2
      vertex 51.4384 -50.1488 -1.2
    endloop
  endfacet
  facet normal -0.787807 -0.615922 0
    outer loop
      vertex 51.809 49.8378 -1.2
      vertex 51.766 49.8928 -1.15
      vertex 51.766 49.8928 -1.2
    endloop
  endfacet
  facet normal -0.787807 -0.615922 0
    outer loop
      vertex 51.766 49.8928 -1.15
      vertex 51.809 49.8378 -1.2
      vertex 51.809 49.8378 -1.15
    endloop
  endfacet
  facet normal 0.139013 -0.990291 0
    outer loop
      vertex -51.1736 50.2348 -1.2
      vertex -51.1045 50.2445 -1.15
      vertex -51.1736 50.2348 -1.15
    endloop
  endfacet
  facet normal 0.139013 -0.990291 0
    outer loop
      vertex -51.1045 50.2445 -1.15
      vertex -51.1736 50.2348 -1.2
      vertex -51.1045 50.2445 -1.2
    endloop
  endfacet
  facet normal -0.865851 -0.500301 0
    outer loop
      vertex 51.8829 49.7195 -1.2
      vertex 51.848 49.7799 -1.15
      vertex 51.848 49.7799 -1.2
    endloop
  endfacet
  facet normal -0.865851 -0.500301 0
    outer loop
      vertex 51.848 49.7799 -1.15
      vertex 51.8829 49.7195 -1.2
      vertex 51.8829 49.7195 -1.15
    endloop
  endfacet
  facet normal -0.0702285 0.997531 0
    outer loop
      vertex 51.1045 -50.2445 -1.2
      vertex 51.0349 -50.2494 -1.15
      vertex 51.1045 -50.2445 -1.15
    endloop
  endfacet
  facet normal -0.0702285 0.997531 0
    outer loop
      vertex 51.0349 -50.2494 -1.15
      vertex 51.1045 -50.2445 -1.2
      vertex 51.0349 -50.2494 -1.2
    endloop
  endfacet
  facet normal -0.829396 -0.558661 0
    outer loop
      vertex 51.848 49.7799 -1.2
      vertex 51.809 49.8378 -1.15
      vertex 51.809 49.8378 -1.2
    endloop
  endfacet
  facet normal -0.829396 -0.558661 0
    outer loop
      vertex 51.809 49.8378 -1.15
      vertex 51.848 49.7799 -1.2
      vertex 51.848 49.7799 -1.15
    endloop
  endfacet
  facet normal 0.865851 0.500301 0
    outer loop
      vertex -51.848 -49.7799 -1.15
      vertex -51.8829 -49.7195 -1.2
      vertex -51.8829 -49.7195 -1.15
    endloop
  endfacet
  facet normal 0.865851 0.500301 0
    outer loop
      vertex -51.8829 -49.7195 -1.2
      vertex -51.848 -49.7799 -1.15
      vertex -51.848 -49.7799 -1.2
    endloop
  endfacet
  facet normal -0.787807 0.615922 0
    outer loop
      vertex 51.766 -49.8928 -1.2
      vertex 51.809 -49.8378 -1.15
      vertex 51.809 -49.8378 -1.2
    endloop
  endfacet
  facet normal -0.787807 0.615922 0
    outer loop
      vertex 51.809 -49.8378 -1.15
      vertex 51.766 -49.8928 -1.2
      vertex 51.766 -49.8928 -1.15
    endloop
  endfacet
  facet normal -0.999409 0.0343636 0
    outer loop
      vertex 51.9976 -49.3198 -1.2
      vertex 52 -49.25 -1.15
      vertex 52 -49.25 -1.2
    endloop
  endfacet
  facet normal -0.999409 0.0343636 0
    outer loop
      vertex 52 -49.25 -1.15
      vertex 51.9976 -49.3198 -1.2
      vertex 51.9976 -49.3198 -1.15
    endloop
  endfacet
  facet normal -0.95095 -0.309345 0
    outer loop
      vertex 51.9613 49.5256 -1.2
      vertex 51.9397 49.592 -1.15
      vertex 51.9397 49.592 -1.2
    endloop
  endfacet
  facet normal -0.95095 -0.309345 0
    outer loop
      vertex 51.9397 49.592 -1.15
      vertex 51.9613 49.5256 -1.2
      vertex 51.9613 49.5256 -1.15
    endloop
  endfacet
  facet normal -0.898961 -0.438029 0
    outer loop
      vertex 51.9135 49.6567 -1.2
      vertex 51.8829 49.7195 -1.15
      vertex 51.8829 49.7195 -1.2
    endloop
  endfacet
  facet normal -0.898961 -0.438029 0
    outer loop
      vertex 51.8829 49.7195 -1.15
      vertex 51.9135 49.6567 -1.2
      vertex 51.9135 49.6567 -1.15
    endloop
  endfacet
  facet normal 0.970563 -0.240849 0
    outer loop
      vertex -51.9781 49.4579 -1.15
      vertex -51.9613 49.5256 -1.2
      vertex -51.9613 49.5256 -1.15
    endloop
  endfacet
  facet normal 0.970563 -0.240849 0
    outer loop
      vertex -51.9613 49.5256 -1.2
      vertex -51.9781 49.4579 -1.15
      vertex -51.9781 49.4579 -1.2
    endloop
  endfacet
  facet normal 0.469993 0.88267 -0
    outer loop
      vertex -51.4384 -50.1488 -1.2
      vertex -51.5 -50.116 -1.15
      vertex -51.4384 -50.1488 -1.15
    endloop
  endfacet
  facet normal 0.469993 0.88267 0
    outer loop
      vertex -51.5 -50.116 -1.15
      vertex -51.4384 -50.1488 -1.2
      vertex -51.5 -50.116 -1.2
    endloop
  endfacet
  facet normal 0.529999 -0.847998 0
    outer loop
      vertex -51.5592 50.079 -1.2
      vertex -51.5 50.116 -1.15
      vertex -51.5592 50.079 -1.15
    endloop
  endfacet
  facet normal 0.529999 -0.847998 0
    outer loop
      vertex -51.5 50.116 -1.15
      vertex -51.5592 50.079 -1.2
      vertex -51.5 50.116 -1.2
    endloop
  endfacet
  facet normal -0.529999 0.847998 0
    outer loop
      vertex 51.5592 -50.079 -1.2
      vertex 51.5 -50.116 -1.15
      vertex 51.5592 -50.079 -1.15
    endloop
  endfacet
  facet normal -0.529999 0.847998 0
    outer loop
      vertex 51.5 -50.116 -1.15
      vertex 51.5592 -50.079 -1.2
      vertex 51.5 -50.116 -1.2
    endloop
  endfacet
  facet normal -0.58732 0.809355 0
    outer loop
      vertex 51.6157 -50.038 -1.2
      vertex 51.5592 -50.079 -1.15
      vertex 51.6157 -50.038 -1.15
    endloop
  endfacet
  facet normal -0.58732 0.809355 0
    outer loop
      vertex 51.5592 -50.079 -1.15
      vertex 51.6157 -50.038 -1.2
      vertex 51.5592 -50.079 -1.2
    endloop
  endfacet
  facet normal -0.694082 0.719895 0
    outer loop
      vertex 51.7193 -49.9447 -1.2
      vertex 51.6691 -49.9931 -1.15
      vertex 51.7193 -49.9447 -1.15
    endloop
  endfacet
  facet normal -0.694082 0.719895 0
    outer loop
      vertex 51.6691 -49.9931 -1.15
      vertex 51.7193 -49.9447 -1.2
      vertex 51.6691 -49.9931 -1.2
    endloop
  endfacet
  facet normal 0.994513 -0.10461 0
    outer loop
      vertex -51.9976 49.3198 -1.15
      vertex -51.9903 49.3892 -1.2
      vertex -51.9903 49.3892 -1.15
    endloop
  endfacet
  facet normal 0.994513 -0.10461 0
    outer loop
      vertex -51.9903 49.3892 -1.2
      vertex -51.9976 49.3198 -1.15
      vertex -51.9976 49.3198 -1.2
    endloop
  endfacet
  facet normal -0.743365 0.668886 0
    outer loop
      vertex 51.7193 -49.9447 -1.2
      vertex 51.766 -49.8928 -1.15
      vertex 51.766 -49.8928 -1.2
    endloop
  endfacet
  facet normal -0.743365 0.668886 0
    outer loop
      vertex 51.766 -49.8928 -1.15
      vertex 51.7193 -49.9447 -1.2
      vertex 51.7193 -49.9447 -1.15
    endloop
  endfacet
  facet normal -0.743365 -0.668886 0
    outer loop
      vertex 51.766 49.8928 -1.2
      vertex 51.7193 49.9447 -1.15
      vertex 51.7193 49.9447 -1.2
    endloop
  endfacet
  facet normal -0.743365 -0.668886 0
    outer loop
      vertex 51.7193 49.9447 -1.15
      vertex 51.766 49.8928 -1.2
      vertex 51.766 49.8928 -1.15
    endloop
  endfacet
  facet normal 0.58732 0.809355 -0
    outer loop
      vertex -51.5592 -50.079 -1.2
      vertex -51.6157 -50.038 -1.15
      vertex -51.5592 -50.079 -1.15
    endloop
  endfacet
  facet normal 0.58732 0.809355 0
    outer loop
      vertex -51.6157 -50.038 -1.15
      vertex -51.5592 -50.079 -1.2
      vertex -51.6157 -50.038 -1.2
    endloop
  endfacet
  facet normal 0 0 1
    outer loop
      vertex -51.3713 -43.9741 -19.15
      vertex -52 -48.129 -19.15
      vertex -51.4078 -44.3212 -19.15
    endloop
  endfacet
  facet normal 0 0 1
    outer loop
      vertex -51.4078 45.0188 -19.15
      vertex -52 48.129 -19.15
      vertex -51.42 44.67 -19.15
    endloop
  endfacet
  facet normal 0 0 1
    outer loop
      vertex -51.3713 45.3659 -19.15
      vertex -52 48.129 -19.15
      vertex -51.4078 45.0188 -19.15
    endloop
  endfacet
  facet normal 0 0 1
    outer loop
      vertex -51.3107 45.7096 -19.15
      vertex -52 48.129 -19.15
      vertex -51.3713 45.3659 -19.15
    endloop
  endfacet
  facet normal 0 0 1
    outer loop
      vertex -51.2263 46.0482 -19.15
      vertex -52 48.129 -19.15
      vertex -51.3107 45.7096 -19.15
    endloop
  endfacet
  facet normal 0 0 1
    outer loop
      vertex -51.1185 46.3801 -19.15
      vertex -52 48.129 -19.15
      vertex -51.2263 46.0482 -19.15
    endloop
  endfacet
  facet normal 0 0 1
    outer loop
      vertex -50.9877 46.7037 -19.15
      vertex -52 48.129 -19.15
      vertex -51.1185 46.3801 -19.15
    endloop
  endfacet
  facet normal 0 0 1
    outer loop
      vertex -52 48.129 -19.15
      vertex -50.9877 46.7037 -19.15
      vertex -50.8523 46.9813 -19.15
    endloop
  endfacet
  facet normal 0 0 1
    outer loop
      vertex -41.8523 42.6363 -19.15
      vertex 41.8523 42.6363 -19.15
      vertex -41.7215 42.9599 -19.15
    endloop
  endfacet
  facet normal 0 0 1
    outer loop
      vertex 52 -6.25 -19.15
      vertex -41.4322 -44.3212 -19.15
      vertex -41.42 -44.67 -19.15
    endloop
  endfacet
  facet normal 0 0 1
    outer loop
      vertex 41.8523 42.6363 -19.15
      vertex -41.8523 42.6363 -19.15
      vertex 42.0053 42.3226 -19.15
    endloop
  endfacet
  facet normal 0 0 1
    outer loop
      vertex 52 -6.25 -19.15
      vertex -41.4687 -43.9741 -19.15
      vertex -41.4322 -44.3212 -19.15
    endloop
  endfacet
  facet normal 0 0 1
    outer loop
      vertex -42.0053 42.3226 -19.15
      vertex 42.0053 42.3226 -19.15
      vertex -41.8523 42.6363 -19.15
    endloop
  endfacet
  facet normal 0 0 1
    outer loop
      vertex 52 -6.25 -19.15
      vertex -41.5293 -43.6304 -19.15
      vertex -41.4687 -43.9741 -19.15
    endloop
  endfacet
  facet normal 0 0 1
    outer loop
      vertex 42.0053 42.3226 -19.15
      vertex -42.0053 42.3226 -19.15
      vertex 42.1798 42.0204 -19.15
    endloop
  endfacet
  facet normal 0 0 1
    outer loop
      vertex 52 -6.25 -19.15
      vertex -41.6137 -43.2918 -19.15
      vertex -41.5293 -43.6304 -19.15
    endloop
  endfacet
  facet normal 0 0 1
    outer loop
      vertex -42.1798 42.0204 -19.15
      vertex 42.1798 42.0204 -19.15
      vertex -42.0053 42.3226 -19.15
    endloop
  endfacet
  facet normal 0 0 1
    outer loop
      vertex 52 -6.25 -19.15
      vertex -41.7215 -42.9599 -19.15
      vertex -41.6137 -43.2918 -19.15
    endloop
  endfacet
  facet normal 0 0 1
    outer loop
      vertex 42.1798 42.0204 -19.15
      vertex -42.1798 42.0204 -19.15
      vertex 42.3749 41.7311 -19.15
    endloop
  endfacet
  facet normal 0 0 1
    outer loop
      vertex 52 -6.25 -19.15
      vertex -41.8523 -42.6363 -19.15
      vertex -41.7215 -42.9599 -19.15
    endloop
  endfacet
  facet normal 0 0 1
    outer loop
      vertex -42.3749 41.7311 -19.15
      vertex 42.3749 41.7311 -19.15
      vertex -42.1798 42.0204 -19.15
    endloop
  endfacet
  facet normal 0 0 1
    outer loop
      vertex 52 -6.25 -19.15
      vertex -42.0053 -42.3226 -19.15
      vertex -41.8523 -42.6363 -19.15
    endloop
  endfacet
  facet normal 0 0 1
    outer loop
      vertex 42.3749 41.7311 -19.15
      vertex -42.3749 41.7311 -19.15
      vertex 52 -6.25 -19.15
    endloop
  endfacet
  facet normal 0 0 1
    outer loop
      vertex 52 -6.25 -19.15
      vertex -42.1798 -42.0204 -19.15
      vertex -42.0053 -42.3226 -19.15
    endloop
  endfacet
  facet normal -0 0 1
    outer loop
      vertex -42.5898 41.4561 -19.15
      vertex 52 -6.25 -19.15
      vertex -42.3749 41.7311 -19.15
    endloop
  endfacet
  facet normal 0 0 1
    outer loop
      vertex 52 -6.25 -19.15
      vertex -42.3749 -41.7311 -19.15
      vertex -42.1798 -42.0204 -19.15
    endloop
  endfacet
  facet normal -0 0 1
    outer loop
      vertex -42.8233 41.1967 -19.15
      vertex 52 -6.25 -19.15
      vertex -42.5898 41.4561 -19.15
    endloop
  endfacet
  facet normal 0 0 1
    outer loop
      vertex 52 -6.25 -19.15
      vertex -42.5898 -41.4561 -19.15
      vertex -42.3749 -41.7311 -19.15
    endloop
  endfacet
  facet normal -0 0 1
    outer loop
      vertex -43.0743 40.9543 -19.15
      vertex 52 -6.25 -19.15
      vertex -42.8233 41.1967 -19.15
    endloop
  endfacet
  facet normal 0 0 1
    outer loop
      vertex 52 -6.25 -19.15
      vertex -42.8233 -41.1967 -19.15
      vertex -42.5898 -41.4561 -19.15
    endloop
  endfacet
  facet normal 0 0 1
    outer loop
      vertex -43.0743 -40.9543 -19.15
      vertex 52 -6.25 -19.15
      vertex -43.0743 40.9543 -19.15
    endloop
  endfacet
  facet normal 0 0 1
    outer loop
      vertex 52 -6.25 -19.15
      vertex -43.0743 -40.9543 -19.15
      vertex -42.8233 -41.1967 -19.15
    endloop
  endfacet
  facet normal -0 0 1
    outer loop
      vertex -43.3417 40.7299 -19.15
      vertex -43.0743 -40.9543 -19.15
      vertex -43.0743 40.9543 -19.15
    endloop
  endfacet
  facet normal 0 0 1
    outer loop
      vertex -43.3417 40.7299 -19.15
      vertex -43.3417 -40.7299 -19.15
      vertex -43.0743 -40.9543 -19.15
    endloop
  endfacet
  facet normal -0 0 1
    outer loop
      vertex -43.624 40.5248 -19.15
      vertex -43.3417 -40.7299 -19.15
      vertex -43.3417 40.7299 -19.15
    endloop
  endfacet
  facet normal 0 0 1
    outer loop
      vertex -43.624 40.5248 -19.15
      vertex -43.624 -40.5248 -19.15
      vertex -43.3417 -40.7299 -19.15
    endloop
  endfacet
  facet normal -0 0 1
    outer loop
      vertex -43.92 40.3399 -19.15
      vertex -43.624 -40.5248 -19.15
      vertex -43.624 40.5248 -19.15
    endloop
  endfacet
  facet normal 0 0 1
    outer loop
      vertex -43.92 40.3399 -19.15
      vertex -43.92 -40.3399 -19.15
      vertex -43.624 -40.5248 -19.15
    endloop
  endfacet
  facet normal -0 0 1
    outer loop
      vertex -44.2281 40.176 -19.15
      vertex -43.92 -40.3399 -19.15
      vertex -43.92 40.3399 -19.15
    endloop
  endfacet
  facet normal 0 0 1
    outer loop
      vertex -44.2281 40.176 -19.15
      vertex -44.2281 -40.176 -19.15
      vertex -43.92 -40.3399 -19.15
    endloop
  endfacet
  facet normal -0 0 1
    outer loop
      vertex -44.547 40.0341 -19.15
      vertex -44.2281 -40.176 -19.15
      vertex -44.2281 40.176 -19.15
    endloop
  endfacet
  facet normal 0 0 1
    outer loop
      vertex -44.547 40.0341 -19.15
      vertex -44.547 -40.0341 -19.15
      vertex -44.2281 -40.176 -19.15
    endloop
  endfacet
  facet normal -0 0 1
    outer loop
      vertex -44.8749 39.9147 -19.15
      vertex -44.547 -40.0341 -19.15
      vertex -44.547 40.0341 -19.15
    endloop
  endfacet
  facet normal 0 0 1
    outer loop
      vertex -44.8749 39.9147 -19.15
      vertex -44.8749 -39.9147 -19.15
      vertex -44.547 -40.0341 -19.15
    endloop
  endfacet
  facet normal -0 0 1
    outer loop
      vertex -45.2104 39.8185 -19.15
      vertex -44.8749 -39.9147 -19.15
      vertex -44.8749 39.9147 -19.15
    endloop
  endfacet
  facet normal 0 0 1
    outer loop
      vertex -45.2104 39.8185 -19.15
      vertex -45.2104 -39.8185 -19.15
      vertex -44.8749 -39.9147 -19.15
    endloop
  endfacet
  facet normal -0 0 1
    outer loop
      vertex -45.5518 39.746 -19.15
      vertex -45.2104 -39.8185 -19.15
      vertex -45.2104 39.8185 -19.15
    endloop
  endfacet
  facet normal 0 0 1
    outer loop
      vertex -45.5518 39.746 -19.15
      vertex -45.5518 -39.746 -19.15
      vertex -45.2104 -39.8185 -19.15
    endloop
  endfacet
  facet normal -0 0 1
    outer loop
      vertex -45.8974 39.6974 -19.15
      vertex -45.5518 -39.746 -19.15
      vertex -45.5518 39.746 -19.15
    endloop
  endfacet
  facet normal 0 0 1
    outer loop
      vertex -45.8974 39.6974 -19.15
      vertex -45.8974 -39.6974 -19.15
      vertex -45.5518 -39.746 -19.15
    endloop
  endfacet
  facet normal -0 0 1
    outer loop
      vertex -46.2455 39.673 -19.15
      vertex -45.8974 -39.6974 -19.15
      vertex -45.8974 39.6974 -19.15
    endloop
  endfacet
  facet normal 0 0 1
    outer loop
      vertex -46.2455 39.673 -19.15
      vertex -46.2455 -39.673 -19.15
      vertex -45.8974 -39.6974 -19.15
    endloop
  endfacet
  facet normal -0 0 1
    outer loop
      vertex -46.5945 39.673 -19.15
      vertex -46.2455 -39.673 -19.15
      vertex -46.2455 39.673 -19.15
    endloop
  endfacet
  facet normal 0 0 1
    outer loop
      vertex -46.5945 39.673 -19.15
      vertex -46.5945 -39.673 -19.15
      vertex -46.2455 -39.673 -19.15
    endloop
  endfacet
  facet normal 0 0 1
    outer loop
      vertex -46.9426 39.6974 -19.15
      vertex -46.5945 -39.673 -19.15
      vertex -46.5945 39.673 -19.15
    endloop
  endfacet
  facet normal 0 0 1
    outer loop
      vertex -46.9426 39.6974 -19.15
      vertex -46.9426 -39.6974 -19.15
      vertex -46.5945 -39.673 -19.15
    endloop
  endfacet
  facet normal 0 0 1
    outer loop
      vertex -47.2882 39.746 -19.15
      vertex -46.9426 -39.6974 -19.15
      vertex -46.9426 39.6974 -19.15
    endloop
  endfacet
  facet normal 0 0 1
    outer loop
      vertex -47.2882 39.746 -19.15
      vertex -47.2882 -39.746 -19.15
      vertex -46.9426 -39.6974 -19.15
    endloop
  endfacet
  facet normal 0 0 1
    outer loop
      vertex -47.6296 39.8185 -19.15
      vertex -47.2882 -39.746 -19.15
      vertex -47.2882 39.746 -19.15
    endloop
  endfacet
  facet normal 0 0 1
    outer loop
      vertex -47.6296 39.8185 -19.15
      vertex -47.6296 -39.8185 -19.15
      vertex -47.2882 -39.746 -19.15
    endloop
  endfacet
  facet normal 0 0 1
    outer loop
      vertex -47.9651 39.9147 -19.15
      vertex -47.6296 -39.8185 -19.15
      vertex -47.6296 39.8185 -19.15
    endloop
  endfacet
  facet normal 0 0 1
    outer loop
      vertex -47.9651 39.9147 -19.15
      vertex -47.9651 -39.9147 -19.15
      vertex -47.6296 -39.8185 -19.15
    endloop
  endfacet
  facet normal 0 0 1
    outer loop
      vertex -48.293 40.0341 -19.15
      vertex -47.9651 -39.9147 -19.15
      vertex -47.9651 39.9147 -19.15
    endloop
  endfacet
  facet normal 0 0 1
    outer loop
      vertex -48.293 40.0341 -19.15
      vertex -48.293 -40.0341 -19.15
      vertex -47.9651 -39.9147 -19.15
    endloop
  endfacet
  facet normal 0 0 1
    outer loop
      vertex -48.6119 40.176 -19.15
      vertex -48.293 -40.0341 -19.15
      vertex -48.293 40.0341 -19.15
    endloop
  endfacet
  facet normal 0 0 1
    outer loop
      vertex -48.6119 40.176 -19.15
      vertex -48.6119 -40.176 -19.15
      vertex -48.293 -40.0341 -19.15
    endloop
  endfacet
  facet normal 0 0 1
    outer loop
      vertex -48.92 40.3399 -19.15
      vertex -48.6119 -40.176 -19.15
      vertex -48.6119 40.176 -19.15
    endloop
  endfacet
  facet normal 0 0 1
    outer loop
      vertex -48.92 40.3399 -19.15
      vertex -48.92 -40.3399 -19.15
      vertex -48.6119 -40.176 -19.15
    endloop
  endfacet
  facet normal 0 0 1
    outer loop
      vertex -49.216 40.5248 -19.15
      vertex -48.92 -40.3399 -19.15
      vertex -48.92 40.3399 -19.15
    endloop
  endfacet
  facet normal 0 0 1
    outer loop
      vertex -49.216 40.5248 -19.15
      vertex -49.216 -40.5248 -19.15
      vertex -48.92 -40.3399 -19.15
    endloop
  endfacet
  facet normal 0 0 1
    outer loop
      vertex -49.4983 40.7299 -19.15
      vertex -49.216 -40.5248 -19.15
      vertex -49.216 40.5248 -19.15
    endloop
  endfacet
  facet normal 0 0 1
    outer loop
      vertex -49.4983 40.7299 -19.15
      vertex -49.4983 -40.7299 -19.15
      vertex -49.216 -40.5248 -19.15
    endloop
  endfacet
  facet normal 0 0 1
    outer loop
      vertex -49.7657 40.9543 -19.15
      vertex -49.4983 -40.7299 -19.15
      vertex -49.4983 40.7299 -19.15
    endloop
  endfacet
  facet normal 0 0 1
    outer loop
      vertex -49.7657 40.9543 -19.15
      vertex -49.7657 -40.9543 -19.15
      vertex -49.4983 -40.7299 -19.15
    endloop
  endfacet
  facet normal 0 0 1
    outer loop
      vertex -50.0167 41.1967 -19.15
      vertex -49.7657 -40.9543 -19.15
      vertex -49.7657 40.9543 -19.15
    endloop
  endfacet
  facet normal 0 0 1
    outer loop
      vertex -50.0167 41.1967 -19.15
      vertex -50.0167 -41.1967 -19.15
      vertex -49.7657 -40.9543 -19.15
    endloop
  endfacet
  facet normal 0 0 1
    outer loop
      vertex -50.2502 41.4561 -19.15
      vertex -50.0167 -41.1967 -19.15
      vertex -50.0167 41.1967 -19.15
    endloop
  endfacet
  facet normal 0 0 1
    outer loop
      vertex -50.2502 41.4561 -19.15
      vertex -50.2502 -41.4561 -19.15
      vertex -50.0167 -41.1967 -19.15
    endloop
  endfacet
  facet normal 0 0 1
    outer loop
      vertex -50.4651 41.7311 -19.15
      vertex -50.2502 -41.4561 -19.15
      vertex -50.2502 41.4561 -19.15
    endloop
  endfacet
  facet normal 0 0 1
    outer loop
      vertex -50.4651 41.7311 -19.15
      vertex -50.4651 -41.7311 -19.15
      vertex -50.2502 -41.4561 -19.15
    endloop
  endfacet
  facet normal 0 0 1
    outer loop
      vertex -50.6602 42.0204 -19.15
      vertex -50.4651 -41.7311 -19.15
      vertex -50.4651 41.7311 -19.15
    endloop
  endfacet
  facet normal 0 0 1
    outer loop
      vertex -50.6602 42.0204 -19.15
      vertex -50.6602 -42.0204 -19.15
      vertex -50.4651 -41.7311 -19.15
    endloop
  endfacet
  facet normal 0 0 1
    outer loop
      vertex -50.8347 42.3226 -19.15
      vertex -50.6602 -42.0204 -19.15
      vertex -50.6602 42.0204 -19.15
    endloop
  endfacet
  facet normal 0 0 1
    outer loop
      vertex -50.8347 42.3226 -19.15
      vertex -50.8347 -42.3226 -19.15
      vertex -50.6602 -42.0204 -19.15
    endloop
  endfacet
  facet normal 0 0 1
    outer loop
      vertex -50.9877 42.6363 -19.15
      vertex -50.8347 -42.3226 -19.15
      vertex -50.8347 42.3226 -19.15
    endloop
  endfacet
  facet normal 0 0 1
    outer loop
      vertex -50.9877 42.6363 -19.15
      vertex -50.9877 -42.6363 -19.15
      vertex -50.8347 -42.3226 -19.15
    endloop
  endfacet
  facet normal 0 0 1
    outer loop
      vertex -51.1185 42.9599 -19.15
      vertex -50.9877 -42.6363 -19.15
      vertex -50.9877 42.6363 -19.15
    endloop
  endfacet
  facet normal 0 0 1
    outer loop
      vertex -51.1185 42.9599 -19.15
      vertex -51.1185 -42.9599 -19.15
      vertex -50.9877 -42.6363 -19.15
    endloop
  endfacet
  facet normal 0 0 1
    outer loop
      vertex -51.2263 43.2918 -19.15
      vertex -51.1185 -42.9599 -19.15
      vertex -51.1185 42.9599 -19.15
    endloop
  endfacet
  facet normal 0 0 1
    outer loop
      vertex -51.2263 43.2918 -19.15
      vertex -51.2263 -43.2918 -19.15
      vertex -51.1185 -42.9599 -19.15
    endloop
  endfacet
  facet normal 0 0 1
    outer loop
      vertex -51.3107 43.6304 -19.15
      vertex -51.2263 -43.2918 -19.15
      vertex -51.2263 43.2918 -19.15
    endloop
  endfacet
  facet normal 0 0 1
    outer loop
      vertex -51.3107 43.6304 -19.15
      vertex -51.3107 -43.6304 -19.15
      vertex -51.2263 -43.2918 -19.15
    endloop
  endfacet
  facet normal 0 0 1
    outer loop
      vertex -51.3713 43.9741 -19.15
      vertex -51.3107 -43.6304 -19.15
      vertex -51.3107 43.6304 -19.15
    endloop
  endfacet
  facet normal 0 0 1
    outer loop
      vertex -51.3713 43.9741 -19.15
      vertex -51.3713 -43.9741 -19.15
      vertex -51.3107 -43.6304 -19.15
    endloop
  endfacet
  facet normal 0 0 1
    outer loop
      vertex -52 48.129 -19.15
      vertex -51.3713 43.9741 -19.15
      vertex -51.4078 44.3212 -19.15
    endloop
  endfacet
  facet normal 0 0 1
    outer loop
      vertex -51.3713 43.9741 -19.15
      vertex -52 48.129 -19.15
      vertex -51.3713 -43.9741 -19.15
    endloop
  endfacet
  facet normal 0 0 1
    outer loop
      vertex -52 48.129 -19.15
      vertex -51.4078 44.3212 -19.15
      vertex -51.42 44.67 -19.15
    endloop
  endfacet
  facet normal 0 0 1
    outer loop
      vertex -52 -48.129 -19.15
      vertex -51.3713 -43.9741 -19.15
      vertex -52 48.129 -19.15
    endloop
  endfacet
  facet normal 0 0 1
    outer loop
      vertex 49.8784 50.2494 -19.15
      vertex 48.6119 49.164 -19.15
      vertex 48.7301 49.1011 -19.15
    endloop
  endfacet
  facet normal 0 0 1
    outer loop
      vertex 49.8784 50.2494 -19.15
      vertex 48.293 49.3059 -19.15
      vertex 48.6119 49.164 -19.15
    endloop
  endfacet
  facet normal 0 0 1
    outer loop
      vertex 49.8784 50.2494 -19.15
      vertex 47.9651 49.4253 -19.15
      vertex 48.293 49.3059 -19.15
    endloop
  endfacet
  facet normal 0 0 1
    outer loop
      vertex 49.8784 50.2494 -19.15
      vertex 47.6296 49.5215 -19.15
      vertex 47.9651 49.4253 -19.15
    endloop
  endfacet
  facet normal 0 0 1
    outer loop
      vertex 49.8784 50.2494 -19.15
      vertex 47.2882 49.594 -19.15
      vertex 47.6296 49.5215 -19.15
    endloop
  endfacet
  facet normal 0 0 1
    outer loop
      vertex 49.8784 50.2494 -19.15
      vertex 46.9426 49.6426 -19.15
      vertex 47.2882 49.594 -19.15
    endloop
  endfacet
  facet normal 0 0 1
    outer loop
      vertex 49.8784 50.2494 -19.15
      vertex 46.5945 49.667 -19.15
      vertex 46.9426 49.6426 -19.15
    endloop
  endfacet
  facet normal 0 0 1
    outer loop
      vertex 49.8784 50.2494 -19.15
      vertex 46.2455 49.667 -19.15
      vertex 46.5945 49.667 -19.15
    endloop
  endfacet
  facet normal 0 0 1
    outer loop
      vertex 49.8784 50.2494 -19.15
      vertex 45.8974 49.6426 -19.15
      vertex 46.2455 49.667 -19.15
    endloop
  endfacet
  facet normal 0 0 1
    outer loop
      vertex 49.8784 50.2494 -19.15
      vertex 45.5518 49.594 -19.15
      vertex 45.8974 49.6426 -19.15
    endloop
  endfacet
  facet normal 0 0 1
    outer loop
      vertex 41.4687 -43.9741 -19.15
      vertex -41.42 -44.67 -19.15
      vertex 41.4322 -44.3212 -19.15
    endloop
  endfacet
  facet normal 0 0 1
    outer loop
      vertex 41.4322 45.0188 -19.15
      vertex -41.42 44.67 -19.15
      vertex 41.42 44.67 -19.15
    endloop
  endfacet
  facet normal 0 0 1
    outer loop
      vertex -41.4322 45.0188 -19.15
      vertex 41.4322 45.0188 -19.15
      vertex 41.4687 45.3659 -19.15
    endloop
  endfacet
  facet normal 0 0 1
    outer loop
      vertex -41.4687 45.3659 -19.15
      vertex 41.4687 45.3659 -19.15
      vertex 41.5293 45.7096 -19.15
    endloop
  endfacet
  facet normal 0 0 1
    outer loop
      vertex -41.5293 45.7096 -19.15
      vertex 41.5293 45.7096 -19.15
      vertex 41.6137 46.0482 -19.15
    endloop
  endfacet
  facet normal 0 0 1
    outer loop
      vertex -41.6137 46.0482 -19.15
      vertex 41.6137 46.0482 -19.15
      vertex 41.7215 46.3801 -19.15
    endloop
  endfacet
  facet normal 0 0 1
    outer loop
      vertex -41.7215 46.3801 -19.15
      vertex 41.7215 46.3801 -19.15
      vertex 41.8523 46.7037 -19.15
    endloop
  endfacet
  facet normal 0 0 1
    outer loop
      vertex -41.8523 46.7037 -19.15
      vertex 41.8523 46.7037 -19.15
      vertex 42.0053 47.0174 -19.15
    endloop
  endfacet
  facet normal 0 0 1
    outer loop
      vertex -42.0053 47.0174 -19.15
      vertex 42.0053 47.0174 -19.15
      vertex 42.1798 47.3196 -19.15
    endloop
  endfacet
  facet normal 0 0 1
    outer loop
      vertex -42.1798 47.3196 -19.15
      vertex 42.1798 47.3196 -19.15
      vertex 42.3749 47.6089 -19.15
    endloop
  endfacet
  facet normal 0 0 1
    outer loop
      vertex -42.3749 47.6089 -19.15
      vertex 42.3749 47.6089 -19.15
      vertex 42.5898 47.8839 -19.15
    endloop
  endfacet
  facet normal 0 0 1
    outer loop
      vertex -42.5898 47.8839 -19.15
      vertex 42.5898 47.8839 -19.15
      vertex 42.8233 48.1433 -19.15
    endloop
  endfacet
  facet normal 0 0 1
    outer loop
      vertex -42.8233 48.1433 -19.15
      vertex 42.8233 48.1433 -19.15
      vertex 43.0743 48.3857 -19.15
    endloop
  endfacet
  facet normal 0 0 1
    outer loop
      vertex -43.0743 48.3857 -19.15
      vertex 43.0743 48.3857 -19.15
      vertex 43.3417 48.6101 -19.15
    endloop
  endfacet
  facet normal 0 0 1
    outer loop
      vertex -43.3417 48.6101 -19.15
      vertex 43.3417 48.6101 -19.15
      vertex 43.624 48.8152 -19.15
    endloop
  endfacet
  facet normal 0 0 1
    outer loop
      vertex -43.624 48.8152 -19.15
      vertex 43.624 48.8152 -19.15
      vertex 43.92 49.0001 -19.15
    endloop
  endfacet
  facet normal 0 0 1
    outer loop
      vertex -43.92 49.0001 -19.15
      vertex 43.92 49.0001 -19.15
      vertex 44.2281 49.164 -19.15
    endloop
  endfacet
  facet normal 0 0 1
    outer loop
      vertex -44.2281 49.164 -19.15
      vertex 44.2281 49.164 -19.15
      vertex 44.547 49.3059 -19.15
    endloop
  endfacet
  facet normal 0 0 1
    outer loop
      vertex -44.547 49.3059 -19.15
      vertex 44.547 49.3059 -19.15
      vertex 44.8749 49.4253 -19.15
    endloop
  endfacet
  facet normal 0 0 1
    outer loop
      vertex -44.8749 49.4253 -19.15
      vertex 44.8749 49.4253 -19.15
      vertex 45.2104 49.5215 -19.15
    endloop
  endfacet
  facet normal 0 0 1
    outer loop
      vertex -45.2104 49.5215 -19.15
      vertex 45.2104 49.5215 -19.15
      vertex 45.5518 49.594 -19.15
    endloop
  endfacet
  facet normal 0 0 1
    outer loop
      vertex -45.5518 49.594 -19.15
      vertex 45.5518 49.594 -19.15
      vertex 49.8784 50.2494 -19.15
    endloop
  endfacet
  facet normal 0 0 1
    outer loop
      vertex 41.4322 45.0188 -19.15
      vertex -41.4322 45.0188 -19.15
      vertex -41.42 44.67 -19.15
    endloop
  endfacet
  facet normal 0 0 1
    outer loop
      vertex 41.4687 45.3659 -19.15
      vertex -41.4687 45.3659 -19.15
      vertex -41.4322 45.0188 -19.15
    endloop
  endfacet
  facet normal 0 0 1
    outer loop
      vertex 41.5293 45.7096 -19.15
      vertex -41.5293 45.7096 -19.15
      vertex -41.4687 45.3659 -19.15
    endloop
  endfacet
  facet normal 0 0 1
    outer loop
      vertex 41.6137 46.0482 -19.15
      vertex -41.6137 46.0482 -19.15
      vertex -41.5293 45.7096 -19.15
    endloop
  endfacet
  facet normal 0 0 1
    outer loop
      vertex 41.7215 46.3801 -19.15
      vertex -41.7215 46.3801 -19.15
      vertex -41.6137 46.0482 -19.15
    endloop
  endfacet
  facet normal 0 0 1
    outer loop
      vertex 41.8523 46.7037 -19.15
      vertex -41.8523 46.7037 -19.15
      vertex -41.7215 46.3801 -19.15
    endloop
  endfacet
  facet normal 0 0 1
    outer loop
      vertex 42.0053 47.0174 -19.15
      vertex -42.0053 47.0174 -19.15
      vertex -41.8523 46.7037 -19.15
    endloop
  endfacet
  facet normal 0 0 1
    outer loop
      vertex 42.1798 47.3196 -19.15
      vertex -42.1798 47.3196 -19.15
      vertex -42.0053 47.0174 -19.15
    endloop
  endfacet
  facet normal 0 0 1
    outer loop
      vertex 42.3749 47.6089 -19.15
      vertex -42.3749 47.6089 -19.15
      vertex -42.1798 47.3196 -19.15
    endloop
  endfacet
  facet normal 0 0 1
    outer loop
      vertex 42.5898 47.8839 -19.15
      vertex -42.5898 47.8839 -19.15
      vertex -42.3749 47.6089 -19.15
    endloop
  endfacet
  facet normal 0 0 1
    outer loop
      vertex 42.8233 48.1433 -19.15
      vertex -42.8233 48.1433 -19.15
      vertex -42.5898 47.8839 -19.15
    endloop
  endfacet
  facet normal 0 0 1
    outer loop
      vertex 43.0743 48.3857 -19.15
      vertex -43.0743 48.3857 -19.15
      vertex -42.8233 48.1433 -19.15
    endloop
  endfacet
  facet normal 0 0 1
    outer loop
      vertex 43.3417 48.6101 -19.15
      vertex -43.3417 48.6101 -19.15
      vertex -43.0743 48.3857 -19.15
    endloop
  endfacet
  facet normal 0 0 1
    outer loop
      vertex 43.624 48.8152 -19.15
      vertex -43.624 48.8152 -19.15
      vertex -43.3417 48.6101 -19.15
    endloop
  endfacet
  facet normal 0 0 1
    outer loop
      vertex 43.92 49.0001 -19.15
      vertex -43.92 49.0001 -19.15
      vertex -43.624 48.8152 -19.15
    endloop
  endfacet
  facet normal 0 0 1
    outer loop
      vertex 44.2281 49.164 -19.15
      vertex -44.2281 49.164 -19.15
      vertex -43.92 49.0001 -19.15
    endloop
  endfacet
  facet normal 0 0 1
    outer loop
      vertex 44.547 49.3059 -19.15
      vertex -44.547 49.3059 -19.15
      vertex -44.2281 49.164 -19.15
    endloop
  endfacet
  facet normal 0 0 1
    outer loop
      vertex 44.8749 49.4253 -19.15
      vertex -44.8749 49.4253 -19.15
      vertex -44.547 49.3059 -19.15
    endloop
  endfacet
  facet normal 0 0 1
    outer loop
      vertex 45.2104 49.5215 -19.15
      vertex -45.2104 49.5215 -19.15
      vertex -44.8749 49.4253 -19.15
    endloop
  endfacet
  facet normal 0 0 1
    outer loop
      vertex 45.5518 49.594 -19.15
      vertex -45.5518 49.594 -19.15
      vertex -45.2104 49.5215 -19.15
    endloop
  endfacet
  facet normal 0 0 1
    outer loop
      vertex 49.8784 50.2494 -19.15
      vertex -45.8974 49.6426 -19.15
      vertex -45.5518 49.594 -19.15
    endloop
  endfacet
  facet normal -0 0 1
    outer loop
      vertex -49.8784 50.2494 -19.15
      vertex -45.8974 49.6426 -19.15
      vertex 49.8784 50.2494 -19.15
    endloop
  endfacet
  facet normal 0 0 1
    outer loop
      vertex -45.8974 49.6426 -19.15
      vertex -49.8784 50.2494 -19.15
      vertex -46.2455 49.667 -19.15
    endloop
  endfacet
  facet normal 0 0 1
    outer loop
      vertex -48.6119 49.164 -19.15
      vertex -49.8784 50.2494 -19.15
      vertex -48.7301 49.1011 -19.15
    endloop
  endfacet
  facet normal 0 0 1
    outer loop
      vertex -48.293 49.3059 -19.15
      vertex -49.8784 50.2494 -19.15
      vertex -48.6119 49.164 -19.15
    endloop
  endfacet
  facet normal 0 0 1
    outer loop
      vertex -47.9651 49.4253 -19.15
      vertex -49.8784 50.2494 -19.15
      vertex -48.293 49.3059 -19.15
    endloop
  endfacet
  facet normal 0 0 1
    outer loop
      vertex -47.6296 49.5215 -19.15
      vertex -49.8784 50.2494 -19.15
      vertex -47.9651 49.4253 -19.15
    endloop
  endfacet
  facet normal 0 0 1
    outer loop
      vertex -47.2882 49.594 -19.15
      vertex -49.8784 50.2494 -19.15
      vertex -47.6296 49.5215 -19.15
    endloop
  endfacet
  facet normal 0 0 1
    outer loop
      vertex -46.9426 49.6426 -19.15
      vertex -49.8784 50.2494 -19.15
      vertex -47.2882 49.594 -19.15
    endloop
  endfacet
  facet normal 0 0 1
    outer loop
      vertex -46.5945 49.667 -19.15
      vertex -49.8784 50.2494 -19.15
      vertex -46.9426 49.6426 -19.15
    endloop
  endfacet
  facet normal 0 0 1
    outer loop
      vertex -46.2455 49.667 -19.15
      vertex -49.8784 50.2494 -19.15
      vertex -46.5945 49.667 -19.15
    endloop
  endfacet
  facet normal 0 0 1
    outer loop
      vertex 52 48.129 -19.15
      vertex 51.3713 43.9741 -19.15
      vertex 52 -6.25 -19.15
    endloop
  endfacet
  facet normal 0 0 1
    outer loop
      vertex 52 -6.25 -19.15
      vertex 51.4078 -44.3212 -19.15
      vertex 51.42 -44.67 -19.15
    endloop
  endfacet
  facet normal -0 0 1
    outer loop
      vertex 51.3107 43.6304 -19.15
      vertex 52 -6.25 -19.15
      vertex 51.3713 43.9741 -19.15
    endloop
  endfacet
  facet normal 0 0 1
    outer loop
      vertex 52 -6.25 -19.15
      vertex 51.3713 -43.9741 -19.15
      vertex 51.4078 -44.3212 -19.15
    endloop
  endfacet
  facet normal -0 0 1
    outer loop
      vertex 51.2263 43.2918 -19.15
      vertex 52 -6.25 -19.15
      vertex 51.3107 43.6304 -19.15
    endloop
  endfacet
  facet normal 0 0 1
    outer loop
      vertex 52 -6.25 -19.15
      vertex 51.3107 -43.6304 -19.15
      vertex 51.3713 -43.9741 -19.15
    endloop
  endfacet
  facet normal -0 0 1
    outer loop
      vertex 51.1185 42.9599 -19.15
      vertex 52 -6.25 -19.15
      vertex 51.2263 43.2918 -19.15
    endloop
  endfacet
  facet normal 0 0 1
    outer loop
      vertex 52 -6.25 -19.15
      vertex 51.2263 -43.2918 -19.15
      vertex 51.3107 -43.6304 -19.15
    endloop
  endfacet
  facet normal -0 0 1
    outer loop
      vertex 50.9877 42.6363 -19.15
      vertex 52 -6.25 -19.15
      vertex 51.1185 42.9599 -19.15
    endloop
  endfacet
  facet normal 0 0 1
    outer loop
      vertex 52 -6.25 -19.15
      vertex 51.1185 -42.9599 -19.15
      vertex 51.2263 -43.2918 -19.15
    endloop
  endfacet
  facet normal -0 0 1
    outer loop
      vertex 50.8347 42.3226 -19.15
      vertex 52 -6.25 -19.15
      vertex 50.9877 42.6363 -19.15
    endloop
  endfacet
  facet normal 0 0 1
    outer loop
      vertex 52 -6.25 -19.15
      vertex 50.9877 -42.6363 -19.15
      vertex 51.1185 -42.9599 -19.15
    endloop
  endfacet
  facet normal -0 0 1
    outer loop
      vertex 50.6602 42.0204 -19.15
      vertex 52 -6.25 -19.15
      vertex 50.8347 42.3226 -19.15
    endloop
  endfacet
  facet normal 0 0 1
    outer loop
      vertex 52 -6.25 -19.15
      vertex 50.8347 -42.3226 -19.15
      vertex 50.9877 -42.6363 -19.15
    endloop
  endfacet
  facet normal -0 0 1
    outer loop
      vertex 50.4651 41.7311 -19.15
      vertex 52 -6.25 -19.15
      vertex 50.6602 42.0204 -19.15
    endloop
  endfacet
  facet normal 0 0 1
    outer loop
      vertex 52 -6.25 -19.15
      vertex 50.6602 -42.0204 -19.15
      vertex 50.8347 -42.3226 -19.15
    endloop
  endfacet
  facet normal -0 0 1
    outer loop
      vertex 50.2502 41.4561 -19.15
      vertex 52 -6.25 -19.15
      vertex 50.4651 41.7311 -19.15
    endloop
  endfacet
  facet normal 0 0 1
    outer loop
      vertex 52 -6.25 -19.15
      vertex 50.4651 -41.7311 -19.15
      vertex 50.6602 -42.0204 -19.15
    endloop
  endfacet
  facet normal -0 0 1
    outer loop
      vertex 50.0167 41.1967 -19.15
      vertex 52 -6.25 -19.15
      vertex 50.2502 41.4561 -19.15
    endloop
  endfacet
  facet normal 0 0 1
    outer loop
      vertex 52 -6.25 -19.15
      vertex 50.2502 -41.4561 -19.15
      vertex 50.4651 -41.7311 -19.15
    endloop
  endfacet
  facet normal -0 0 1
    outer loop
      vertex 49.7657 40.9543 -19.15
      vertex 52 -6.25 -19.15
      vertex 50.0167 41.1967 -19.15
    endloop
  endfacet
  facet normal 0 0 1
    outer loop
      vertex 52 -6.25 -19.15
      vertex 50.0167 -41.1967 -19.15
      vertex 50.2502 -41.4561 -19.15
    endloop
  endfacet
  facet normal -0 0 1
    outer loop
      vertex 49.4983 40.7299 -19.15
      vertex 52 -6.25 -19.15
      vertex 49.7657 40.9543 -19.15
    endloop
  endfacet
  facet normal 0 0 1
    outer loop
      vertex 52 -6.25 -19.15
      vertex 49.7657 -40.9543 -19.15
      vertex 50.0167 -41.1967 -19.15
    endloop
  endfacet
  facet normal -0 0 1
    outer loop
      vertex 49.216 40.5248 -19.15
      vertex 52 -6.25 -19.15
      vertex 49.4983 40.7299 -19.15
    endloop
  endfacet
  facet normal 0 0 1
    outer loop
      vertex 52 -6.25 -19.15
      vertex 49.4983 -40.7299 -19.15
      vertex 49.7657 -40.9543 -19.15
    endloop
  endfacet
  facet normal -0 0 1
    outer loop
      vertex 48.92 40.3399 -19.15
      vertex 52 -6.25 -19.15
      vertex 49.216 40.5248 -19.15
    endloop
  endfacet
  facet normal 0 0 1
    outer loop
      vertex 52 -6.25 -19.15
      vertex 49.216 -40.5248 -19.15
      vertex 49.4983 -40.7299 -19.15
    endloop
  endfacet
  facet normal -0 0 1
    outer loop
      vertex 48.6119 40.176 -19.15
      vertex 52 -6.25 -19.15
      vertex 48.92 40.3399 -19.15
    endloop
  endfacet
  facet normal 0 0 1
    outer loop
      vertex 52 -6.25 -19.15
      vertex 48.92 -40.3399 -19.15
      vertex 49.216 -40.5248 -19.15
    endloop
  endfacet
  facet normal -0 0 1
    outer loop
      vertex 48.293 40.0341 -19.15
      vertex 52 -6.25 -19.15
      vertex 48.6119 40.176 -19.15
    endloop
  endfacet
  facet normal 0 0 1
    outer loop
      vertex 52 -6.25 -19.15
      vertex 48.6119 -40.176 -19.15
      vertex 48.92 -40.3399 -19.15
    endloop
  endfacet
  facet normal -0 0 1
    outer loop
      vertex 47.9651 39.9147 -19.15
      vertex 52 -6.25 -19.15
      vertex 48.293 40.0341 -19.15
    endloop
  endfacet
  facet normal 0 0 1
    outer loop
      vertex 52 -6.25 -19.15
      vertex 48.293 -40.0341 -19.15
      vertex 48.6119 -40.176 -19.15
    endloop
  endfacet
  facet normal -0 0 1
    outer loop
      vertex 47.6296 39.8185 -19.15
      vertex 52 -6.25 -19.15
      vertex 47.9651 39.9147 -19.15
    endloop
  endfacet
  facet normal 0 0 1
    outer loop
      vertex 52 -6.25 -19.15
      vertex 47.9651 -39.9147 -19.15
      vertex 48.293 -40.0341 -19.15
    endloop
  endfacet
  facet normal -0 0 1
    outer loop
      vertex 47.2882 39.746 -19.15
      vertex 52 -6.25 -19.15
      vertex 47.6296 39.8185 -19.15
    endloop
  endfacet
  facet normal 0 0 1
    outer loop
      vertex 52 -6.25 -19.15
      vertex 47.6296 -39.8185 -19.15
      vertex 47.9651 -39.9147 -19.15
    endloop
  endfacet
  facet normal -0 0 1
    outer loop
      vertex 46.9426 39.6974 -19.15
      vertex 52 -6.25 -19.15
      vertex 47.2882 39.746 -19.15
    endloop
  endfacet
  facet normal 0 0 1
    outer loop
      vertex 52 -6.25 -19.15
      vertex 47.2882 -39.746 -19.15
      vertex 47.6296 -39.8185 -19.15
    endloop
  endfacet
  facet normal -0 0 1
    outer loop
      vertex 46.5945 39.673 -19.15
      vertex 52 -6.25 -19.15
      vertex 46.9426 39.6974 -19.15
    endloop
  endfacet
  facet normal 0 0 1
    outer loop
      vertex 52 -6.25 -19.15
      vertex 46.9426 -39.6974 -19.15
      vertex 47.2882 -39.746 -19.15
    endloop
  endfacet
  facet normal -0 0 1
    outer loop
      vertex 46.2455 39.673 -19.15
      vertex 52 -6.25 -19.15
      vertex 46.5945 39.673 -19.15
    endloop
  endfacet
  facet normal 0 0 1
    outer loop
      vertex 52 -6.25 -19.15
      vertex 46.5945 -39.673 -19.15
      vertex 46.9426 -39.6974 -19.15
    endloop
  endfacet
  facet normal 0 0 1
    outer loop
      vertex 45.8974 39.6974 -19.15
      vertex 52 -6.25 -19.15
      vertex 46.2455 39.673 -19.15
    endloop
  endfacet
  facet normal 0 0 1
    outer loop
      vertex 52 -6.25 -19.15
      vertex 46.2455 -39.673 -19.15
      vertex 46.5945 -39.673 -19.15
    endloop
  endfacet
  facet normal 0 0 1
    outer loop
      vertex 45.5518 39.746 -19.15
      vertex 52 -6.25 -19.15
      vertex 45.8974 39.6974 -19.15
    endloop
  endfacet
  facet normal 0 0 1
    outer loop
      vertex 52 -6.25 -19.15
      vertex 45.8974 -39.6974 -19.15
      vertex 46.2455 -39.673 -19.15
    endloop
  endfacet
  facet normal 0 0 1
    outer loop
      vertex 45.2104 39.8185 -19.15
      vertex 52 -6.25 -19.15
      vertex 45.5518 39.746 -19.15
    endloop
  endfacet
  facet normal 0 0 1
    outer loop
      vertex 52 -6.25 -19.15
      vertex 45.5518 -39.746 -19.15
      vertex 45.8974 -39.6974 -19.15
    endloop
  endfacet
  facet normal 0 0 1
    outer loop
      vertex 44.8749 39.9147 -19.15
      vertex 52 -6.25 -19.15
      vertex 45.2104 39.8185 -19.15
    endloop
  endfacet
  facet normal 0 0 1
    outer loop
      vertex 52 -6.25 -19.15
      vertex 45.2104 -39.8185 -19.15
      vertex 45.5518 -39.746 -19.15
    endloop
  endfacet
  facet normal 0 0 1
    outer loop
      vertex 44.547 40.0341 -19.15
      vertex 52 -6.25 -19.15
      vertex 44.8749 39.9147 -19.15
    endloop
  endfacet
  facet normal 0 0 1
    outer loop
      vertex 52 -6.25 -19.15
      vertex 44.8749 -39.9147 -19.15
      vertex 45.2104 -39.8185 -19.15
    endloop
  endfacet
  facet normal 0 0 1
    outer loop
      vertex 44.2281 40.176 -19.15
      vertex 52 -6.25 -19.15
      vertex 44.547 40.0341 -19.15
    endloop
  endfacet
  facet normal 0 0 1
    outer loop
      vertex 52 -6.25 -19.15
      vertex 44.547 -40.0341 -19.15
      vertex 44.8749 -39.9147 -19.15
    endloop
  endfacet
  facet normal 0 0 1
    outer loop
      vertex 43.92 40.3399 -19.15
      vertex 52 -6.25 -19.15
      vertex 44.2281 40.176 -19.15
    endloop
  endfacet
  facet normal 0 0 1
    outer loop
      vertex 52 -6.25 -19.15
      vertex 44.2281 -40.176 -19.15
      vertex 44.547 -40.0341 -19.15
    endloop
  endfacet
  facet normal 0 0 1
    outer loop
      vertex 43.624 40.5248 -19.15
      vertex 52 -6.25 -19.15
      vertex 43.92 40.3399 -19.15
    endloop
  endfacet
  facet normal 0 0 1
    outer loop
      vertex 52 -6.25 -19.15
      vertex 43.92 -40.3399 -19.15
      vertex 44.2281 -40.176 -19.15
    endloop
  endfacet
  facet normal 0 0 1
    outer loop
      vertex 43.3417 40.7299 -19.15
      vertex 52 -6.25 -19.15
      vertex 43.624 40.5248 -19.15
    endloop
  endfacet
  facet normal 0 0 1
    outer loop
      vertex 52 -6.25 -19.15
      vertex 43.624 -40.5248 -19.15
      vertex 43.92 -40.3399 -19.15
    endloop
  endfacet
  facet normal 0 0 1
    outer loop
      vertex 43.0743 40.9543 -19.15
      vertex 52 -6.25 -19.15
      vertex 43.3417 40.7299 -19.15
    endloop
  endfacet
  facet normal 0 0 1
    outer loop
      vertex 52 -6.25 -19.15
      vertex 43.3417 -40.7299 -19.15
      vertex 43.624 -40.5248 -19.15
    endloop
  endfacet
  facet normal 0 0 1
    outer loop
      vertex 42.8233 41.1967 -19.15
      vertex 52 -6.25 -19.15
      vertex 43.0743 40.9543 -19.15
    endloop
  endfacet
  facet normal 0 0 1
    outer loop
      vertex 52 -6.25 -19.15
      vertex 43.0743 -40.9543 -19.15
      vertex 43.3417 -40.7299 -19.15
    endloop
  endfacet
  facet normal 0 0 1
    outer loop
      vertex 42.5898 41.4561 -19.15
      vertex 52 -6.25 -19.15
      vertex 42.8233 41.1967 -19.15
    endloop
  endfacet
  facet normal 0 0 1
    outer loop
      vertex 52 -6.25 -19.15
      vertex 42.8233 -41.1967 -19.15
      vertex 43.0743 -40.9543 -19.15
    endloop
  endfacet
  facet normal 0 0 1
    outer loop
      vertex 42.3749 41.7311 -19.15
      vertex 52 -6.25 -19.15
      vertex 42.5898 41.4561 -19.15
    endloop
  endfacet
  facet normal 0 0 1
    outer loop
      vertex 52 -6.25 -19.15
      vertex 42.5898 -41.4561 -19.15
      vertex 42.8233 -41.1967 -19.15
    endloop
  endfacet
  facet normal 0 0 1
    outer loop
      vertex 41.6137 43.2918 -19.15
      vertex -41.6137 43.2918 -19.15
      vertex 41.7215 42.9599 -19.15
    endloop
  endfacet
  facet normal 0 0 1
    outer loop
      vertex 52 -6.25 -19.15
      vertex 42.3749 -41.7311 -19.15
      vertex 42.5898 -41.4561 -19.15
    endloop
  endfacet
  facet normal 0 0 1
    outer loop
      vertex -41.6137 43.2918 -19.15
      vertex 41.6137 43.2918 -19.15
      vertex -41.5293 43.6304 -19.15
    endloop
  endfacet
  facet normal 0 0 1
    outer loop
      vertex -41.42 -44.67 -19.15
      vertex 42.3749 -41.7311 -19.15
      vertex 52 -6.25 -19.15
    endloop
  endfacet
  facet normal 0 0 1
    outer loop
      vertex -41.7215 42.9599 -19.15
      vertex 41.7215 42.9599 -19.15
      vertex -41.6137 43.2918 -19.15
    endloop
  endfacet
  facet normal 0 0 1
    outer loop
      vertex 41.7215 42.9599 -19.15
      vertex -41.7215 42.9599 -19.15
      vertex 41.8523 42.6363 -19.15
    endloop
  endfacet
  facet normal 0 0 1
    outer loop
      vertex 41.5293 43.6304 -19.15
      vertex -41.5293 43.6304 -19.15
      vertex 41.6137 43.2918 -19.15
    endloop
  endfacet
  facet normal 0 0 1
    outer loop
      vertex 42.3749 -41.7311 -19.15
      vertex -41.42 -44.67 -19.15
      vertex 42.1798 -42.0204 -19.15
    endloop
  endfacet
  facet normal 0 0 1
    outer loop
      vertex -41.5293 43.6304 -19.15
      vertex 41.5293 43.6304 -19.15
      vertex -41.4687 43.9741 -19.15
    endloop
  endfacet
  facet normal 0 0 1
    outer loop
      vertex 42.1798 -42.0204 -19.15
      vertex -41.42 -44.67 -19.15
      vertex 42.0053 -42.3226 -19.15
    endloop
  endfacet
  facet normal 0 0 1
    outer loop
      vertex 41.4687 43.9741 -19.15
      vertex -41.4687 43.9741 -19.15
      vertex 41.5293 43.6304 -19.15
    endloop
  endfacet
  facet normal 0 0 1
    outer loop
      vertex 42.0053 -42.3226 -19.15
      vertex -41.42 -44.67 -19.15
      vertex 41.8523 -42.6363 -19.15
    endloop
  endfacet
  facet normal 0 0 1
    outer loop
      vertex -41.4687 43.9741 -19.15
      vertex 41.4687 43.9741 -19.15
      vertex -41.4322 44.3212 -19.15
    endloop
  endfacet
  facet normal 0 0 1
    outer loop
      vertex 41.8523 -42.6363 -19.15
      vertex -41.42 -44.67 -19.15
      vertex 41.7215 -42.9599 -19.15
    endloop
  endfacet
  facet normal 0 0 1
    outer loop
      vertex 41.4322 44.3212 -19.15
      vertex -41.4322 44.3212 -19.15
      vertex 41.4687 43.9741 -19.15
    endloop
  endfacet
  facet normal 0 0 1
    outer loop
      vertex 41.7215 -42.9599 -19.15
      vertex -41.42 -44.67 -19.15
      vertex 41.6137 -43.2918 -19.15
    endloop
  endfacet
  facet normal 0 0 1
    outer loop
      vertex -41.4322 44.3212 -19.15
      vertex 41.4322 44.3212 -19.15
      vertex -41.42 44.67 -19.15
    endloop
  endfacet
  facet normal 0 0 1
    outer loop
      vertex 41.6137 -43.2918 -19.15
      vertex -41.42 -44.67 -19.15
      vertex 41.5293 -43.6304 -19.15
    endloop
  endfacet
  facet normal -0 0 1
    outer loop
      vertex -41.42 44.67 -19.15
      vertex 41.4322 44.3212 -19.15
      vertex 41.42 44.67 -19.15
    endloop
  endfacet
  facet normal 0 0 1
    outer loop
      vertex 41.5293 -43.6304 -19.15
      vertex -41.42 -44.67 -19.15
      vertex 41.4687 -43.9741 -19.15
    endloop
  endfacet
  facet normal 0 0 1
    outer loop
      vertex 51.4078 44.3212 -19.15
      vertex 52 48.129 -19.15
      vertex 51.42 44.67 -19.15
    endloop
  endfacet
  facet normal 0 0 1
    outer loop
      vertex 51.3713 43.9741 -19.15
      vertex 52 48.129 -19.15
      vertex 51.4078 44.3212 -19.15
    endloop
  endfacet
  facet normal 0 0 1
    outer loop
      vertex 52 -6.25 -19.15
      vertex 51.42 -44.67 -19.15
      vertex 52 -32.75 -19.15
    endloop
  endfacet
  facet normal 0 0 1
    outer loop
      vertex 52 48.129 -19.15
      vertex 51.4078 45.0188 -19.15
      vertex 51.42 44.67 -19.15
    endloop
  endfacet
  facet normal 0 0 1
    outer loop
      vertex 52 48.129 -19.15
      vertex 51.3713 45.3659 -19.15
      vertex 51.4078 45.0188 -19.15
    endloop
  endfacet
  facet normal 0 0 1
    outer loop
      vertex 52 48.129 -19.15
      vertex 51.3107 45.7096 -19.15
      vertex 51.3713 45.3659 -19.15
    endloop
  endfacet
  facet normal 0 0 1
    outer loop
      vertex 52 48.129 -19.15
      vertex 51.2263 46.0482 -19.15
      vertex 51.3107 45.7096 -19.15
    endloop
  endfacet
  facet normal 0 0 1
    outer loop
      vertex 52 48.129 -19.15
      vertex 51.1185 46.3801 -19.15
      vertex 51.2263 46.0482 -19.15
    endloop
  endfacet
  facet normal 0 0 1
    outer loop
      vertex 52 48.129 -19.15
      vertex 50.9877 46.7037 -19.15
      vertex 51.1185 46.3801 -19.15
    endloop
  endfacet
  facet normal 0 -0 1
    outer loop
      vertex 50.9877 46.7037 -19.15
      vertex 52 48.129 -19.15
      vertex 50.8523 46.9813 -19.15
    endloop
  endfacet
  facet normal -0 0 1
    outer loop
      vertex 52 -6.25 -19.15
      vertex 54.5 -32.75 -19.15
      vertex 54.5 -6.25 -19.15
    endloop
  endfacet
  facet normal 0 0 1
    outer loop
      vertex 54.5 -32.75 -19.15
      vertex 52 -6.25 -19.15
      vertex 52 -32.75 -19.15
    endloop
  endfacet
  facet normal 0 0 1
    outer loop
      vertex 52 -32.75 -19.15
      vertex 51.42 -44.67 -19.15
      vertex 52 -48.129 -19.15
    endloop
  endfacet
  facet normal -0 0 1
    outer loop
      vertex 51.4078 -45.0188 -19.15
      vertex 52 -48.129 -19.15
      vertex 51.42 -44.67 -19.15
    endloop
  endfacet
  facet normal -0 0 1
    outer loop
      vertex 51.3713 -45.3659 -19.15
      vertex 52 -48.129 -19.15
      vertex 51.4078 -45.0188 -19.15
    endloop
  endfacet
  facet normal -0 0 1
    outer loop
      vertex 51.3107 -45.7096 -19.15
      vertex 52 -48.129 -19.15
      vertex 51.3713 -45.3659 -19.15
    endloop
  endfacet
  facet normal -0 0 1
    outer loop
      vertex 51.2263 -46.0482 -19.15
      vertex 52 -48.129 -19.15
      vertex 51.3107 -45.7096 -19.15
    endloop
  endfacet
  facet normal -0 0 1
    outer loop
      vertex 51.1185 -46.3801 -19.15
      vertex 52 -48.129 -19.15
      vertex 51.2263 -46.0482 -19.15
    endloop
  endfacet
  facet normal -0 0 1
    outer loop
      vertex 50.9877 -46.7037 -19.15
      vertex 52 -48.129 -19.15
      vertex 51.1185 -46.3801 -19.15
    endloop
  endfacet
  facet normal 0 0 1
    outer loop
      vertex 52 -48.129 -19.15
      vertex 50.9877 -46.7037 -19.15
      vertex 50.8523 -46.9813 -19.15
    endloop
  endfacet
  facet normal -0 0 1
    outer loop
      vertex 48.6119 -49.164 -19.15
      vertex 49.8784 -50.2494 -19.15
      vertex 48.7301 -49.1011 -19.15
    endloop
  endfacet
  facet normal -0 0 1
    outer loop
      vertex 48.293 -49.3059 -19.15
      vertex 49.8784 -50.2494 -19.15
      vertex 48.6119 -49.164 -19.15
    endloop
  endfacet
  facet normal -0 0 1
    outer loop
      vertex 47.9651 -49.4253 -19.15
      vertex 49.8784 -50.2494 -19.15
      vertex 48.293 -49.3059 -19.15
    endloop
  endfacet
  facet normal -0 0 1
    outer loop
      vertex 47.6296 -49.5215 -19.15
      vertex 49.8784 -50.2494 -19.15
      vertex 47.9651 -49.4253 -19.15
    endloop
  endfacet
  facet normal -0 0 1
    outer loop
      vertex 47.2882 -49.594 -19.15
      vertex 49.8784 -50.2494 -19.15
      vertex 47.6296 -49.5215 -19.15
    endloop
  endfacet
  facet normal -0 0 1
    outer loop
      vertex 46.9426 -49.6426 -19.15
      vertex 49.8784 -50.2494 -19.15
      vertex 47.2882 -49.594 -19.15
    endloop
  endfacet
  facet normal -0 0 1
    outer loop
      vertex 46.5945 -49.667 -19.15
      vertex 49.8784 -50.2494 -19.15
      vertex 46.9426 -49.6426 -19.15
    endloop
  endfacet
  facet normal -0 0 1
    outer loop
      vertex 46.2455 -49.667 -19.15
      vertex 49.8784 -50.2494 -19.15
      vertex 46.5945 -49.667 -19.15
    endloop
  endfacet
  facet normal 0 0 1
    outer loop
      vertex 45.8974 -49.6426 -19.15
      vertex 49.8784 -50.2494 -19.15
      vertex 46.2455 -49.667 -19.15
    endloop
  endfacet
  facet normal 0 0 1
    outer loop
      vertex 45.5518 -49.594 -19.15
      vertex 49.8784 -50.2494 -19.15
      vertex 45.8974 -49.6426 -19.15
    endloop
  endfacet
  facet normal 0 0 1
    outer loop
      vertex 41.4322 -44.3212 -19.15
      vertex -41.42 -44.67 -19.15
      vertex 41.42 -44.67 -19.15
    endloop
  endfacet
  facet normal 0 0 1
    outer loop
      vertex 41.42 -44.67 -19.15
      vertex -41.42 -44.67 -19.15
      vertex 41.4322 -45.0188 -19.15
    endloop
  endfacet
  facet normal 0 0 1
    outer loop
      vertex -41.4322 -45.0188 -19.15
      vertex 41.4322 -45.0188 -19.15
      vertex -41.42 -44.67 -19.15
    endloop
  endfacet
  facet normal 0 0 1
    outer loop
      vertex 41.4322 -45.0188 -19.15
      vertex -41.4322 -45.0188 -19.15
      vertex 41.4687 -45.3659 -19.15
    endloop
  endfacet
  facet normal 0 0 1
    outer loop
      vertex -41.4687 -45.3659 -19.15
      vertex 41.4687 -45.3659 -19.15
      vertex -41.4322 -45.0188 -19.15
    endloop
  endfacet
  facet normal 0 0 1
    outer loop
      vertex 41.4687 -45.3659 -19.15
      vertex -41.4687 -45.3659 -19.15
      vertex 41.5293 -45.7096 -19.15
    endloop
  endfacet
  facet normal 0 0 1
    outer loop
      vertex -41.5293 -45.7096 -19.15
      vertex 41.5293 -45.7096 -19.15
      vertex -41.4687 -45.3659 -19.15
    endloop
  endfacet
  facet normal 0 0 1
    outer loop
      vertex 41.5293 -45.7096 -19.15
      vertex -41.5293 -45.7096 -19.15
      vertex 41.6137 -46.0482 -19.15
    endloop
  endfacet
  facet normal 0 0 1
    outer loop
      vertex -41.6137 -46.0482 -19.15
      vertex 41.6137 -46.0482 -19.15
      vertex -41.5293 -45.7096 -19.15
    endloop
  endfacet
  facet normal 0 0 1
    outer loop
      vertex 41.6137 -46.0482 -19.15
      vertex -41.6137 -46.0482 -19.15
      vertex 41.7215 -46.3801 -19.15
    endloop
  endfacet
  facet normal 0 0 1
    outer loop
      vertex -41.7215 -46.3801 -19.15
      vertex 41.7215 -46.3801 -19.15
      vertex -41.6137 -46.0482 -19.15
    endloop
  endfacet
  facet normal 0 0 1
    outer loop
      vertex 41.7215 -46.3801 -19.15
      vertex -41.7215 -46.3801 -19.15
      vertex 41.8523 -46.7037 -19.15
    endloop
  endfacet
  facet normal 0 0 1
    outer loop
      vertex -41.8523 -46.7037 -19.15
      vertex 41.8523 -46.7037 -19.15
      vertex -41.7215 -46.3801 -19.15
    endloop
  endfacet
  facet normal 0 0 1
    outer loop
      vertex 41.8523 -46.7037 -19.15
      vertex -41.8523 -46.7037 -19.15
      vertex 42.0053 -47.0174 -19.15
    endloop
  endfacet
  facet normal 0 0 1
    outer loop
      vertex -42.0053 -47.0174 -19.15
      vertex 42.0053 -47.0174 -19.15
      vertex -41.8523 -46.7037 -19.15
    endloop
  endfacet
  facet normal 0 0 1
    outer loop
      vertex 42.0053 -47.0174 -19.15
      vertex -42.0053 -47.0174 -19.15
      vertex 42.1798 -47.3196 -19.15
    endloop
  endfacet
  facet normal 0 0 1
    outer loop
      vertex -42.1798 -47.3196 -19.15
      vertex 42.1798 -47.3196 -19.15
      vertex -42.0053 -47.0174 -19.15
    endloop
  endfacet
  facet normal 0 0 1
    outer loop
      vertex 42.1798 -47.3196 -19.15
      vertex -42.1798 -47.3196 -19.15
      vertex 42.3749 -47.6089 -19.15
    endloop
  endfacet
  facet normal 0 0 1
    outer loop
      vertex -42.3749 -47.6089 -19.15
      vertex 42.3749 -47.6089 -19.15
      vertex -42.1798 -47.3196 -19.15
    endloop
  endfacet
  facet normal 0 0 1
    outer loop
      vertex 42.3749 -47.6089 -19.15
      vertex -42.3749 -47.6089 -19.15
      vertex 42.5898 -47.8839 -19.15
    endloop
  endfacet
  facet normal 0 0 1
    outer loop
      vertex -42.5898 -47.8839 -19.15
      vertex 42.5898 -47.8839 -19.15
      vertex -42.3749 -47.6089 -19.15
    endloop
  endfacet
  facet normal 0 0 1
    outer loop
      vertex 42.5898 -47.8839 -19.15
      vertex -42.5898 -47.8839 -19.15
      vertex 42.8233 -48.1433 -19.15
    endloop
  endfacet
  facet normal 0 0 1
    outer loop
      vertex -42.8233 -48.1433 -19.15
      vertex 42.8233 -48.1433 -19.15
      vertex -42.5898 -47.8839 -19.15
    endloop
  endfacet
  facet normal 0 0 1
    outer loop
      vertex 42.8233 -48.1433 -19.15
      vertex -42.8233 -48.1433 -19.15
      vertex 43.0743 -48.3857 -19.15
    endloop
  endfacet
  facet normal 0 0 1
    outer loop
      vertex -43.0743 -48.3857 -19.15
      vertex 43.0743 -48.3857 -19.15
      vertex -42.8233 -48.1433 -19.15
    endloop
  endfacet
  facet normal 0 0 1
    outer loop
      vertex 43.0743 -48.3857 -19.15
      vertex -43.0743 -48.3857 -19.15
      vertex 43.3417 -48.6101 -19.15
    endloop
  endfacet
  facet normal 0 0 1
    outer loop
      vertex -43.3417 -48.6101 -19.15
      vertex 43.3417 -48.6101 -19.15
      vertex -43.0743 -48.3857 -19.15
    endloop
  endfacet
  facet normal 0 0 1
    outer loop
      vertex 43.3417 -48.6101 -19.15
      vertex -43.3417 -48.6101 -19.15
      vertex 43.624 -48.8152 -19.15
    endloop
  endfacet
  facet normal 0 0 1
    outer loop
      vertex -43.624 -48.8152 -19.15
      vertex 43.624 -48.8152 -19.15
      vertex -43.3417 -48.6101 -19.15
    endloop
  endfacet
  facet normal 0 0 1
    outer loop
      vertex 43.624 -48.8152 -19.15
      vertex -43.624 -48.8152 -19.15
      vertex 43.92 -49.0001 -19.15
    endloop
  endfacet
  facet normal 0 0 1
    outer loop
      vertex -43.92 -49.0001 -19.15
      vertex 43.92 -49.0001 -19.15
      vertex -43.624 -48.8152 -19.15
    endloop
  endfacet
  facet normal 0 0 1
    outer loop
      vertex 43.92 -49.0001 -19.15
      vertex -43.92 -49.0001 -19.15
      vertex 44.2281 -49.164 -19.15
    endloop
  endfacet
  facet normal 0 0 1
    outer loop
      vertex -44.2281 -49.164 -19.15
      vertex 44.2281 -49.164 -19.15
      vertex -43.92 -49.0001 -19.15
    endloop
  endfacet
  facet normal 0 0 1
    outer loop
      vertex 44.2281 -49.164 -19.15
      vertex -44.2281 -49.164 -19.15
      vertex 44.547 -49.3059 -19.15
    endloop
  endfacet
  facet normal 0 0 1
    outer loop
      vertex -44.547 -49.3059 -19.15
      vertex 44.547 -49.3059 -19.15
      vertex -44.2281 -49.164 -19.15
    endloop
  endfacet
  facet normal 0 0 1
    outer loop
      vertex 44.547 -49.3059 -19.15
      vertex -44.547 -49.3059 -19.15
      vertex 44.8749 -49.4253 -19.15
    endloop
  endfacet
  facet normal 0 0 1
    outer loop
      vertex -44.8749 -49.4253 -19.15
      vertex 44.8749 -49.4253 -19.15
      vertex -44.547 -49.3059 -19.15
    endloop
  endfacet
  facet normal 0 0 1
    outer loop
      vertex 44.8749 -49.4253 -19.15
      vertex -44.8749 -49.4253 -19.15
      vertex 45.2104 -49.5215 -19.15
    endloop
  endfacet
  facet normal 0 0 1
    outer loop
      vertex -45.2104 -49.5215 -19.15
      vertex 45.2104 -49.5215 -19.15
      vertex -44.8749 -49.4253 -19.15
    endloop
  endfacet
  facet normal 0 0 1
    outer loop
      vertex 45.2104 -49.5215 -19.15
      vertex -45.2104 -49.5215 -19.15
      vertex 45.5518 -49.594 -19.15
    endloop
  endfacet
  facet normal 0 0 1
    outer loop
      vertex -45.5518 -49.594 -19.15
      vertex 45.5518 -49.594 -19.15
      vertex -45.2104 -49.5215 -19.15
    endloop
  endfacet
  facet normal 0 0 1
    outer loop
      vertex 45.5518 -49.594 -19.15
      vertex -45.5518 -49.594 -19.15
      vertex 49.8784 -50.2494 -19.15
    endloop
  endfacet
  facet normal -0 0 1
    outer loop
      vertex -45.8974 -49.6426 -19.15
      vertex 49.8784 -50.2494 -19.15
      vertex -45.5518 -49.594 -19.15
    endloop
  endfacet
  facet normal 0 0 1
    outer loop
      vertex -49.8784 -50.2494 -19.15
      vertex -45.8974 -49.6426 -19.15
      vertex -46.2455 -49.667 -19.15
    endloop
  endfacet
  facet normal 0 0 1
    outer loop
      vertex -49.8784 -50.2494 -19.15
      vertex -46.2455 -49.667 -19.15
      vertex -46.5945 -49.667 -19.15
    endloop
  endfacet
  facet normal 0 0 1
    outer loop
      vertex -45.8974 -49.6426 -19.15
      vertex -49.8784 -50.2494 -19.15
      vertex 49.8784 -50.2494 -19.15
    endloop
  endfacet
  facet normal 0 0 1
    outer loop
      vertex -46.9426 -49.6426 -19.15
      vertex -49.8784 -50.2494 -19.15
      vertex -46.5945 -49.667 -19.15
    endloop
  endfacet
  facet normal 0 0 1
    outer loop
      vertex -47.2882 -49.594 -19.15
      vertex -49.8784 -50.2494 -19.15
      vertex -46.9426 -49.6426 -19.15
    endloop
  endfacet
  facet normal 0 0 1
    outer loop
      vertex -47.6296 -49.5215 -19.15
      vertex -49.8784 -50.2494 -19.15
      vertex -47.2882 -49.594 -19.15
    endloop
  endfacet
  facet normal 0 0 1
    outer loop
      vertex -47.9651 -49.4253 -19.15
      vertex -49.8784 -50.2494 -19.15
      vertex -47.6296 -49.5215 -19.15
    endloop
  endfacet
  facet normal 0 0 1
    outer loop
      vertex -48.293 -49.3059 -19.15
      vertex -49.8784 -50.2494 -19.15
      vertex -47.9651 -49.4253 -19.15
    endloop
  endfacet
  facet normal 0 0 1
    outer loop
      vertex -48.6119 -49.164 -19.15
      vertex -49.8784 -50.2494 -19.15
      vertex -48.293 -49.3059 -19.15
    endloop
  endfacet
  facet normal 0 0 1
    outer loop
      vertex -49.8784 -50.2494 -19.15
      vertex -48.6119 -49.164 -19.15
      vertex -48.7301 -49.1011 -19.15
    endloop
  endfacet
  facet normal 0 0 1
    outer loop
      vertex -50.9877 -46.7037 -19.15
      vertex -52 -48.129 -19.15
      vertex -50.8523 -46.9813 -19.15
    endloop
  endfacet
  facet normal 0 0 1
    outer loop
      vertex -51.1185 -46.3801 -19.15
      vertex -52 -48.129 -19.15
      vertex -50.9877 -46.7037 -19.15
    endloop
  endfacet
  facet normal 0 0 1
    outer loop
      vertex -51.2263 -46.0482 -19.15
      vertex -52 -48.129 -19.15
      vertex -51.1185 -46.3801 -19.15
    endloop
  endfacet
  facet normal 0 0 1
    outer loop
      vertex -51.3107 -45.7096 -19.15
      vertex -52 -48.129 -19.15
      vertex -51.2263 -46.0482 -19.15
    endloop
  endfacet
  facet normal 0 0 1
    outer loop
      vertex -51.3713 -45.3659 -19.15
      vertex -52 -48.129 -19.15
      vertex -51.3107 -45.7096 -19.15
    endloop
  endfacet
  facet normal 0 0 1
    outer loop
      vertex -51.4078 -45.0188 -19.15
      vertex -52 -48.129 -19.15
      vertex -51.3713 -45.3659 -19.15
    endloop
  endfacet
  facet normal 0 0 1
    outer loop
      vertex -51.42 -44.67 -19.15
      vertex -52 -48.129 -19.15
      vertex -51.4078 -45.0188 -19.15
    endloop
  endfacet
  facet normal 0 0 1
    outer loop
      vertex -51.4078 -44.3212 -19.15
      vertex -52 -48.129 -19.15
      vertex -51.42 -44.67 -19.15
    endloop
  endfacet
  facet normal -0.069392 0.997589 0
    outer loop
      vertex 51.2352 -51.4877 -1.15
      vertex 51.0785 -51.4986 0
      vertex 51.2352 -51.4877 0
    endloop
  endfacet
  facet normal -0.069392 0.997589 0
    outer loop
      vertex 51.0785 -51.4986 0
      vertex 51.2352 -51.4877 -1.15
      vertex 51.0785 -51.4986 -1.15
    endloop
  endfacet
  facet normal -0.999387 0.0350104 0
    outer loop
      vertex 53.2445 -49.407 -1.15
      vertex 53.25 -49.25 0
      vertex 53.25 -49.25 -1.15
    endloop
  endfacet
  facet normal -0.999387 0.0350104 0
    outer loop
      vertex 53.25 -49.25 0
      vertex 53.2445 -49.407 -1.15
      vertex 53.2445 -49.407 0
    endloop
  endfacet
  facet normal -1 0 0
    outer loop
      vertex 53.25 -6.25 -1.15
      vertex 53.25 49.25 0
      vertex 53.25 49.25 -1.15
    endloop
  endfacet
  facet normal -1 -0 0
    outer loop
      vertex 53.25 49.25 0
      vertex 53.25 -6.25 -1.15
      vertex 53.25 -6.25 0
    endloop
  endfacet
  facet normal -1 0 0
    outer loop
      vertex 53.25 -49.25 -1.15
      vertex 53.25 -32.75 0
      vertex 53.25 -32.75 -1.15
    endloop
  endfacet
  facet normal -1 -0 0
    outer loop
      vertex 53.25 -32.75 0
      vertex 53.25 -49.25 -1.15
      vertex 53.25 -49.25 0
    endloop
  endfacet
  facet normal -0.469233 0.883074 0
    outer loop
      vertex 52.125 -51.1986 -1.15
      vertex 51.9863 -51.2723 0
      vertex 52.125 -51.1986 0
    endloop
  endfacet
  facet normal -0.469233 0.883074 0
    outer loop
      vertex 51.9863 -51.2723 0
      vertex 52.125 -51.1986 -1.15
      vertex 51.9863 -51.2723 -1.15
    endloop
  endfacet
  facet normal 1 -0 0
    outer loop
      vertex -53.25 38.75 0
      vertex -53.25 49.25 -1.15
      vertex -53.25 49.25 0
    endloop
  endfacet
  facet normal 1 0 0
    outer loop
      vertex -53.25 49.25 -1.15
      vertex -53.25 38.75 0
      vertex -53.25 38.75 -1.15
    endloop
  endfacet
  facet normal 1 -0 0
    outer loop
      vertex -53.25 -49.25 0
      vertex -53.25 -12.75 -1.15
      vertex -53.25 -12.75 0
    endloop
  endfacet
  facet normal 1 0 0
    outer loop
      vertex -53.25 -12.75 -1.15
      vertex -53.25 -49.25 0
      vertex -53.25 -49.25 -1.15
    endloop
  endfacet
  facet normal 1 -0 0
    outer loop
      vertex -53.25 -1.75 0
      vertex -53.25 15.25 -1.15
      vertex -53.25 15.25 0
    endloop
  endfacet
  facet normal 1 0 0
    outer loop
      vertex -53.25 15.25 -1.15
      vertex -53.25 -1.75 0
      vertex -53.25 -1.75 -1.15
    endloop
  endfacet
  facet normal -0.970292 0.241936 0
    outer loop
      vertex 53.1628 -49.8702 -1.15
      vertex 53.2008 -49.7178 0
      vertex 53.2008 -49.7178 -1.15
    endloop
  endfacet
  facet normal -0.970292 0.241936 0
    outer loop
      vertex 53.2008 -49.7178 0
      vertex 53.1628 -49.8702 -1.15
      vertex 53.1628 -49.8702 0
    endloop
  endfacet
  facet normal 0.8291 -0.559101 0
    outer loop
      vertex -52.9081 50.4423 0
      vertex -52.8203 50.5725 -1.15
      vertex -52.8203 50.5725 0
    endloop
  endfacet
  facet normal 0.8291 -0.559101 0
    outer loop
      vertex -52.8203 50.5725 -1.15
      vertex -52.9081 50.4423 0
      vertex -52.9081 50.4423 -1.15
    endloop
  endfacet
  facet normal -0.743072 -0.669211 0
    outer loop
      vertex 52.7236 50.6963 -1.15
      vertex 52.6185 50.813 0
      vertex 52.6185 50.813 -1.15
    endloop
  endfacet
  facet normal -0.743072 -0.669211 0
    outer loop
      vertex 52.6185 50.813 0
      vertex 52.7236 50.6963 -1.15
      vertex 52.7236 50.6963 0
    endloop
  endfacet
  facet normal 0.069392 0.997589 -0
    outer loop
      vertex -51.0785 -51.4986 -1.15
      vertex -51.2352 -51.4877 0
      vertex -51.0785 -51.4986 0
    endloop
  endfacet
  facet normal 0.069392 0.997589 0
    outer loop
      vertex -51.2352 -51.4877 0
      vertex -51.0785 -51.4986 -1.15
      vertex -51.2352 -51.4877 -1.15
    endloop
  endfacet
  facet normal 0.13946 -0.990228 0
    outer loop
      vertex -51.3907 51.4658 -1.15
      vertex -51.2352 51.4877 0
      vertex -51.3907 51.4658 0
    endloop
  endfacet
  facet normal 0.13946 -0.990228 0
    outer loop
      vertex -51.2352 51.4877 0
      vertex -51.3907 51.4658 -1.15
      vertex -51.2352 51.4877 -1.15
    endloop
  endfacet
  facet normal 0.275646 0.961259 -0
    outer loop
      vertex -51.5443 -51.4332 -1.15
      vertex -51.6953 -51.3899 0
      vertex -51.5443 -51.4332 0
    endloop
  endfacet
  facet normal 0.275646 0.961259 0
    outer loop
      vertex -51.6953 -51.3899 0
      vertex -51.5443 -51.4332 -1.15
      vertex -51.6953 -51.3899 -1.15
    endloop
  endfacet
  facet normal 0.13946 0.990228 -0
    outer loop
      vertex -51.2352 -51.4877 -1.15
      vertex -51.3907 -51.4658 0
      vertex -51.2352 -51.4877 0
    endloop
  endfacet
  facet normal 0.13946 0.990228 0
    outer loop
      vertex -51.3907 -51.4658 0
      vertex -51.2352 -51.4877 -1.15
      vertex -51.3907 -51.4658 -1.15
    endloop
  endfacet
  facet normal 0.951076 0.308956 0
    outer loop
      vertex -53.1143 -50.0195 0
      vertex -53.1628 -49.8702 -1.15
      vertex -53.1628 -49.8702 0
    endloop
  endfacet
  facet normal 0.951076 0.308956 0
    outer loop
      vertex -53.1628 -49.8702 -1.15
      vertex -53.1143 -50.0195 0
      vertex -53.1143 -50.0195 -1.15
    endloop
  endfacet
  facet normal 0 1 -0
    outer loop
      vertex 51.0785 -51.4986 -1.15
      vertex -51.0785 -51.4986 0
      vertex 51.0785 -51.4986 0
    endloop
  endfacet
  facet normal 0 1 0
    outer loop
      vertex -51.0785 -51.4986 0
      vertex 51.0785 -51.4986 -1.15
      vertex -51.0785 -51.4986 -1.15
    endloop
  endfacet
  facet normal -0.341896 -0.939738 0
    outer loop
      vertex 51.6953 51.3899 -1.15
      vertex 51.8429 51.3362 0
      vertex 51.6953 51.3899 0
    endloop
  endfacet
  facet normal -0.341896 -0.939738 -0
    outer loop
      vertex 51.8429 51.3362 0
      vertex 51.6953 51.3899 -1.15
      vertex 51.8429 51.3362 -1.15
    endloop
  endfacet
  facet normal -0.275646 0.961259 0
    outer loop
      vertex 51.6953 -51.3899 -1.15
      vertex 51.5443 -51.4332 0
      vertex 51.6953 -51.3899 0
    endloop
  endfacet
  facet normal -0.275646 0.961259 0
    outer loop
      vertex 51.5443 -51.4332 0
      vertex 51.6953 -51.3899 -1.15
      vertex 51.5443 -51.4332 -1.15
    endloop
  endfacet
  facet normal -0.407025 -0.913417 0
    outer loop
      vertex 51.8429 51.3362 -1.15
      vertex 51.9863 51.2723 0
      vertex 51.8429 51.3362 0
    endloop
  endfacet
  facet normal -0.407025 -0.913417 -0
    outer loop
      vertex 51.9863 51.2723 0
      vertex 51.8429 51.3362 -1.15
      vertex 51.9863 51.2723 -1.15
    endloop
  endfacet
  facet normal 0.743072 0.669211 0
    outer loop
      vertex -52.6185 -50.813 0
      vertex -52.7236 -50.6963 -1.15
      vertex -52.7236 -50.6963 0
    endloop
  endfacet
  facet normal 0.743072 0.669211 0
    outer loop
      vertex -52.7236 -50.6963 -1.15
      vertex -52.6185 -50.813 0
      vertex -52.6185 -50.813 -1.15
    endloop
  endfacet
  facet normal 0.530228 -0.847855 0
    outer loop
      vertex -52.2582 51.1153 -1.15
      vertex -52.125 51.1986 0
      vertex -52.2582 51.1153 0
    endloop
  endfacet
  facet normal 0.530228 -0.847855 0
    outer loop
      vertex -52.125 51.1986 0
      vertex -52.2582 51.1153 -1.15
      vertex -52.125 51.1986 -1.15
    endloop
  endfacet
  facet normal -0.927331 -0.374242 0
    outer loop
      vertex 53.1143 50.0195 -1.15
      vertex 53.0555 50.1652 0
      vertex 53.0555 50.1652 -1.15
    endloop
  endfacet
  facet normal -0.927331 -0.374242 0
    outer loop
      vertex 53.0555 50.1652 0
      vertex 53.1143 50.0195 -1.15
      vertex 53.1143 50.0195 0
    endloop
  endfacet
  facet normal -0.207615 -0.978211 0
    outer loop
      vertex 51.3907 51.4658 -1.15
      vertex 51.5443 51.4332 0
      vertex 51.3907 51.4658 0
    endloop
  endfacet
  facet normal -0.207615 -0.978211 -0
    outer loop
      vertex 51.5443 51.4332 0
      vertex 51.3907 51.4658 -1.15
      vertex 51.5443 51.4332 -1.15
    endloop
  endfacet
  facet normal -0.530228 0.847855 0
    outer loop
      vertex 52.2582 -51.1153 -1.15
      vertex 52.125 -51.1986 0
      vertex 52.2582 -51.1153 0
    endloop
  endfacet
  facet normal -0.530228 0.847855 0
    outer loop
      vertex 52.125 -51.1986 0
      vertex 52.2582 -51.1153 -1.15
      vertex 52.125 -51.1986 -1.15
    endloop
  endfacet
  facet normal -0.207615 0.978211 0
    outer loop
      vertex 51.5443 -51.4332 -1.15
      vertex 51.3907 -51.4658 0
      vertex 51.5443 -51.4332 0
    endloop
  endfacet
  facet normal -0.207615 0.978211 0
    outer loop
      vertex 51.3907 -51.4658 0
      vertex 51.5443 -51.4332 -1.15
      vertex 51.3907 -51.4658 -1.15
    endloop
  endfacet
  facet normal 0.341896 0.939738 -0
    outer loop
      vertex -51.6953 -51.3899 -1.15
      vertex -51.8429 -51.3362 0
      vertex -51.6953 -51.3899 0
    endloop
  endfacet
  facet normal 0.341896 0.939738 0
    outer loop
      vertex -51.8429 -51.3362 0
      vertex -51.6953 -51.3899 -1.15
      vertex -51.8429 -51.3362 -1.15
    endloop
  endfacet
  facet normal -0.13946 -0.990228 0
    outer loop
      vertex 51.2352 51.4877 -1.15
      vertex 51.3907 51.4658 0
      vertex 51.2352 51.4877 0
    endloop
  endfacet
  facet normal -0.13946 -0.990228 -0
    outer loop
      vertex 51.3907 51.4658 0
      vertex 51.2352 51.4877 -1.15
      vertex 51.3907 51.4658 -1.15
    endloop
  endfacet
  facet normal 0.469233 -0.883074 0
    outer loop
      vertex -52.125 51.1986 -1.15
      vertex -51.9863 51.2723 0
      vertex -52.125 51.1986 0
    endloop
  endfacet
  facet normal 0.469233 -0.883074 0
    outer loop
      vertex -51.9863 51.2723 0
      vertex -52.125 51.1986 -1.15
      vertex -51.9863 51.2723 -1.15
    endloop
  endfacet
  facet normal 0.069392 -0.997589 0
    outer loop
      vertex -51.2352 51.4877 -1.15
      vertex -51.0785 51.4986 0
      vertex -51.2352 51.4877 0
    endloop
  endfacet
  facet normal 0.069392 -0.997589 0
    outer loop
      vertex -51.0785 51.4986 0
      vertex -51.2352 51.4877 -1.15
      vertex -51.0785 51.4986 -1.15
    endloop
  endfacet
  facet normal 0.788082 -0.61557 0
    outer loop
      vertex -52.8203 50.5725 0
      vertex -52.7236 50.6963 -1.15
      vertex -52.7236 50.6963 0
    endloop
  endfacet
  facet normal 0.788082 -0.61557 0
    outer loop
      vertex -52.7236 50.6963 -1.15
      vertex -52.8203 50.5725 0
      vertex -52.8203 50.5725 -1.15
    endloop
  endfacet
  facet normal 0 -1 0
    outer loop
      vertex -51.0785 51.4986 -1.15
      vertex 51.0785 51.4986 0
      vertex -51.0785 51.4986 0
    endloop
  endfacet
  facet normal 0 -1 -0
    outer loop
      vertex 51.0785 51.4986 0
      vertex -51.0785 51.4986 -1.15
      vertex 51.0785 51.4986 -1.15
    endloop
  endfacet
  facet normal -0.8291 -0.559101 0
    outer loop
      vertex 52.9081 50.4423 -1.15
      vertex 52.8203 50.5725 0
      vertex 52.8203 50.5725 -1.15
    endloop
  endfacet
  facet normal -0.8291 -0.559101 0
    outer loop
      vertex 52.8203 50.5725 0
      vertex 52.9081 50.4423 -1.15
      vertex 52.9081 50.4423 0
    endloop
  endfacet
  facet normal 0.407025 -0.913417 0
    outer loop
      vertex -51.9863 51.2723 -1.15
      vertex -51.8429 51.3362 0
      vertex -51.9863 51.2723 0
    endloop
  endfacet
  facet normal 0.407025 -0.913417 0
    outer loop
      vertex -51.8429 51.3362 0
      vertex -51.9863 51.2723 -1.15
      vertex -51.8429 51.3362 -1.15
    endloop
  endfacet
  facet normal -0.587907 -0.808929 0
    outer loop
      vertex 52.2582 51.1153 -1.15
      vertex 52.3852 51.023 0
      vertex 52.2582 51.1153 0
    endloop
  endfacet
  facet normal -0.587907 -0.808929 -0
    outer loop
      vertex 52.3852 51.023 0
      vertex 52.2582 51.1153 -1.15
      vertex 52.3852 51.023 -1.15
    endloop
  endfacet
  facet normal -0.530228 -0.847855 0
    outer loop
      vertex 52.125 51.1986 -1.15
      vertex 52.2582 51.1153 0
      vertex 52.125 51.1986 0
    endloop
  endfacet
  facet normal -0.530228 -0.847855 -0
    outer loop
      vertex 52.2582 51.1153 0
      vertex 52.125 51.1986 -1.15
      vertex 52.2582 51.1153 -1.15
    endloop
  endfacet
  facet normal 0.984784 -0.173785 0
    outer loop
      vertex -53.2281 49.5631 0
      vertex -53.2008 49.7178 -1.15
      vertex -53.2008 49.7178 0
    endloop
  endfacet
  facet normal 0.984784 -0.173785 0
    outer loop
      vertex -53.2008 49.7178 -1.15
      vertex -53.2281 49.5631 0
      vertex -53.2281 49.5631 -1.15
    endloop
  endfacet
  facet normal -0.86608 -0.499906 0
    outer loop
      vertex 52.9866 50.3063 -1.15
      vertex 52.9081 50.4423 0
      vertex 52.9081 50.4423 -1.15
    endloop
  endfacet
  facet normal -0.86608 -0.499906 0
    outer loop
      vertex 52.9081 50.4423 0
      vertex 52.9866 50.3063 -1.15
      vertex 52.9866 50.3063 0
    endloop
  endfacet
  facet normal -0.743072 0.669211 0
    outer loop
      vertex 52.6185 -50.813 -1.15
      vertex 52.7236 -50.6963 0
      vertex 52.7236 -50.6963 -1.15
    endloop
  endfacet
  facet normal -0.743072 0.669211 0
    outer loop
      vertex 52.7236 -50.6963 0
      vertex 52.6185 -50.813 -1.15
      vertex 52.6185 -50.813 0
    endloop
  endfacet
  facet normal -0.642624 -0.766181 0
    outer loop
      vertex 52.3852 51.023 -1.15
      vertex 52.5055 50.9221 0
      vertex 52.3852 51.023 0
    endloop
  endfacet
  facet normal -0.642624 -0.766181 -0
    outer loop
      vertex 52.5055 50.9221 0
      vertex 52.3852 51.023 -1.15
      vertex 52.5055 50.9221 -1.15
    endloop
  endfacet
  facet normal -0.788082 -0.61557 0
    outer loop
      vertex 52.8203 50.5725 -1.15
      vertex 52.7236 50.6963 0
      vertex 52.7236 50.6963 -1.15
    endloop
  endfacet
  facet normal -0.788082 -0.61557 0
    outer loop
      vertex 52.7236 50.6963 0
      vertex 52.8203 50.5725 -1.15
      vertex 52.8203 50.5725 0
    endloop
  endfacet
  facet normal -0.069392 -0.997589 0
    outer loop
      vertex 51.0785 51.4986 -1.15
      vertex 51.2352 51.4877 0
      vertex 51.0785 51.4986 0
    endloop
  endfacet
  facet normal -0.069392 -0.997589 -0
    outer loop
      vertex 51.2352 51.4877 0
      vertex 51.0785 51.4986 -1.15
      vertex 51.2352 51.4877 -1.15
    endloop
  endfacet
  facet normal -0.275646 -0.961259 0
    outer loop
      vertex 51.5443 51.4332 -1.15
      vertex 51.6953 51.3899 0
      vertex 51.5443 51.4332 0
    endloop
  endfacet
  facet normal -0.275646 -0.961259 -0
    outer loop
      vertex 51.6953 51.3899 0
      vertex 51.5443 51.4332 -1.15
      vertex 51.6953 51.3899 -1.15
    endloop
  endfacet
  facet normal 0.275646 -0.961259 0
    outer loop
      vertex -51.6953 51.3899 -1.15
      vertex -51.5443 51.4332 0
      vertex -51.6953 51.3899 0
    endloop
  endfacet
  facet normal 0.275646 -0.961259 0
    outer loop
      vertex -51.5443 51.4332 0
      vertex -51.6953 51.3899 -1.15
      vertex -51.5443 51.4332 -1.15
    endloop
  endfacet
  facet normal -0.13946 0.990228 0
    outer loop
      vertex 51.3907 -51.4658 -1.15
      vertex 51.2352 -51.4877 0
      vertex 51.3907 -51.4658 0
    endloop
  endfacet
  facet normal -0.13946 0.990228 0
    outer loop
      vertex 51.2352 -51.4877 0
      vertex 51.3907 -51.4658 -1.15
      vertex 51.2352 -51.4877 -1.15
    endloop
  endfacet
  facet normal -0.694583 0.719412 0
    outer loop
      vertex 52.6185 -50.813 -1.15
      vertex 52.5055 -50.9221 0
      vertex 52.6185 -50.813 0
    endloop
  endfacet
  facet normal -0.694583 0.719412 0
    outer loop
      vertex 52.5055 -50.9221 0
      vertex 52.6185 -50.813 -1.15
      vertex 52.5055 -50.9221 -1.15
    endloop
  endfacet
  facet normal 0.587907 0.808929 -0
    outer loop
      vertex -52.2582 -51.1153 -1.15
      vertex -52.3852 -51.023 0
      vertex -52.2582 -51.1153 0
    endloop
  endfacet
  facet normal 0.587907 0.808929 0
    outer loop
      vertex -52.3852 -51.023 0
      vertex -52.2582 -51.1153 -1.15
      vertex -52.3852 -51.023 -1.15
    endloop
  endfacet
  facet normal -0.984784 0.173785 0
    outer loop
      vertex 53.2008 -49.7178 -1.15
      vertex 53.2281 -49.5631 0
      vertex 53.2281 -49.5631 -1.15
    endloop
  endfacet
  facet normal -0.984784 0.173785 0
    outer loop
      vertex 53.2281 -49.5631 0
      vertex 53.2008 -49.7178 -1.15
      vertex 53.2008 -49.7178 0
    endloop
  endfacet
  facet normal 0.999387 0.0350104 0
    outer loop
      vertex -53.2445 -49.407 0
      vertex -53.25 -49.25 -1.15
      vertex -53.25 -49.25 0
    endloop
  endfacet
  facet normal 0.999387 0.0350104 0
    outer loop
      vertex -53.25 -49.25 -1.15
      vertex -53.2445 -49.407 0
      vertex -53.2445 -49.407 -1.15
    endloop
  endfacet
  facet normal 0.898591 0.438787 0
    outer loop
      vertex -52.9866 -50.3063 0
      vertex -53.0555 -50.1652 -1.15
      vertex -53.0555 -50.1652 0
    endloop
  endfacet
  facet normal 0.898591 0.438787 0
    outer loop
      vertex -53.0555 -50.1652 -1.15
      vertex -52.9866 -50.3063 0
      vertex -52.9866 -50.3063 -1.15
    endloop
  endfacet
  facet normal -0.898591 -0.438787 0
    outer loop
      vertex 53.0555 50.1652 -1.15
      vertex 52.9866 50.3063 0
      vertex 52.9866 50.3063 -1.15
    endloop
  endfacet
  facet normal -0.898591 -0.438787 0
    outer loop
      vertex 52.9866 50.3063 0
      vertex 53.0555 50.1652 -1.15
      vertex 53.0555 50.1652 0
    endloop
  endfacet
  facet normal 0.207615 -0.978211 0
    outer loop
      vertex -51.5443 51.4332 -1.15
      vertex -51.3907 51.4658 0
      vertex -51.5443 51.4332 0
    endloop
  endfacet
  facet normal 0.207615 -0.978211 0
    outer loop
      vertex -51.3907 51.4658 0
      vertex -51.5443 51.4332 -1.15
      vertex -51.3907 51.4658 -1.15
    endloop
  endfacet
  facet normal -0.407025 0.913417 0
    outer loop
      vertex 51.9863 -51.2723 -1.15
      vertex 51.8429 -51.3362 0
      vertex 51.9863 -51.2723 0
    endloop
  endfacet
  facet normal -0.407025 0.913417 0
    outer loop
      vertex 51.8429 -51.3362 0
      vertex 51.9863 -51.2723 -1.15
      vertex 51.8429 -51.3362 -1.15
    endloop
  endfacet
  facet normal -0.951076 0.308956 0
    outer loop
      vertex 53.1143 -50.0195 -1.15
      vertex 53.1628 -49.8702 0
      vertex 53.1628 -49.8702 -1.15
    endloop
  endfacet
  facet normal -0.951076 0.308956 0
    outer loop
      vertex 53.1628 -49.8702 0
      vertex 53.1143 -50.0195 -1.15
      vertex 53.1143 -50.0195 0
    endloop
  endfacet
  facet normal 0.898591 -0.438787 0
    outer loop
      vertex -53.0555 50.1652 0
      vertex -52.9866 50.3063 -1.15
      vertex -52.9866 50.3063 0
    endloop
  endfacet
  facet normal 0.898591 -0.438787 0
    outer loop
      vertex -52.9866 50.3063 -1.15
      vertex -53.0555 50.1652 0
      vertex -53.0555 50.1652 -1.15
    endloop
  endfacet
  facet normal 0.469233 0.883074 -0
    outer loop
      vertex -51.9863 -51.2723 -1.15
      vertex -52.125 -51.1986 0
      vertex -51.9863 -51.2723 0
    endloop
  endfacet
  facet normal 0.469233 0.883074 0
    outer loop
      vertex -52.125 -51.1986 0
      vertex -51.9863 -51.2723 -1.15
      vertex -52.125 -51.1986 -1.15
    endloop
  endfacet
  facet normal -0.984784 -0.173785 0
    outer loop
      vertex 53.2281 49.5631 -1.15
      vertex 53.2008 49.7178 0
      vertex 53.2008 49.7178 -1.15
    endloop
  endfacet
  facet normal -0.984784 -0.173785 0
    outer loop
      vertex 53.2008 49.7178 0
      vertex 53.2281 49.5631 -1.15
      vertex 53.2281 49.5631 0
    endloop
  endfacet
  facet normal 0.694583 0.719412 -0
    outer loop
      vertex -52.5055 -50.9221 -1.15
      vertex -52.6185 -50.813 0
      vertex -52.5055 -50.9221 0
    endloop
  endfacet
  facet normal 0.694583 0.719412 0
    outer loop
      vertex -52.6185 -50.813 0
      vertex -52.5055 -50.9221 -1.15
      vertex -52.6185 -50.813 -1.15
    endloop
  endfacet
  facet normal -0.642624 0.766181 0
    outer loop
      vertex 52.5055 -50.9221 -1.15
      vertex 52.3852 -51.023 0
      vertex 52.5055 -50.9221 0
    endloop
  endfacet
  facet normal -0.642624 0.766181 0
    outer loop
      vertex 52.3852 -51.023 0
      vertex 52.5055 -50.9221 -1.15
      vertex 52.3852 -51.023 -1.15
    endloop
  endfacet
  facet normal -0.587907 0.808929 0
    outer loop
      vertex 52.3852 -51.023 -1.15
      vertex 52.2582 -51.1153 0
      vertex 52.3852 -51.023 0
    endloop
  endfacet
  facet normal -0.587907 0.808929 0
    outer loop
      vertex 52.2582 -51.1153 0
      vertex 52.3852 -51.023 -1.15
      vertex 52.2582 -51.1153 -1.15
    endloop
  endfacet
  facet normal 0.994526 0.104486 0
    outer loop
      vertex -53.2281 -49.5631 0
      vertex -53.2445 -49.407 -1.15
      vertex -53.2445 -49.407 0
    endloop
  endfacet
  facet normal 0.994526 0.104486 0
    outer loop
      vertex -53.2445 -49.407 -1.15
      vertex -53.2281 -49.5631 0
      vertex -53.2281 -49.5631 -1.15
    endloop
  endfacet
  facet normal 0.587907 -0.808929 0
    outer loop
      vertex -52.3852 51.023 -1.15
      vertex -52.2582 51.1153 0
      vertex -52.3852 51.023 0
    endloop
  endfacet
  facet normal 0.587907 -0.808929 0
    outer loop
      vertex -52.2582 51.1153 0
      vertex -52.3852 51.023 -1.15
      vertex -52.2582 51.1153 -1.15
    endloop
  endfacet
  facet normal -0.994526 -0.104486 0
    outer loop
      vertex 53.2445 49.407 -1.15
      vertex 53.2281 49.5631 0
      vertex 53.2281 49.5631 -1.15
    endloop
  endfacet
  facet normal -0.994526 -0.104486 0
    outer loop
      vertex 53.2281 49.5631 0
      vertex 53.2445 49.407 -1.15
      vertex 53.2445 49.407 0
    endloop
  endfacet
  facet normal 0.743072 -0.669211 0
    outer loop
      vertex -52.7236 50.6963 0
      vertex -52.6185 50.813 -1.15
      vertex -52.6185 50.813 0
    endloop
  endfacet
  facet normal 0.743072 -0.669211 0
    outer loop
      vertex -52.6185 50.813 -1.15
      vertex -52.7236 50.6963 0
      vertex -52.7236 50.6963 -1.15
    endloop
  endfacet
  facet normal 0.694583 -0.719412 0
    outer loop
      vertex -52.6185 50.813 -1.15
      vertex -52.5055 50.9221 0
      vertex -52.6185 50.813 0
    endloop
  endfacet
  facet normal 0.694583 -0.719412 0
    outer loop
      vertex -52.5055 50.9221 0
      vertex -52.6185 50.813 -1.15
      vertex -52.5055 50.9221 -1.15
    endloop
  endfacet
  facet normal 0.642624 -0.766181 0
    outer loop
      vertex -52.5055 50.9221 -1.15
      vertex -52.3852 51.023 0
      vertex -52.5055 50.9221 0
    endloop
  endfacet
  facet normal 0.642624 -0.766181 0
    outer loop
      vertex -52.3852 51.023 0
      vertex -52.5055 50.9221 -1.15
      vertex -52.3852 51.023 -1.15
    endloop
  endfacet
  facet normal -0.8291 0.559101 0
    outer loop
      vertex 52.8203 -50.5725 -1.15
      vertex 52.9081 -50.4423 0
      vertex 52.9081 -50.4423 -1.15
    endloop
  endfacet
  facet normal -0.8291 0.559101 0
    outer loop
      vertex 52.9081 -50.4423 0
      vertex 52.8203 -50.5725 -1.15
      vertex 52.8203 -50.5725 0
    endloop
  endfacet
  facet normal 0.970292 0.241936 0
    outer loop
      vertex -53.1628 -49.8702 0
      vertex -53.2008 -49.7178 -1.15
      vertex -53.2008 -49.7178 0
    endloop
  endfacet
  facet normal 0.970292 0.241936 0
    outer loop
      vertex -53.2008 -49.7178 -1.15
      vertex -53.1628 -49.8702 0
      vertex -53.1628 -49.8702 -1.15
    endloop
  endfacet
  facet normal -0.341896 0.939738 0
    outer loop
      vertex 51.8429 -51.3362 -1.15
      vertex 51.6953 -51.3899 0
      vertex 51.8429 -51.3362 0
    endloop
  endfacet
  facet normal -0.341896 0.939738 0
    outer loop
      vertex 51.6953 -51.3899 0
      vertex 51.8429 -51.3362 -1.15
      vertex 51.6953 -51.3899 -1.15
    endloop
  endfacet
  facet normal 0.407025 0.913417 -0
    outer loop
      vertex -51.8429 -51.3362 -1.15
      vertex -51.9863 -51.2723 0
      vertex -51.8429 -51.3362 0
    endloop
  endfacet
  facet normal 0.407025 0.913417 0
    outer loop
      vertex -51.9863 -51.2723 0
      vertex -51.8429 -51.3362 -1.15
      vertex -51.9863 -51.2723 -1.15
    endloop
  endfacet
  facet normal -0.970292 -0.241936 0
    outer loop
      vertex 53.2008 49.7178 -1.15
      vertex 53.1628 49.8702 0
      vertex 53.1628 49.8702 -1.15
    endloop
  endfacet
  facet normal -0.970292 -0.241936 0
    outer loop
      vertex 53.1628 49.8702 0
      vertex 53.2008 49.7178 -1.15
      vertex 53.2008 49.7178 0
    endloop
  endfacet
  facet normal 0.951076 -0.308956 0
    outer loop
      vertex -53.1628 49.8702 0
      vertex -53.1143 50.0195 -1.15
      vertex -53.1143 50.0195 0
    endloop
  endfacet
  facet normal 0.951076 -0.308956 0
    outer loop
      vertex -53.1143 50.0195 -1.15
      vertex -53.1628 49.8702 0
      vertex -53.1628 49.8702 -1.15
    endloop
  endfacet
  facet normal 0.86608 -0.499906 0
    outer loop
      vertex -52.9866 50.3063 0
      vertex -52.9081 50.4423 -1.15
      vertex -52.9081 50.4423 0
    endloop
  endfacet
  facet normal 0.86608 -0.499906 0
    outer loop
      vertex -52.9081 50.4423 -1.15
      vertex -52.9866 50.3063 0
      vertex -52.9866 50.3063 -1.15
    endloop
  endfacet
  facet normal -0.927331 0.374242 0
    outer loop
      vertex 53.0555 -50.1652 -1.15
      vertex 53.1143 -50.0195 0
      vertex 53.1143 -50.0195 -1.15
    endloop
  endfacet
  facet normal -0.927331 0.374242 0
    outer loop
      vertex 53.1143 -50.0195 0
      vertex 53.0555 -50.1652 -1.15
      vertex 53.0555 -50.1652 0
    endloop
  endfacet
  facet normal -0.994526 0.104486 0
    outer loop
      vertex 53.2281 -49.5631 -1.15
      vertex 53.2445 -49.407 0
      vertex 53.2445 -49.407 -1.15
    endloop
  endfacet
  facet normal -0.994526 0.104486 0
    outer loop
      vertex 53.2445 -49.407 0
      vertex 53.2281 -49.5631 -1.15
      vertex 53.2281 -49.5631 0
    endloop
  endfacet
  facet normal -0.788082 0.61557 0
    outer loop
      vertex 52.7236 -50.6963 -1.15
      vertex 52.8203 -50.5725 0
      vertex 52.8203 -50.5725 -1.15
    endloop
  endfacet
  facet normal -0.788082 0.61557 0
    outer loop
      vertex 52.8203 -50.5725 0
      vertex 52.7236 -50.6963 -1.15
      vertex 52.7236 -50.6963 0
    endloop
  endfacet
  facet normal -0.999387 -0.0350104 0
    outer loop
      vertex 53.25 49.25 -1.15
      vertex 53.2445 49.407 0
      vertex 53.2445 49.407 -1.15
    endloop
  endfacet
  facet normal -0.999387 -0.0350104 0
    outer loop
      vertex 53.2445 49.407 0
      vertex 53.25 49.25 -1.15
      vertex 53.25 49.25 0
    endloop
  endfacet
  facet normal -0.694583 -0.719412 0
    outer loop
      vertex 52.5055 50.9221 -1.15
      vertex 52.6185 50.813 0
      vertex 52.5055 50.9221 0
    endloop
  endfacet
  facet normal -0.694583 -0.719412 -0
    outer loop
      vertex 52.6185 50.813 0
      vertex 52.5055 50.9221 -1.15
      vertex 52.6185 50.813 -1.15
    endloop
  endfacet
  facet normal -0.469233 -0.883074 0
    outer loop
      vertex 51.9863 51.2723 -1.15
      vertex 52.125 51.1986 0
      vertex 51.9863 51.2723 0
    endloop
  endfacet
  facet normal -0.469233 -0.883074 -0
    outer loop
      vertex 52.125 51.1986 0
      vertex 51.9863 51.2723 -1.15
      vertex 52.125 51.1986 -1.15
    endloop
  endfacet
  facet normal 0.530228 0.847855 -0
    outer loop
      vertex -52.125 -51.1986 -1.15
      vertex -52.2582 -51.1153 0
      vertex -52.125 -51.1986 0
    endloop
  endfacet
  facet normal 0.530228 0.847855 0
    outer loop
      vertex -52.2582 -51.1153 0
      vertex -52.125 -51.1986 -1.15
      vertex -52.2582 -51.1153 -1.15
    endloop
  endfacet
  facet normal 0.970292 -0.241936 0
    outer loop
      vertex -53.2008 49.7178 0
      vertex -53.1628 49.8702 -1.15
      vertex -53.1628 49.8702 0
    endloop
  endfacet
  facet normal 0.970292 -0.241936 0
    outer loop
      vertex -53.1628 49.8702 -1.15
      vertex -53.2008 49.7178 0
      vertex -53.2008 49.7178 -1.15
    endloop
  endfacet
  facet normal 0.341896 -0.939738 0
    outer loop
      vertex -51.8429 51.3362 -1.15
      vertex -51.6953 51.3899 0
      vertex -51.8429 51.3362 0
    endloop
  endfacet
  facet normal 0.341896 -0.939738 0
    outer loop
      vertex -51.6953 51.3899 0
      vertex -51.8429 51.3362 -1.15
      vertex -51.6953 51.3899 -1.15
    endloop
  endfacet
  facet normal 0.207615 0.978211 -0
    outer loop
      vertex -51.3907 -51.4658 -1.15
      vertex -51.5443 -51.4332 0
      vertex -51.3907 -51.4658 0
    endloop
  endfacet
  facet normal 0.207615 0.978211 0
    outer loop
      vertex -51.5443 -51.4332 0
      vertex -51.3907 -51.4658 -1.15
      vertex -51.5443 -51.4332 -1.15
    endloop
  endfacet
  facet normal 0.927331 0.374242 0
    outer loop
      vertex -53.0555 -50.1652 0
      vertex -53.1143 -50.0195 -1.15
      vertex -53.1143 -50.0195 0
    endloop
  endfacet
  facet normal 0.927331 0.374242 0
    outer loop
      vertex -53.1143 -50.0195 -1.15
      vertex -53.0555 -50.1652 0
      vertex -53.0555 -50.1652 -1.15
    endloop
  endfacet
  facet normal 0 0 1
    outer loop
      vertex -53.25 -49.25 -1.15
      vertex -52 -49.25 -1.15
      vertex -52 -12.75 -1.15
    endloop
  endfacet
  facet normal 0 -0 1
    outer loop
      vertex -53.2445 -49.407 -1.15
      vertex -52 -49.25 -1.15
      vertex -53.25 -49.25 -1.15
    endloop
  endfacet
  facet normal 0 0 1
    outer loop
      vertex -52 -49.25 -1.15
      vertex -52.2582 -51.1153 -1.15
      vertex -52.125 -51.1986 -1.15
    endloop
  endfacet
  facet normal 0 0 1
    outer loop
      vertex -52 -49.25 -1.15
      vertex -52.3852 -51.023 -1.15
      vertex -52.2582 -51.1153 -1.15
    endloop
  endfacet
  facet normal 0 0 1
    outer loop
      vertex -52 -49.25 -1.15
      vertex -52.5055 -50.9221 -1.15
      vertex -52.3852 -51.023 -1.15
    endloop
  endfacet
  facet normal 0 0 1
    outer loop
      vertex -52 -49.25 -1.15
      vertex -52.6185 -50.813 -1.15
      vertex -52.5055 -50.9221 -1.15
    endloop
  endfacet
  facet normal 0 0 1
    outer loop
      vertex -52 -49.25 -1.15
      vertex -52.7236 -50.6963 -1.15
      vertex -52.6185 -50.813 -1.15
    endloop
  endfacet
  facet normal 0 0 1
    outer loop
      vertex -52 -49.25 -1.15
      vertex -52.8203 -50.5725 -1.15
      vertex -52.7236 -50.6963 -1.15
    endloop
  endfacet
  facet normal 0 0 1
    outer loop
      vertex -52 -49.25 -1.15
      vertex -52.9081 -50.4423 -1.15
      vertex -52.8203 -50.5725 -1.15
    endloop
  endfacet
  facet normal 0 0 1
    outer loop
      vertex -52 -49.25 -1.15
      vertex -52.9866 -50.3063 -1.15
      vertex -52.9081 -50.4423 -1.15
    endloop
  endfacet
  facet normal 0 0 1
    outer loop
      vertex -52 -49.25 -1.15
      vertex -53.0555 -50.1652 -1.15
      vertex -52.9866 -50.3063 -1.15
    endloop
  endfacet
  facet normal 0 0 1
    outer loop
      vertex -52 -49.25 -1.15
      vertex -53.1143 -50.0195 -1.15
      vertex -53.0555 -50.1652 -1.15
    endloop
  endfacet
  facet normal 0 0 1
    outer loop
      vertex -52 -49.25 -1.15
      vertex -53.1628 -49.8702 -1.15
      vertex -53.1143 -50.0195 -1.15
    endloop
  endfacet
  facet normal 0 0 1
    outer loop
      vertex -52 -49.25 -1.15
      vertex -53.2008 -49.7178 -1.15
      vertex -53.1628 -49.8702 -1.15
    endloop
  endfacet
  facet normal 0 0 1
    outer loop
      vertex -52 -49.25 -1.15
      vertex -53.2281 -49.5631 -1.15
      vertex -53.2008 -49.7178 -1.15
    endloop
  endfacet
  facet normal 0 0 1
    outer loop
      vertex -53.25 -49.25 -1.15
      vertex -52 -12.75 -1.15
      vertex -53.25 -12.75 -1.15
    endloop
  endfacet
  facet normal 0 0 1
    outer loop
      vertex -52 -49.25 -1.15
      vertex -53.2445 -49.407 -1.15
      vertex -53.2281 -49.5631 -1.15
    endloop
  endfacet
  facet normal 0 0 1
    outer loop
      vertex 52 -49.25 -1.15
      vertex 53.25 -49.25 -1.15
      vertex 53.25 -32.75 -1.15
    endloop
  endfacet
  facet normal 0 0 1
    outer loop
      vertex 53.25 -49.25 -1.15
      vertex 52 -49.25 -1.15
      vertex 53.2445 -49.407 -1.15
    endloop
  endfacet
  facet normal -0 0 1
    outer loop
      vertex 51.9976 -49.3198 -1.15
      vertex 53.2445 -49.407 -1.15
      vertex 52 -49.25 -1.15
    endloop
  endfacet
  facet normal 0 0 1
    outer loop
      vertex 53.2445 -49.407 -1.15
      vertex 51.9976 -49.3198 -1.15
      vertex 53.2281 -49.5631 -1.15
    endloop
  endfacet
  facet normal -0 0 1
    outer loop
      vertex 51.9903 -49.3892 -1.15
      vertex 53.2281 -49.5631 -1.15
      vertex 51.9976 -49.3198 -1.15
    endloop
  endfacet
  facet normal 0 0 1
    outer loop
      vertex 53.2281 -49.5631 -1.15
      vertex 51.9903 -49.3892 -1.15
      vertex 53.2008 -49.7178 -1.15
    endloop
  endfacet
  facet normal -0 0 1
    outer loop
      vertex 51.9781 -49.4579 -1.15
      vertex 53.2008 -49.7178 -1.15
      vertex 51.9903 -49.3892 -1.15
    endloop
  endfacet
  facet normal 0 0 1
    outer loop
      vertex 53.2008 -49.7178 -1.15
      vertex 51.9781 -49.4579 -1.15
      vertex 53.1628 -49.8702 -1.15
    endloop
  endfacet
  facet normal -0 0 1
    outer loop
      vertex 51.9613 -49.5256 -1.15
      vertex 53.1628 -49.8702 -1.15
      vertex 51.9781 -49.4579 -1.15
    endloop
  endfacet
  facet normal 0 0 1
    outer loop
      vertex 53.1628 -49.8702 -1.15
      vertex 51.9613 -49.5256 -1.15
      vertex 53.1143 -50.0195 -1.15
    endloop
  endfacet
  facet normal -0 0 1
    outer loop
      vertex 51.9397 -49.592 -1.15
      vertex 53.1143 -50.0195 -1.15
      vertex 51.9613 -49.5256 -1.15
    endloop
  endfacet
  facet normal 0 0 1
    outer loop
      vertex 53.1143 -50.0195 -1.15
      vertex 51.9397 -49.592 -1.15
      vertex 53.0555 -50.1652 -1.15
    endloop
  endfacet
  facet normal -0 0 1
    outer loop
      vertex 51.9135 -49.6567 -1.15
      vertex 53.0555 -50.1652 -1.15
      vertex 51.9397 -49.592 -1.15
    endloop
  endfacet
  facet normal 0 0 1
    outer loop
      vertex 53.0555 -50.1652 -1.15
      vertex 51.9135 -49.6567 -1.15
      vertex 52.9866 -50.3063 -1.15
    endloop
  endfacet
  facet normal -0 0 1
    outer loop
      vertex 51.8829 -49.7195 -1.15
      vertex 52.9866 -50.3063 -1.15
      vertex 51.9135 -49.6567 -1.15
    endloop
  endfacet
  facet normal 0 0 1
    outer loop
      vertex 52 -49.25 -1.15
      vertex 53.25 -32.75 -1.15
      vertex 52 -32.75 -1.15
    endloop
  endfacet
  facet normal 0 0 1
    outer loop
      vertex 52.9866 -50.3063 -1.15
      vertex 51.8829 -49.7195 -1.15
      vertex 52.9081 -50.4423 -1.15
    endloop
  endfacet
  facet normal -0 0 1
    outer loop
      vertex 51.848 -49.7799 -1.15
      vertex 52.9081 -50.4423 -1.15
      vertex 51.8829 -49.7195 -1.15
    endloop
  endfacet
  facet normal 0 0 1
    outer loop
      vertex 52.9081 -50.4423 -1.15
      vertex 51.848 -49.7799 -1.15
      vertex 52.8203 -50.5725 -1.15
    endloop
  endfacet
  facet normal -0 0 1
    outer loop
      vertex 51.809 -49.8378 -1.15
      vertex 52.8203 -50.5725 -1.15
      vertex 51.848 -49.7799 -1.15
    endloop
  endfacet
  facet normal 0 0 1
    outer loop
      vertex 52.8203 -50.5725 -1.15
      vertex 51.809 -49.8378 -1.15
      vertex 52.7236 -50.6963 -1.15
    endloop
  endfacet
  facet normal -0 0 1
    outer loop
      vertex 51.766 -49.8928 -1.15
      vertex 52.7236 -50.6963 -1.15
      vertex 51.809 -49.8378 -1.15
    endloop
  endfacet
  facet normal 0 0 1
    outer loop
      vertex 52.7236 -50.6963 -1.15
      vertex 51.766 -49.8928 -1.15
      vertex 52.6185 -50.813 -1.15
    endloop
  endfacet
  facet normal -0 0 1
    outer loop
      vertex 51.7193 -49.9447 -1.15
      vertex 52.6185 -50.813 -1.15
      vertex 51.766 -49.8928 -1.15
    endloop
  endfacet
  facet normal 0 0 1
    outer loop
      vertex 52.6185 -50.813 -1.15
      vertex 51.7193 -49.9447 -1.15
      vertex 52.5055 -50.9221 -1.15
    endloop
  endfacet
  facet normal -0 0 1
    outer loop
      vertex 51.6691 -49.9931 -1.15
      vertex 52.5055 -50.9221 -1.15
      vertex 51.7193 -49.9447 -1.15
    endloop
  endfacet
  facet normal 0 0 1
    outer loop
      vertex 52.5055 -50.9221 -1.15
      vertex 51.6691 -49.9931 -1.15
      vertex 52.3852 -51.023 -1.15
    endloop
  endfacet
  facet normal -0 0 1
    outer loop
      vertex 51.6157 -50.038 -1.15
      vertex 52.3852 -51.023 -1.15
      vertex 51.6691 -49.9931 -1.15
    endloop
  endfacet
  facet normal 0 0 1
    outer loop
      vertex 52.3852 -51.023 -1.15
      vertex 51.6157 -50.038 -1.15
      vertex 52.2582 -51.1153 -1.15
    endloop
  endfacet
  facet normal -0 0 1
    outer loop
      vertex 51.5592 -50.079 -1.15
      vertex 52.2582 -51.1153 -1.15
      vertex 51.6157 -50.038 -1.15
    endloop
  endfacet
  facet normal 0 0 1
    outer loop
      vertex 52.2582 -51.1153 -1.15
      vertex 51.5592 -50.079 -1.15
      vertex 52.125 -51.1986 -1.15
    endloop
  endfacet
  facet normal -0 0 1
    outer loop
      vertex 51.5 -50.116 -1.15
      vertex 52.125 -51.1986 -1.15
      vertex 51.5592 -50.079 -1.15
    endloop
  endfacet
  facet normal 0 0 1
    outer loop
      vertex 52.125 -51.1986 -1.15
      vertex 51.5 -50.116 -1.15
      vertex 51.9863 -51.2723 -1.15
    endloop
  endfacet
  facet normal -0 0 1
    outer loop
      vertex 51.4384 -50.1488 -1.15
      vertex 51.9863 -51.2723 -1.15
      vertex 51.5 -50.116 -1.15
    endloop
  endfacet
  facet normal 0 0 1
    outer loop
      vertex 51.9863 -51.2723 -1.15
      vertex 51.4384 -50.1488 -1.15
      vertex 51.8429 -51.3362 -1.15
    endloop
  endfacet
  facet normal -0 0 1
    outer loop
      vertex 51.3746 -50.1772 -1.15
      vertex 51.8429 -51.3362 -1.15
      vertex 51.4384 -50.1488 -1.15
    endloop
  endfacet
  facet normal 0 0 1
    outer loop
      vertex 51.8429 -51.3362 -1.15
      vertex 51.3746 -50.1772 -1.15
      vertex 51.6953 -51.3899 -1.15
    endloop
  endfacet
  facet normal -0 0 1
    outer loop
      vertex 51.309 -50.2011 -1.15
      vertex 51.6953 -51.3899 -1.15
      vertex 51.3746 -50.1772 -1.15
    endloop
  endfacet
  facet normal 0 0 1
    outer loop
      vertex 51.6953 -51.3899 -1.15
      vertex 51.309 -50.2011 -1.15
      vertex 51.5443 -51.4332 -1.15
    endloop
  endfacet
  facet normal -0 0 1
    outer loop
      vertex 51.2419 -50.2203 -1.15
      vertex 51.5443 -51.4332 -1.15
      vertex 51.309 -50.2011 -1.15
    endloop
  endfacet
  facet normal 0 0 1
    outer loop
      vertex 51.5443 -51.4332 -1.15
      vertex 51.2419 -50.2203 -1.15
      vertex 51.3907 -51.4658 -1.15
    endloop
  endfacet
  facet normal -0 0 1
    outer loop
      vertex 51.1736 -50.2348 -1.15
      vertex 51.3907 -51.4658 -1.15
      vertex 51.2419 -50.2203 -1.15
    endloop
  endfacet
  facet normal 0 0 1
    outer loop
      vertex 51.3907 -51.4658 -1.15
      vertex 51.1736 -50.2348 -1.15
      vertex 51.2352 -51.4877 -1.15
    endloop
  endfacet
  facet normal -0 0 1
    outer loop
      vertex 51.1045 -50.2445 -1.15
      vertex 51.2352 -51.4877 -1.15
      vertex 51.1736 -50.2348 -1.15
    endloop
  endfacet
  facet normal 0 0 1
    outer loop
      vertex 51.1045 -50.2445 -1.15
      vertex 51.0785 -51.4986 -1.15
      vertex 51.2352 -51.4877 -1.15
    endloop
  endfacet
  facet normal -0 0 1
    outer loop
      vertex 51.0349 -50.2494 -1.15
      vertex 51.0785 -51.4986 -1.15
      vertex 51.1045 -50.2445 -1.15
    endloop
  endfacet
  facet normal -0 0 1
    outer loop
      vertex -51.0349 -50.2494 -1.15
      vertex 51.0785 -51.4986 -1.15
      vertex 51.0349 -50.2494 -1.15
    endloop
  endfacet
  facet normal 0 0 1
    outer loop
      vertex -51.0349 -50.2494 -1.15
      vertex -51.0785 -51.4986 -1.15
      vertex 51.0785 -51.4986 -1.15
    endloop
  endfacet
  facet normal 0 0 1
    outer loop
      vertex -51.1045 -50.2445 -1.15
      vertex -51.0785 -51.4986 -1.15
      vertex -51.0349 -50.2494 -1.15
    endloop
  endfacet
  facet normal 0 0 1
    outer loop
      vertex -51.2352 -51.4877 -1.15
      vertex -51.1045 -50.2445 -1.15
      vertex -51.1736 -50.2348 -1.15
    endloop
  endfacet
  facet normal 0 0 1
    outer loop
      vertex -51.1045 -50.2445 -1.15
      vertex -51.2352 -51.4877 -1.15
      vertex -51.0785 -51.4986 -1.15
    endloop
  endfacet
  facet normal 0 0 1
    outer loop
      vertex -51.3907 -51.4658 -1.15
      vertex -51.1736 -50.2348 -1.15
      vertex -51.2419 -50.2203 -1.15
    endloop
  endfacet
  facet normal 0 0 1
    outer loop
      vertex -51.5443 -51.4332 -1.15
      vertex -51.2419 -50.2203 -1.15
      vertex -51.309 -50.2011 -1.15
    endloop
  endfacet
  facet normal 0 0 1
    outer loop
      vertex -51.6953 -51.3899 -1.15
      vertex -51.309 -50.2011 -1.15
      vertex -51.3746 -50.1772 -1.15
    endloop
  endfacet
  facet normal 0 0 1
    outer loop
      vertex -51.1736 -50.2348 -1.15
      vertex -51.3907 -51.4658 -1.15
      vertex -51.2352 -51.4877 -1.15
    endloop
  endfacet
  facet normal 0 0 1
    outer loop
      vertex -51.8429 -51.3362 -1.15
      vertex -51.3746 -50.1772 -1.15
      vertex -51.4384 -50.1488 -1.15
    endloop
  endfacet
  facet normal 0 0 1
    outer loop
      vertex -51.9863 -51.2723 -1.15
      vertex -51.4384 -50.1488 -1.15
      vertex -51.5 -50.116 -1.15
    endloop
  endfacet
  facet normal 0 0 1
    outer loop
      vertex -51.2419 -50.2203 -1.15
      vertex -51.5443 -51.4332 -1.15
      vertex -51.3907 -51.4658 -1.15
    endloop
  endfacet
  facet normal 0 0 1
    outer loop
      vertex -52.125 -51.1986 -1.15
      vertex -51.5 -50.116 -1.15
      vertex -51.5592 -50.079 -1.15
    endloop
  endfacet
  facet normal 0 0 1
    outer loop
      vertex -52.125 -51.1986 -1.15
      vertex -51.5592 -50.079 -1.15
      vertex -51.6157 -50.038 -1.15
    endloop
  endfacet
  facet normal 0 0 1
    outer loop
      vertex -52.125 -51.1986 -1.15
      vertex -51.6157 -50.038 -1.15
      vertex -51.6691 -49.9931 -1.15
    endloop
  endfacet
  facet normal 0 0 1
    outer loop
      vertex -51.309 -50.2011 -1.15
      vertex -51.6953 -51.3899 -1.15
      vertex -51.5443 -51.4332 -1.15
    endloop
  endfacet
  facet normal 0 0 1
    outer loop
      vertex -52.125 -51.1986 -1.15
      vertex -51.6691 -49.9931 -1.15
      vertex -51.7193 -49.9447 -1.15
    endloop
  endfacet
  facet normal 0 0 1
    outer loop
      vertex -52.125 -51.1986 -1.15
      vertex -51.7193 -49.9447 -1.15
      vertex -51.766 -49.8928 -1.15
    endloop
  endfacet
  facet normal 0 0 1
    outer loop
      vertex -52.125 -51.1986 -1.15
      vertex -51.766 -49.8928 -1.15
      vertex -51.809 -49.8378 -1.15
    endloop
  endfacet
  facet normal 0 0 1
    outer loop
      vertex -51.3746 -50.1772 -1.15
      vertex -51.8429 -51.3362 -1.15
      vertex -51.6953 -51.3899 -1.15
    endloop
  endfacet
  facet normal 0 0 1
    outer loop
      vertex -52.125 -51.1986 -1.15
      vertex -51.809 -49.8378 -1.15
      vertex -51.848 -49.7799 -1.15
    endloop
  endfacet
  facet normal 0 0 1
    outer loop
      vertex -52.125 -51.1986 -1.15
      vertex -51.848 -49.7799 -1.15
      vertex -51.8829 -49.7195 -1.15
    endloop
  endfacet
  facet normal 0 0 1
    outer loop
      vertex -52.125 -51.1986 -1.15
      vertex -51.8829 -49.7195 -1.15
      vertex -51.9135 -49.6567 -1.15
    endloop
  endfacet
  facet normal 0 0 1
    outer loop
      vertex -52.125 -51.1986 -1.15
      vertex -51.9135 -49.6567 -1.15
      vertex -51.9397 -49.592 -1.15
    endloop
  endfacet
  facet normal 0 0 1
    outer loop
      vertex -52.125 -51.1986 -1.15
      vertex -51.9397 -49.592 -1.15
      vertex -51.9613 -49.5256 -1.15
    endloop
  endfacet
  facet normal 0 0 1
    outer loop
      vertex -52.125 -51.1986 -1.15
      vertex -51.9613 -49.5256 -1.15
      vertex -51.9781 -49.4579 -1.15
    endloop
  endfacet
  facet normal 0 0 1
    outer loop
      vertex -51.4384 -50.1488 -1.15
      vertex -51.9863 -51.2723 -1.15
      vertex -51.8429 -51.3362 -1.15
    endloop
  endfacet
  facet normal 0 0 1
    outer loop
      vertex -52.125 -51.1986 -1.15
      vertex -51.9781 -49.4579 -1.15
      vertex -51.9903 -49.3892 -1.15
    endloop
  endfacet
  facet normal 0 0 1
    outer loop
      vertex -52.125 -51.1986 -1.15
      vertex -51.9903 -49.3892 -1.15
      vertex -51.9976 -49.3198 -1.15
    endloop
  endfacet
  facet normal 0 0 1
    outer loop
      vertex -52.125 -51.1986 -1.15
      vertex -51.9976 -49.3198 -1.15
      vertex -52 -49.25 -1.15
    endloop
  endfacet
  facet normal 0 0 1
    outer loop
      vertex -51.5 -50.116 -1.15
      vertex -52.125 -51.1986 -1.15
      vertex -51.9863 -51.2723 -1.15
    endloop
  endfacet
  facet normal 0 0 1
    outer loop
      vertex 53.2445 49.407 -1.15
      vertex 51.9976 49.3198 -1.15
      vertex 52 49.25 -1.15
    endloop
  endfacet
  facet normal 0 0 1
    outer loop
      vertex 52.2582 51.1153 -1.15
      vertex 51.9903 49.3892 -1.15
      vertex 51.9976 49.3198 -1.15
    endloop
  endfacet
  facet normal 0 0 1
    outer loop
      vertex 51.5 50.116 -1.15
      vertex 52.125 51.1986 -1.15
      vertex 51.9863 51.2723 -1.15
    endloop
  endfacet
  facet normal 0 0 1
    outer loop
      vertex 52.2582 51.1153 -1.15
      vertex 51.9781 49.4579 -1.15
      vertex 51.9903 49.3892 -1.15
    endloop
  endfacet
  facet normal 0 0 1
    outer loop
      vertex 52.2582 51.1153 -1.15
      vertex 51.9613 49.5256 -1.15
      vertex 51.9781 49.4579 -1.15
    endloop
  endfacet
  facet normal 0 0 1
    outer loop
      vertex 52.2582 51.1153 -1.15
      vertex 51.9397 49.592 -1.15
      vertex 51.9613 49.5256 -1.15
    endloop
  endfacet
  facet normal 0 0 1
    outer loop
      vertex 52.2582 51.1153 -1.15
      vertex 51.9135 49.6567 -1.15
      vertex 51.9397 49.592 -1.15
    endloop
  endfacet
  facet normal 0 0 1
    outer loop
      vertex 52.2582 51.1153 -1.15
      vertex 51.8829 49.7195 -1.15
      vertex 51.9135 49.6567 -1.15
    endloop
  endfacet
  facet normal 0 0 1
    outer loop
      vertex 52.2582 51.1153 -1.15
      vertex 51.848 49.7799 -1.15
      vertex 51.8829 49.7195 -1.15
    endloop
  endfacet
  facet normal 0 0 1
    outer loop
      vertex 51.4384 50.1488 -1.15
      vertex 51.9863 51.2723 -1.15
      vertex 51.8429 51.3362 -1.15
    endloop
  endfacet
  facet normal 0 0 1
    outer loop
      vertex 52.2582 51.1153 -1.15
      vertex 51.809 49.8378 -1.15
      vertex 51.848 49.7799 -1.15
    endloop
  endfacet
  facet normal 0 0 1
    outer loop
      vertex 52.2582 51.1153 -1.15
      vertex 51.766 49.8928 -1.15
      vertex 51.809 49.8378 -1.15
    endloop
  endfacet
  facet normal 0 0 1
    outer loop
      vertex 52.2582 51.1153 -1.15
      vertex 51.7193 49.9447 -1.15
      vertex 51.766 49.8928 -1.15
    endloop
  endfacet
  facet normal 0 0 1
    outer loop
      vertex 51.3746 50.1772 -1.15
      vertex 51.8429 51.3362 -1.15
      vertex 51.6953 51.3899 -1.15
    endloop
  endfacet
  facet normal 0 0 1
    outer loop
      vertex 52.2582 51.1153 -1.15
      vertex 51.6691 49.9931 -1.15
      vertex 51.7193 49.9447 -1.15
    endloop
  endfacet
  facet normal 0 0 1
    outer loop
      vertex 52.2582 51.1153 -1.15
      vertex 51.6157 50.038 -1.15
      vertex 51.6691 49.9931 -1.15
    endloop
  endfacet
  facet normal 0 0 1
    outer loop
      vertex 52.2582 51.1153 -1.15
      vertex 51.5592 50.079 -1.15
      vertex 51.6157 50.038 -1.15
    endloop
  endfacet
  facet normal 0 0 1
    outer loop
      vertex 51.309 50.2011 -1.15
      vertex 51.6953 51.3899 -1.15
      vertex 51.5443 51.4332 -1.15
    endloop
  endfacet
  facet normal 0 0 1
    outer loop
      vertex 52.125 51.1986 -1.15
      vertex 51.5 50.116 -1.15
      vertex 51.5592 50.079 -1.15
    endloop
  endfacet
  facet normal 0 0 1
    outer loop
      vertex 51.9863 51.2723 -1.15
      vertex 51.4384 50.1488 -1.15
      vertex 51.5 50.116 -1.15
    endloop
  endfacet
  facet normal 0 0 1
    outer loop
      vertex 51.2419 50.2203 -1.15
      vertex 51.5443 51.4332 -1.15
      vertex 51.3907 51.4658 -1.15
    endloop
  endfacet
  facet normal 0 0 1
    outer loop
      vertex 51.8429 51.3362 -1.15
      vertex 51.3746 50.1772 -1.15
      vertex 51.4384 50.1488 -1.15
    endloop
  endfacet
  facet normal 0 0 1
    outer loop
      vertex 51.6953 51.3899 -1.15
      vertex 51.309 50.2011 -1.15
      vertex 51.3746 50.1772 -1.15
    endloop
  endfacet
  facet normal 0 0 1
    outer loop
      vertex 51.5443 51.4332 -1.15
      vertex 51.2419 50.2203 -1.15
      vertex 51.309 50.2011 -1.15
    endloop
  endfacet
  facet normal 0 0 1
    outer loop
      vertex 51.1736 50.2348 -1.15
      vertex 51.3907 51.4658 -1.15
      vertex 51.2352 51.4877 -1.15
    endloop
  endfacet
  facet normal 0 0 1
    outer loop
      vertex 51.3907 51.4658 -1.15
      vertex 51.1736 50.2348 -1.15
      vertex 51.2419 50.2203 -1.15
    endloop
  endfacet
  facet normal 0 0 1
    outer loop
      vertex 51.2352 51.4877 -1.15
      vertex 51.1045 50.2445 -1.15
      vertex 51.1736 50.2348 -1.15
    endloop
  endfacet
  facet normal 0 0 1
    outer loop
      vertex 51.0785 51.4986 -1.15
      vertex 51.1045 50.2445 -1.15
      vertex 51.2352 51.4877 -1.15
    endloop
  endfacet
  facet normal 0 0 1
    outer loop
      vertex 51.0785 51.4986 -1.15
      vertex 51.0349 50.2494 -1.15
      vertex 51.1045 50.2445 -1.15
    endloop
  endfacet
  facet normal 0 0 1
    outer loop
      vertex 51.0785 51.4986 -1.15
      vertex -51.0349 50.2494 -1.15
      vertex 51.0349 50.2494 -1.15
    endloop
  endfacet
  facet normal -0 0 1
    outer loop
      vertex -51.0785 51.4986 -1.15
      vertex -51.0349 50.2494 -1.15
      vertex 51.0785 51.4986 -1.15
    endloop
  endfacet
  facet normal 0 0 1
    outer loop
      vertex -51.0785 51.4986 -1.15
      vertex -51.1045 50.2445 -1.15
      vertex -51.0349 50.2494 -1.15
    endloop
  endfacet
  facet normal -0 0 1
    outer loop
      vertex -51.2352 51.4877 -1.15
      vertex -51.1045 50.2445 -1.15
      vertex -51.0785 51.4986 -1.15
    endloop
  endfacet
  facet normal 0 0 1
    outer loop
      vertex -51.1045 50.2445 -1.15
      vertex -51.2352 51.4877 -1.15
      vertex -51.1736 50.2348 -1.15
    endloop
  endfacet
  facet normal -0 0 1
    outer loop
      vertex -51.3907 51.4658 -1.15
      vertex -51.1736 50.2348 -1.15
      vertex -51.2352 51.4877 -1.15
    endloop
  endfacet
  facet normal 0 0 1
    outer loop
      vertex -51.1736 50.2348 -1.15
      vertex -51.3907 51.4658 -1.15
      vertex -51.2419 50.2203 -1.15
    endloop
  endfacet
  facet normal -0 0 1
    outer loop
      vertex -51.5443 51.4332 -1.15
      vertex -51.2419 50.2203 -1.15
      vertex -51.3907 51.4658 -1.15
    endloop
  endfacet
  facet normal 0 0 1
    outer loop
      vertex -51.2419 50.2203 -1.15
      vertex -51.5443 51.4332 -1.15
      vertex -51.309 50.2011 -1.15
    endloop
  endfacet
  facet normal -0 0 1
    outer loop
      vertex -51.6953 51.3899 -1.15
      vertex -51.309 50.2011 -1.15
      vertex -51.5443 51.4332 -1.15
    endloop
  endfacet
  facet normal 0 0 1
    outer loop
      vertex -51.309 50.2011 -1.15
      vertex -51.6953 51.3899 -1.15
      vertex -51.3746 50.1772 -1.15
    endloop
  endfacet
  facet normal -0 0 1
    outer loop
      vertex -51.8429 51.3362 -1.15
      vertex -51.3746 50.1772 -1.15
      vertex -51.6953 51.3899 -1.15
    endloop
  endfacet
  facet normal 0 0 1
    outer loop
      vertex -51.3746 50.1772 -1.15
      vertex -51.8429 51.3362 -1.15
      vertex -51.4384 50.1488 -1.15
    endloop
  endfacet
  facet normal -0 0 1
    outer loop
      vertex -51.9863 51.2723 -1.15
      vertex -51.4384 50.1488 -1.15
      vertex -51.8429 51.3362 -1.15
    endloop
  endfacet
  facet normal 0 0 1
    outer loop
      vertex -51.4384 50.1488 -1.15
      vertex -51.9863 51.2723 -1.15
      vertex -51.5 50.116 -1.15
    endloop
  endfacet
  facet normal -0 0 1
    outer loop
      vertex -52.125 51.1986 -1.15
      vertex -51.5 50.116 -1.15
      vertex -51.9863 51.2723 -1.15
    endloop
  endfacet
  facet normal 0 0 1
    outer loop
      vertex -51.5 50.116 -1.15
      vertex -52.125 51.1986 -1.15
      vertex -51.5592 50.079 -1.15
    endloop
  endfacet
  facet normal -0 0 1
    outer loop
      vertex -52.2582 51.1153 -1.15
      vertex -51.5592 50.079 -1.15
      vertex -52.125 51.1986 -1.15
    endloop
  endfacet
  facet normal 0 0 1
    outer loop
      vertex -51.5592 50.079 -1.15
      vertex -52.2582 51.1153 -1.15
      vertex -51.6157 50.038 -1.15
    endloop
  endfacet
  facet normal -0 0 1
    outer loop
      vertex -52.3852 51.023 -1.15
      vertex -51.6157 50.038 -1.15
      vertex -52.2582 51.1153 -1.15
    endloop
  endfacet
  facet normal 0 0 1
    outer loop
      vertex -51.6157 50.038 -1.15
      vertex -52.3852 51.023 -1.15
      vertex -51.6691 49.9931 -1.15
    endloop
  endfacet
  facet normal -0 0 1
    outer loop
      vertex -52.5055 50.9221 -1.15
      vertex -51.6691 49.9931 -1.15
      vertex -52.3852 51.023 -1.15
    endloop
  endfacet
  facet normal 0 0 1
    outer loop
      vertex -51.6691 49.9931 -1.15
      vertex -52.5055 50.9221 -1.15
      vertex -51.7193 49.9447 -1.15
    endloop
  endfacet
  facet normal -0 0 1
    outer loop
      vertex -52.6185 50.813 -1.15
      vertex -51.7193 49.9447 -1.15
      vertex -52.5055 50.9221 -1.15
    endloop
  endfacet
  facet normal 0 0 1
    outer loop
      vertex -51.7193 49.9447 -1.15
      vertex -52.6185 50.813 -1.15
      vertex -51.766 49.8928 -1.15
    endloop
  endfacet
  facet normal -0 0 1
    outer loop
      vertex -52.7236 50.6963 -1.15
      vertex -51.766 49.8928 -1.15
      vertex -52.6185 50.813 -1.15
    endloop
  endfacet
  facet normal 0 0 1
    outer loop
      vertex -51.766 49.8928 -1.15
      vertex -52.7236 50.6963 -1.15
      vertex -51.809 49.8378 -1.15
    endloop
  endfacet
  facet normal -0 0 1
    outer loop
      vertex -52.8203 50.5725 -1.15
      vertex -51.809 49.8378 -1.15
      vertex -52.7236 50.6963 -1.15
    endloop
  endfacet
  facet normal 0 0 1
    outer loop
      vertex -51.809 49.8378 -1.15
      vertex -52.8203 50.5725 -1.15
      vertex -51.848 49.7799 -1.15
    endloop
  endfacet
  facet normal -0 0 1
    outer loop
      vertex -52.9081 50.4423 -1.15
      vertex -51.848 49.7799 -1.15
      vertex -52.8203 50.5725 -1.15
    endloop
  endfacet
  facet normal 0 0 1
    outer loop
      vertex -51.848 49.7799 -1.15
      vertex -52.9081 50.4423 -1.15
      vertex -51.8829 49.7195 -1.15
    endloop
  endfacet
  facet normal -0 0 1
    outer loop
      vertex -52.9866 50.3063 -1.15
      vertex -51.8829 49.7195 -1.15
      vertex -52.9081 50.4423 -1.15
    endloop
  endfacet
  facet normal 0 0 1
    outer loop
      vertex -51.8829 49.7195 -1.15
      vertex -52.9866 50.3063 -1.15
      vertex -51.9135 49.6567 -1.15
    endloop
  endfacet
  facet normal -0 0 1
    outer loop
      vertex -53.0555 50.1652 -1.15
      vertex -51.9135 49.6567 -1.15
      vertex -52.9866 50.3063 -1.15
    endloop
  endfacet
  facet normal 0 0 1
    outer loop
      vertex -51.9135 49.6567 -1.15
      vertex -53.0555 50.1652 -1.15
      vertex -51.9397 49.592 -1.15
    endloop
  endfacet
  facet normal -0 0 1
    outer loop
      vertex -53.1143 50.0195 -1.15
      vertex -51.9397 49.592 -1.15
      vertex -53.0555 50.1652 -1.15
    endloop
  endfacet
  facet normal 0 0 1
    outer loop
      vertex -51.9397 49.592 -1.15
      vertex -53.1143 50.0195 -1.15
      vertex -51.9613 49.5256 -1.15
    endloop
  endfacet
  facet normal -0 0 1
    outer loop
      vertex -53.1628 49.8702 -1.15
      vertex -51.9613 49.5256 -1.15
      vertex -53.1143 50.0195 -1.15
    endloop
  endfacet
  facet normal 0 0 1
    outer loop
      vertex -51.9613 49.5256 -1.15
      vertex -53.1628 49.8702 -1.15
      vertex -51.9781 49.4579 -1.15
    endloop
  endfacet
  facet normal -0 0 1
    outer loop
      vertex -53.2008 49.7178 -1.15
      vertex -51.9781 49.4579 -1.15
      vertex -53.1628 49.8702 -1.15
    endloop
  endfacet
  facet normal 0 0 1
    outer loop
      vertex -51.9781 49.4579 -1.15
      vertex -53.2008 49.7178 -1.15
      vertex -51.9903 49.3892 -1.15
    endloop
  endfacet
  facet normal -0 0 1
    outer loop
      vertex -53.2281 49.5631 -1.15
      vertex -51.9903 49.3892 -1.15
      vertex -53.2008 49.7178 -1.15
    endloop
  endfacet
  facet normal 0 0 1
    outer loop
      vertex -51.9903 49.3892 -1.15
      vertex -53.2281 49.5631 -1.15
      vertex -51.9976 49.3198 -1.15
    endloop
  endfacet
  facet normal -0 0 1
    outer loop
      vertex -53.2445 49.407 -1.15
      vertex -51.9976 49.3198 -1.15
      vertex -53.2281 49.5631 -1.15
    endloop
  endfacet
  facet normal 0 0 1
    outer loop
      vertex -51.9976 49.3198 -1.15
      vertex -53.2445 49.407 -1.15
      vertex -52 49.25 -1.15
    endloop
  endfacet
  facet normal 0 0 1
    outer loop
      vertex -52 49.25 -1.15
      vertex -53.2445 49.407 -1.15
      vertex -53.25 49.25 -1.15
    endloop
  endfacet
  facet normal 0 0 1
    outer loop
      vertex -52 49.25 -1.15
      vertex -53.25 49.25 -1.15
      vertex -52 38.75 -1.15
    endloop
  endfacet
  facet normal 0 0 1
    outer loop
      vertex -52 38.75 -1.15
      vertex -53.25 49.25 -1.15
      vertex -53.25 38.75 -1.15
    endloop
  endfacet
  facet normal 0 0 1
    outer loop
      vertex 52 49.25 -1.15
      vertex 53.25 49.25 -1.15
      vertex 53.2445 49.407 -1.15
    endloop
  endfacet
  facet normal 0 0 1
    outer loop
      vertex 51.9976 49.3198 -1.15
      vertex 53.2445 49.407 -1.15
      vertex 53.2281 49.5631 -1.15
    endloop
  endfacet
  facet normal 0 0 1
    outer loop
      vertex 51.9976 49.3198 -1.15
      vertex 53.2281 49.5631 -1.15
      vertex 53.2008 49.7178 -1.15
    endloop
  endfacet
  facet normal 0 0 1
    outer loop
      vertex 51.9976 49.3198 -1.15
      vertex 53.2008 49.7178 -1.15
      vertex 53.1628 49.8702 -1.15
    endloop
  endfacet
  facet normal 0 0 1
    outer loop
      vertex 51.9976 49.3198 -1.15
      vertex 53.1628 49.8702 -1.15
      vertex 53.1143 50.0195 -1.15
    endloop
  endfacet
  facet normal 0 0 1
    outer loop
      vertex 51.9976 49.3198 -1.15
      vertex 53.1143 50.0195 -1.15
      vertex 53.0555 50.1652 -1.15
    endloop
  endfacet
  facet normal 0 0 1
    outer loop
      vertex 51.9976 49.3198 -1.15
      vertex 53.0555 50.1652 -1.15
      vertex 52.9866 50.3063 -1.15
    endloop
  endfacet
  facet normal 0 0 1
    outer loop
      vertex 51.9976 49.3198 -1.15
      vertex 52.9866 50.3063 -1.15
      vertex 52.9081 50.4423 -1.15
    endloop
  endfacet
  facet normal 0 0 1
    outer loop
      vertex 51.9976 49.3198 -1.15
      vertex 52.9081 50.4423 -1.15
      vertex 52.8203 50.5725 -1.15
    endloop
  endfacet
  facet normal 0 0 1
    outer loop
      vertex 51.9976 49.3198 -1.15
      vertex 52.8203 50.5725 -1.15
      vertex 52.7236 50.6963 -1.15
    endloop
  endfacet
  facet normal 0 0 1
    outer loop
      vertex 51.9976 49.3198 -1.15
      vertex 52.7236 50.6963 -1.15
      vertex 52.6185 50.813 -1.15
    endloop
  endfacet
  facet normal 0 0 1
    outer loop
      vertex 51.9976 49.3198 -1.15
      vertex 52.6185 50.813 -1.15
      vertex 52.5055 50.9221 -1.15
    endloop
  endfacet
  facet normal 0 0 1
    outer loop
      vertex 51.9976 49.3198 -1.15
      vertex 52.5055 50.9221 -1.15
      vertex 52.3852 51.023 -1.15
    endloop
  endfacet
  facet normal 0 0 1
    outer loop
      vertex 51.9976 49.3198 -1.15
      vertex 52.3852 51.023 -1.15
      vertex 52.2582 51.1153 -1.15
    endloop
  endfacet
  facet normal 0 0 1
    outer loop
      vertex 51.5592 50.079 -1.15
      vertex 52.2582 51.1153 -1.15
      vertex 52.125 51.1986 -1.15
    endloop
  endfacet
  facet normal 0 0 1
    outer loop
      vertex 53.25 49.25 -1.15
      vertex 52 49.25 -1.15
      vertex 53.25 -6.25 -1.15
    endloop
  endfacet
  facet normal 0 0 1
    outer loop
      vertex 53.25 -6.25 -1.15
      vertex 52 49.25 -1.15
      vertex 52 -6.25 -1.15
    endloop
  endfacet
  facet normal -0 0 1
    outer loop
      vertex -53.25 15.25 -1.15
      vertex -52 -1.75 -1.15
      vertex -52 15.25 -1.15
    endloop
  endfacet
  facet normal 0 0 1
    outer loop
      vertex -52 -1.75 -1.15
      vertex -53.25 15.25 -1.15
      vertex -53.25 -1.75 -1.15
    endloop
  endfacet
  facet normal 0.994526 -0.104486 0
    outer loop
      vertex -53.2445 49.407 0
      vertex -53.2281 49.5631 -1.15
      vertex -53.2281 49.5631 0
    endloop
  endfacet
  facet normal 0.994526 -0.104486 0
    outer loop
      vertex -53.2281 49.5631 -1.15
      vertex -53.2445 49.407 0
      vertex -53.2445 49.407 -1.15
    endloop
  endfacet
  facet normal 0.984784 0.173785 0
    outer loop
      vertex -53.2008 -49.7178 0
      vertex -53.2281 -49.5631 -1.15
      vertex -53.2281 -49.5631 0
    endloop
  endfacet
  facet normal 0.984784 0.173785 0
    outer loop
      vertex -53.2281 -49.5631 -1.15
      vertex -53.2008 -49.7178 0
      vertex -53.2008 -49.7178 -1.15
    endloop
  endfacet
  facet normal -0.951076 -0.308956 0
    outer loop
      vertex 53.1628 49.8702 -1.15
      vertex 53.1143 50.0195 0
      vertex 53.1143 50.0195 -1.15
    endloop
  endfacet
  facet normal -0.951076 -0.308956 0
    outer loop
      vertex 53.1143 50.0195 0
      vertex 53.1628 49.8702 -1.15
      vertex 53.1628 49.8702 0
    endloop
  endfacet
  facet normal 0.86608 0.499906 0
    outer loop
      vertex -52.9081 -50.4423 0
      vertex -52.9866 -50.3063 -1.15
      vertex -52.9866 -50.3063 0
    endloop
  endfacet
  facet normal 0.86608 0.499906 0
    outer loop
      vertex -52.9866 -50.3063 -1.15
      vertex -52.9081 -50.4423 0
      vertex -52.9081 -50.4423 -1.15
    endloop
  endfacet
  facet normal 0.788082 0.61557 0
    outer loop
      vertex -52.7236 -50.6963 0
      vertex -52.8203 -50.5725 -1.15
      vertex -52.8203 -50.5725 0
    endloop
  endfacet
  facet normal 0.788082 0.61557 0
    outer loop
      vertex -52.8203 -50.5725 -1.15
      vertex -52.7236 -50.6963 0
      vertex -52.7236 -50.6963 -1.15
    endloop
  endfacet
  facet normal 0.927331 -0.374242 0
    outer loop
      vertex -53.1143 50.0195 0
      vertex -53.0555 50.1652 -1.15
      vertex -53.0555 50.1652 0
    endloop
  endfacet
  facet normal 0.927331 -0.374242 0
    outer loop
      vertex -53.0555 50.1652 -1.15
      vertex -53.1143 50.0195 0
      vertex -53.1143 50.0195 -1.15
    endloop
  endfacet
  facet normal 0.999387 -0.0350104 0
    outer loop
      vertex -53.25 49.25 0
      vertex -53.2445 49.407 -1.15
      vertex -53.2445 49.407 0
    endloop
  endfacet
  facet normal 0.999387 -0.0350104 0
    outer loop
      vertex -53.2445 49.407 -1.15
      vertex -53.25 49.25 0
      vertex -53.25 49.25 -1.15
    endloop
  endfacet
  facet normal -0.898591 0.438787 0
    outer loop
      vertex 52.9866 -50.3063 -1.15
      vertex 53.0555 -50.1652 0
      vertex 53.0555 -50.1652 -1.15
    endloop
  endfacet
  facet normal -0.898591 0.438787 0
    outer loop
      vertex 53.0555 -50.1652 0
      vertex 52.9866 -50.3063 -1.15
      vertex 52.9866 -50.3063 0
    endloop
  endfacet
  facet normal -0.86608 0.499906 0
    outer loop
      vertex 52.9081 -50.4423 -1.15
      vertex 52.9866 -50.3063 0
      vertex 52.9866 -50.3063 -1.15
    endloop
  endfacet
  facet normal -0.86608 0.499906 0
    outer loop
      vertex 52.9866 -50.3063 0
      vertex 52.9081 -50.4423 -1.15
      vertex 52.9081 -50.4423 0
    endloop
  endfacet
  facet normal 0.642624 0.766181 -0
    outer loop
      vertex -52.3852 -51.023 -1.15
      vertex -52.5055 -50.9221 0
      vertex -52.3852 -51.023 0
    endloop
  endfacet
  facet normal 0.642624 0.766181 0
    outer loop
      vertex -52.5055 -50.9221 0
      vertex -52.3852 -51.023 -1.15
      vertex -52.5055 -50.9221 -1.15
    endloop
  endfacet
  facet normal 0.8291 0.559101 0
    outer loop
      vertex -52.8203 -50.5725 0
      vertex -52.9081 -50.4423 -1.15
      vertex -52.9081 -50.4423 0
    endloop
  endfacet
  facet normal 0.8291 0.559101 0
    outer loop
      vertex -52.9081 -50.4423 -1.15
      vertex -52.8203 -50.5725 0
      vertex -52.8203 -50.5725 -1.15
    endloop
  endfacet
  facet normal 0 1 0
    outer loop
      vertex 54.5 -32.75 0
      vertex 53.25 -32.75 -1.15
      vertex 53.25 -32.75 0
    endloop
  endfacet
  facet normal 0 1 -0
    outer loop
      vertex 54.5 -32.75 -19.15
      vertex 53.25 -32.75 -1.15
      vertex 54.5 -32.75 0
    endloop
  endfacet
  facet normal 0 1 0
    outer loop
      vertex 52 -32.75 -19.15
      vertex 53.25 -32.75 -1.15
      vertex 54.5 -32.75 -19.15
    endloop
  endfacet
  facet normal 0 1 0
    outer loop
      vertex 53.25 -32.75 -1.15
      vertex 52 -32.75 -19.15
      vertex 52 -32.75 -1.15
    endloop
  endfacet
  facet normal 0 -1 0
    outer loop
      vertex 52 -6.25 -1.15
      vertex 52 -6.25 -19.15
      vertex 53.25 -6.25 -1.15
    endloop
  endfacet
  facet normal 0 -1 0
    outer loop
      vertex 53.25 -6.25 -1.15
      vertex 54.5 -6.25 0
      vertex 53.25 -6.25 0
    endloop
  endfacet
  facet normal 0 -1 0
    outer loop
      vertex 54.5 -6.25 -19.15
      vertex 53.25 -6.25 -1.15
      vertex 52 -6.25 -19.15
    endloop
  endfacet
  facet normal 0 -1 0
    outer loop
      vertex 53.25 -6.25 -1.15
      vertex 54.5 -6.25 -19.15
      vertex 54.5 -6.25 0
    endloop
  endfacet
  facet normal -0.707107 -0.707107 0
    outer loop
      vertex -52 48.129 -19.15
      vertex -50.8523 46.9813 -1.2
      vertex -52 48.129 -1.2
    endloop
  endfacet
  facet normal -0.707107 -0.707107 -0
    outer loop
      vertex -50.8523 46.9813 -1.2
      vertex -52 48.129 -19.15
      vertex -50.8523 46.9813 -19.15
    endloop
  endfacet
  facet normal 0.707107 0.707107 -0
    outer loop
      vertex -48.7301 49.1011 -19.15
      vertex -49.8784 50.2494 -1.2
      vertex -48.7301 49.1011 -1.2
    endloop
  endfacet
  facet normal 0.707107 0.707107 0
    outer loop
      vertex -49.8784 50.2494 -1.2
      vertex -48.7301 49.1011 -19.15
      vertex -49.8784 50.2494 -19.15
    endloop
  endfacet
  facet normal 0 0 1
    outer loop
      vertex -49.8784 50.2494 -1.2
      vertex -48.92 49.0001 -1.2
      vertex -48.7301 49.1011 -1.2
    endloop
  endfacet
  facet normal 0 0 1
    outer loop
      vertex -49.8784 50.2494 -1.2
      vertex -49.216 48.8152 -1.2
      vertex -48.92 49.0001 -1.2
    endloop
  endfacet
  facet normal 0 0 1
    outer loop
      vertex -49.8784 50.2494 -1.2
      vertex -49.4983 48.6101 -1.2
      vertex -49.216 48.8152 -1.2
    endloop
  endfacet
  facet normal 0 0 1
    outer loop
      vertex -49.8784 50.2494 -1.2
      vertex -49.7657 48.3857 -1.2
      vertex -49.4983 48.6101 -1.2
    endloop
  endfacet
  facet normal -0 0 1
    outer loop
      vertex -51.0349 50.2494 -1.2
      vertex -49.7657 48.3857 -1.2
      vertex -49.8784 50.2494 -1.2
    endloop
  endfacet
  facet normal 0 0 1
    outer loop
      vertex -49.7657 48.3857 -1.2
      vertex -51.0349 50.2494 -1.2
      vertex -50.0167 48.1433 -1.2
    endloop
  endfacet
  facet normal -0 0 1
    outer loop
      vertex -52 49.25 -1.2
      vertex -50.0167 48.1433 -1.2
      vertex -51.0349 50.2494 -1.2
    endloop
  endfacet
  facet normal 0 0 1
    outer loop
      vertex -50.0167 48.1433 -1.2
      vertex -52 49.25 -1.2
      vertex -50.2502 47.8839 -1.2
    endloop
  endfacet
  facet normal -0 0 1
    outer loop
      vertex -52 48.129 -1.2
      vertex -50.2502 47.8839 -1.2
      vertex -52 49.25 -1.2
    endloop
  endfacet
  facet normal 0 0 1
    outer loop
      vertex -50.6602 47.3196 -1.2
      vertex -52 48.129 -1.2
      vertex -50.8347 47.0174 -1.2
    endloop
  endfacet
  facet normal 0 0 1
    outer loop
      vertex -50.2502 47.8839 -1.2
      vertex -52 48.129 -1.2
      vertex -50.4651 47.6089 -1.2
    endloop
  endfacet
  facet normal 0 0 1
    outer loop
      vertex -52 49.25 -1.2
      vertex -51.0349 50.2494 -1.2
      vertex -51.1045 50.2445 -1.2
    endloop
  endfacet
  facet normal 0 0 1
    outer loop
      vertex -52 49.25 -1.2
      vertex -51.1045 50.2445 -1.2
      vertex -51.1736 50.2348 -1.2
    endloop
  endfacet
  facet normal 0 0 1
    outer loop
      vertex -52 49.25 -1.2
      vertex -51.1736 50.2348 -1.2
      vertex -51.2419 50.2203 -1.2
    endloop
  endfacet
  facet normal 0 0 1
    outer loop
      vertex -52 49.25 -1.2
      vertex -51.2419 50.2203 -1.2
      vertex -51.309 50.2011 -1.2
    endloop
  endfacet
  facet normal 0 0 1
    outer loop
      vertex -52 49.25 -1.2
      vertex -51.309 50.2011 -1.2
      vertex -51.3746 50.1772 -1.2
    endloop
  endfacet
  facet normal 0 0 1
    outer loop
      vertex -52 49.25 -1.2
      vertex -51.3746 50.1772 -1.2
      vertex -51.4384 50.1488 -1.2
    endloop
  endfacet
  facet normal 0 0 1
    outer loop
      vertex -52 49.25 -1.2
      vertex -51.4384 50.1488 -1.2
      vertex -51.5 50.116 -1.2
    endloop
  endfacet
  facet normal 0 0 1
    outer loop
      vertex -52 49.25 -1.2
      vertex -51.5 50.116 -1.2
      vertex -51.5592 50.079 -1.2
    endloop
  endfacet
  facet normal 0 0 1
    outer loop
      vertex -52 49.25 -1.2
      vertex -51.5592 50.079 -1.2
      vertex -51.6157 50.038 -1.2
    endloop
  endfacet
  facet normal 0 0 1
    outer loop
      vertex -52 49.25 -1.2
      vertex -51.6157 50.038 -1.2
      vertex -51.6691 49.9931 -1.2
    endloop
  endfacet
  facet normal 0 0 1
    outer loop
      vertex -52 49.25 -1.2
      vertex -51.6691 49.9931 -1.2
      vertex -51.7193 49.9447 -1.2
    endloop
  endfacet
  facet normal 0 0 1
    outer loop
      vertex -52 49.25 -1.2
      vertex -51.7193 49.9447 -1.2
      vertex -51.766 49.8928 -1.2
    endloop
  endfacet
  facet normal 0 0 1
    outer loop
      vertex -52 49.25 -1.2
      vertex -51.766 49.8928 -1.2
      vertex -51.809 49.8378 -1.2
    endloop
  endfacet
  facet normal 0 0 1
    outer loop
      vertex -52 49.25 -1.2
      vertex -51.809 49.8378 -1.2
      vertex -51.848 49.7799 -1.2
    endloop
  endfacet
  facet normal 0 0 1
    outer loop
      vertex -52 49.25 -1.2
      vertex -51.848 49.7799 -1.2
      vertex -51.8829 49.7195 -1.2
    endloop
  endfacet
  facet normal 0 0 1
    outer loop
      vertex -52 49.25 -1.2
      vertex -51.8829 49.7195 -1.2
      vertex -51.9135 49.6567 -1.2
    endloop
  endfacet
  facet normal 0 0 1
    outer loop
      vertex -52 49.25 -1.2
      vertex -51.9135 49.6567 -1.2
      vertex -51.9397 49.592 -1.2
    endloop
  endfacet
  facet normal 0 0 1
    outer loop
      vertex -52 49.25 -1.2
      vertex -51.9397 49.592 -1.2
      vertex -51.9613 49.5256 -1.2
    endloop
  endfacet
  facet normal 0 0 1
    outer loop
      vertex -52 49.25 -1.2
      vertex -51.9613 49.5256 -1.2
      vertex -51.9781 49.4579 -1.2
    endloop
  endfacet
  facet normal 0 0 1
    outer loop
      vertex -52 49.25 -1.2
      vertex -51.9781 49.4579 -1.2
      vertex -51.9903 49.3892 -1.2
    endloop
  endfacet
  facet normal 0 0 1
    outer loop
      vertex -52 49.25 -1.2
      vertex -51.9903 49.3892 -1.2
      vertex -51.9976 49.3198 -1.2
    endloop
  endfacet
  facet normal 0 0 1
    outer loop
      vertex -50.4651 47.6089 -1.2
      vertex -52 48.129 -1.2
      vertex -50.6602 47.3196 -1.2
    endloop
  endfacet
  facet normal 0 0 1
    outer loop
      vertex -50.8347 47.0174 -1.2
      vertex -52 48.129 -1.2
      vertex -50.8523 46.9813 -1.2
    endloop
  endfacet
  facet normal 0.707107 -0.707107 0
    outer loop
      vertex 50.8523 46.9813 -19.15
      vertex 52 48.129 -1.2
      vertex 50.8523 46.9813 -1.2
    endloop
  endfacet
  facet normal 0.707107 -0.707107 0
    outer loop
      vertex 52 48.129 -1.2
      vertex 50.8523 46.9813 -19.15
      vertex 52 48.129 -19.15
    endloop
  endfacet
  facet normal -0.707107 0.707107 0
    outer loop
      vertex 49.8784 50.2494 -19.15
      vertex 48.7301 49.1011 -1.2
      vertex 49.8784 50.2494 -1.2
    endloop
  endfacet
  facet normal -0.707107 0.707107 0
    outer loop
      vertex 48.7301 49.1011 -1.2
      vertex 49.8784 50.2494 -19.15
      vertex 48.7301 49.1011 -19.15
    endloop
  endfacet
  facet normal 0 0 1
    outer loop
      vertex 51.0349 50.2494 -1.2
      vertex 52 49.25 -1.2
      vertex 51.9976 49.3198 -1.2
    endloop
  endfacet
  facet normal 0 0 1
    outer loop
      vertex 51.0349 50.2494 -1.2
      vertex 51.9976 49.3198 -1.2
      vertex 51.9903 49.3892 -1.2
    endloop
  endfacet
  facet normal 0 0 1
    outer loop
      vertex 51.0349 50.2494 -1.2
      vertex 51.9903 49.3892 -1.2
      vertex 51.9781 49.4579 -1.2
    endloop
  endfacet
  facet normal 0 0 1
    outer loop
      vertex 51.0349 50.2494 -1.2
      vertex 51.9781 49.4579 -1.2
      vertex 51.9613 49.5256 -1.2
    endloop
  endfacet
  facet normal 0 0 1
    outer loop
      vertex 51.0349 50.2494 -1.2
      vertex 51.9613 49.5256 -1.2
      vertex 51.9397 49.592 -1.2
    endloop
  endfacet
  facet normal 0 0 1
    outer loop
      vertex 51.0349 50.2494 -1.2
      vertex 51.9397 49.592 -1.2
      vertex 51.9135 49.6567 -1.2
    endloop
  endfacet
  facet normal 0 0 1
    outer loop
      vertex 51.0349 50.2494 -1.2
      vertex 51.9135 49.6567 -1.2
      vertex 51.8829 49.7195 -1.2
    endloop
  endfacet
  facet normal 0 0 1
    outer loop
      vertex 51.0349 50.2494 -1.2
      vertex 51.8829 49.7195 -1.2
      vertex 51.848 49.7799 -1.2
    endloop
  endfacet
  facet normal 0 0 1
    outer loop
      vertex 51.0349 50.2494 -1.2
      vertex 51.848 49.7799 -1.2
      vertex 51.809 49.8378 -1.2
    endloop
  endfacet
  facet normal 0 0 1
    outer loop
      vertex 51.0349 50.2494 -1.2
      vertex 51.809 49.8378 -1.2
      vertex 51.766 49.8928 -1.2
    endloop
  endfacet
  facet normal 0 0 1
    outer loop
      vertex 51.0349 50.2494 -1.2
      vertex 51.766 49.8928 -1.2
      vertex 51.7193 49.9447 -1.2
    endloop
  endfacet
  facet normal 0 0 1
    outer loop
      vertex 51.0349 50.2494 -1.2
      vertex 51.7193 49.9447 -1.2
      vertex 51.6691 49.9931 -1.2
    endloop
  endfacet
  facet normal 0 0 1
    outer loop
      vertex 51.0349 50.2494 -1.2
      vertex 51.6691 49.9931 -1.2
      vertex 51.6157 50.038 -1.2
    endloop
  endfacet
  facet normal 0 0 1
    outer loop
      vertex 51.0349 50.2494 -1.2
      vertex 51.6157 50.038 -1.2
      vertex 51.5592 50.079 -1.2
    endloop
  endfacet
  facet normal 0 0 1
    outer loop
      vertex 51.0349 50.2494 -1.2
      vertex 51.5592 50.079 -1.2
      vertex 51.5 50.116 -1.2
    endloop
  endfacet
  facet normal 0 0 1
    outer loop
      vertex 51.0349 50.2494 -1.2
      vertex 51.5 50.116 -1.2
      vertex 51.4384 50.1488 -1.2
    endloop
  endfacet
  facet normal 0 0 1
    outer loop
      vertex 51.0349 50.2494 -1.2
      vertex 51.4384 50.1488 -1.2
      vertex 51.3746 50.1772 -1.2
    endloop
  endfacet
  facet normal 0 0 1
    outer loop
      vertex 51.0349 50.2494 -1.2
      vertex 51.3746 50.1772 -1.2
      vertex 51.309 50.2011 -1.2
    endloop
  endfacet
  facet normal 0 0 1
    outer loop
      vertex 51.0349 50.2494 -1.2
      vertex 51.309 50.2011 -1.2
      vertex 51.2419 50.2203 -1.2
    endloop
  endfacet
  facet normal 0 0 1
    outer loop
      vertex 51.0349 50.2494 -1.2
      vertex 51.2419 50.2203 -1.2
      vertex 51.1736 50.2348 -1.2
    endloop
  endfacet
  facet normal 0 0 1
    outer loop
      vertex 51.0349 50.2494 -1.2
      vertex 51.1736 50.2348 -1.2
      vertex 51.1045 50.2445 -1.2
    endloop
  endfacet
  facet normal 0 0 1
    outer loop
      vertex 52 49.25 -1.2
      vertex 51.0349 50.2494 -1.2
      vertex 50.0167 48.1433 -1.2
    endloop
  endfacet
  facet normal 0 0 1
    outer loop
      vertex 52 49.25 -1.2
      vertex 50.0167 48.1433 -1.2
      vertex 50.2502 47.8839 -1.2
    endloop
  endfacet
  facet normal 0 0 1
    outer loop
      vertex 52 48.129 -1.2
      vertex 50.8347 47.0174 -1.2
      vertex 50.8523 46.9813 -1.2
    endloop
  endfacet
  facet normal 0 0 1
    outer loop
      vertex 52 48.129 -1.2
      vertex 50.6602 47.3196 -1.2
      vertex 50.8347 47.0174 -1.2
    endloop
  endfacet
  facet normal 0 0 1
    outer loop
      vertex 52 48.129 -1.2
      vertex 50.4651 47.6089 -1.2
      vertex 50.6602 47.3196 -1.2
    endloop
  endfacet
  facet normal 0 0 1
    outer loop
      vertex 52 48.129 -1.2
      vertex 50.2502 47.8839 -1.2
      vertex 50.4651 47.6089 -1.2
    endloop
  endfacet
  facet normal 0 0 1
    outer loop
      vertex 52 49.25 -1.2
      vertex 50.2502 47.8839 -1.2
      vertex 52 48.129 -1.2
    endloop
  endfacet
  facet normal 0 0 1
    outer loop
      vertex 49.7657 48.3857 -1.2
      vertex 51.0349 50.2494 -1.2
      vertex 49.8784 50.2494 -1.2
    endloop
  endfacet
  facet normal 0 0 1
    outer loop
      vertex 51.0349 50.2494 -1.2
      vertex 49.7657 48.3857 -1.2
      vertex 50.0167 48.1433 -1.2
    endloop
  endfacet
  facet normal 0 0 1
    outer loop
      vertex 49.8784 50.2494 -1.2
      vertex 49.4983 48.6101 -1.2
      vertex 49.7657 48.3857 -1.2
    endloop
  endfacet
  facet normal 0 0 1
    outer loop
      vertex 49.8784 50.2494 -1.2
      vertex 49.216 48.8152 -1.2
      vertex 49.4983 48.6101 -1.2
    endloop
  endfacet
  facet normal 0 0 1
    outer loop
      vertex 49.8784 50.2494 -1.2
      vertex 48.92 49.0001 -1.2
      vertex 49.216 48.8152 -1.2
    endloop
  endfacet
  facet normal 0 -0 1
    outer loop
      vertex 48.92 49.0001 -1.2
      vertex 49.8784 50.2494 -1.2
      vertex 48.7301 49.1011 -1.2
    endloop
  endfacet
  facet normal 0.707107 -0.707107 0
    outer loop
      vertex -49.8784 -50.2494 -19.15
      vertex -48.7301 -49.1011 -1.2
      vertex -49.8784 -50.2494 -1.2
    endloop
  endfacet
  facet normal 0.707107 -0.707107 0
    outer loop
      vertex -48.7301 -49.1011 -1.2
      vertex -49.8784 -50.2494 -19.15
      vertex -48.7301 -49.1011 -19.15
    endloop
  endfacet
  facet normal -0.707107 0.707107 0
    outer loop
      vertex -50.8523 -46.9813 -19.15
      vertex -52 -48.129 -1.2
      vertex -50.8523 -46.9813 -1.2
    endloop
  endfacet
  facet normal -0.707107 0.707107 0
    outer loop
      vertex -52 -48.129 -1.2
      vertex -50.8523 -46.9813 -19.15
      vertex -52 -48.129 -19.15
    endloop
  endfacet
  facet normal 0 0 1
    outer loop
      vertex -48.92 -49.0001 -1.2
      vertex -49.8784 -50.2494 -1.2
      vertex -48.7301 -49.1011 -1.2
    endloop
  endfacet
  facet normal 0 0 1
    outer loop
      vertex -49.216 -48.8152 -1.2
      vertex -49.8784 -50.2494 -1.2
      vertex -48.92 -49.0001 -1.2
    endloop
  endfacet
  facet normal 0 0 1
    outer loop
      vertex -49.4983 -48.6101 -1.2
      vertex -49.8784 -50.2494 -1.2
      vertex -49.216 -48.8152 -1.2
    endloop
  endfacet
  facet normal 0 0 1
    outer loop
      vertex -49.7657 -48.3857 -1.2
      vertex -49.8784 -50.2494 -1.2
      vertex -49.4983 -48.6101 -1.2
    endloop
  endfacet
  facet normal 0 0 1
    outer loop
      vertex -51.0349 -50.2494 -1.2
      vertex -49.7657 -48.3857 -1.2
      vertex -50.0167 -48.1433 -1.2
    endloop
  endfacet
  facet normal 0 0 1
    outer loop
      vertex -52 -49.25 -1.2
      vertex -50.0167 -48.1433 -1.2
      vertex -50.2502 -47.8839 -1.2
    endloop
  endfacet
  facet normal 0 0 1
    outer loop
      vertex -52 -48.129 -1.2
      vertex -50.2502 -47.8839 -1.2
      vertex -50.4651 -47.6089 -1.2
    endloop
  endfacet
  facet normal 0 0 1
    outer loop
      vertex -52 -48.129 -1.2
      vertex -50.4651 -47.6089 -1.2
      vertex -50.6602 -47.3196 -1.2
    endloop
  endfacet
  facet normal 0 0 1
    outer loop
      vertex -52 -48.129 -1.2
      vertex -50.6602 -47.3196 -1.2
      vertex -50.8347 -47.0174 -1.2
    endloop
  endfacet
  facet normal 0 0 1
    outer loop
      vertex -52 -48.129 -1.2
      vertex -50.8347 -47.0174 -1.2
      vertex -50.8523 -46.9813 -1.2
    endloop
  endfacet
  facet normal 0 0 1
    outer loop
      vertex -50.2502 -47.8839 -1.2
      vertex -52 -48.129 -1.2
      vertex -52 -49.25 -1.2
    endloop
  endfacet
  facet normal 0 0 1
    outer loop
      vertex -50.0167 -48.1433 -1.2
      vertex -52 -49.25 -1.2
      vertex -51.0349 -50.2494 -1.2
    endloop
  endfacet
  facet normal 0 0 1
    outer loop
      vertex -49.7657 -48.3857 -1.2
      vertex -51.0349 -50.2494 -1.2
      vertex -49.8784 -50.2494 -1.2
    endloop
  endfacet
  facet normal 0 0 1
    outer loop
      vertex -51.0349 -50.2494 -1.2
      vertex -52 -49.25 -1.2
      vertex -51.1045 -50.2445 -1.2
    endloop
  endfacet
  facet normal 0 0 1
    outer loop
      vertex -51.1736 -50.2348 -1.2
      vertex -52 -49.25 -1.2
      vertex -51.2419 -50.2203 -1.2
    endloop
  endfacet
  facet normal 0 0 1
    outer loop
      vertex -51.2419 -50.2203 -1.2
      vertex -52 -49.25 -1.2
      vertex -51.309 -50.2011 -1.2
    endloop
  endfacet
  facet normal 0 0 1
    outer loop
      vertex -51.309 -50.2011 -1.2
      vertex -52 -49.25 -1.2
      vertex -51.3746 -50.1772 -1.2
    endloop
  endfacet
  facet normal 0 0 1
    outer loop
      vertex -51.3746 -50.1772 -1.2
      vertex -52 -49.25 -1.2
      vertex -51.4384 -50.1488 -1.2
    endloop
  endfacet
  facet normal 0 0 1
    outer loop
      vertex -51.4384 -50.1488 -1.2
      vertex -52 -49.25 -1.2
      vertex -51.5 -50.116 -1.2
    endloop
  endfacet
  facet normal 0 0 1
    outer loop
      vertex -51.5 -50.116 -1.2
      vertex -52 -49.25 -1.2
      vertex -51.5592 -50.079 -1.2
    endloop
  endfacet
  facet normal 0 0 1
    outer loop
      vertex -51.5592 -50.079 -1.2
      vertex -52 -49.25 -1.2
      vertex -51.6157 -50.038 -1.2
    endloop
  endfacet
  facet normal 0 0 1
    outer loop
      vertex -51.6157 -50.038 -1.2
      vertex -52 -49.25 -1.2
      vertex -51.6691 -49.9931 -1.2
    endloop
  endfacet
  facet normal 0 0 1
    outer loop
      vertex -51.6691 -49.9931 -1.2
      vertex -52 -49.25 -1.2
      vertex -51.7193 -49.9447 -1.2
    endloop
  endfacet
  facet normal 0 0 1
    outer loop
      vertex -51.7193 -49.9447 -1.2
      vertex -52 -49.25 -1.2
      vertex -51.766 -49.8928 -1.2
    endloop
  endfacet
  facet normal 0 0 1
    outer loop
      vertex -51.766 -49.8928 -1.2
      vertex -52 -49.25 -1.2
      vertex -51.809 -49.8378 -1.2
    endloop
  endfacet
  facet normal 0 0 1
    outer loop
      vertex -51.809 -49.8378 -1.2
      vertex -52 -49.25 -1.2
      vertex -51.848 -49.7799 -1.2
    endloop
  endfacet
  facet normal 0 0 1
    outer loop
      vertex -51.848 -49.7799 -1.2
      vertex -52 -49.25 -1.2
      vertex -51.8829 -49.7195 -1.2
    endloop
  endfacet
  facet normal 0 0 1
    outer loop
      vertex -51.8829 -49.7195 -1.2
      vertex -52 -49.25 -1.2
      vertex -51.9135 -49.6567 -1.2
    endloop
  endfacet
  facet normal 0 0 1
    outer loop
      vertex -51.9135 -49.6567 -1.2
      vertex -52 -49.25 -1.2
      vertex -51.9397 -49.592 -1.2
    endloop
  endfacet
  facet normal 0 0 1
    outer loop
      vertex -51.9397 -49.592 -1.2
      vertex -52 -49.25 -1.2
      vertex -51.9613 -49.5256 -1.2
    endloop
  endfacet
  facet normal 0 0 1
    outer loop
      vertex -51.9613 -49.5256 -1.2
      vertex -52 -49.25 -1.2
      vertex -51.9781 -49.4579 -1.2
    endloop
  endfacet
  facet normal 0 0 1
    outer loop
      vertex -51.9781 -49.4579 -1.2
      vertex -52 -49.25 -1.2
      vertex -51.9903 -49.3892 -1.2
    endloop
  endfacet
  facet normal 0 0 1
    outer loop
      vertex -51.1045 -50.2445 -1.2
      vertex -52 -49.25 -1.2
      vertex -51.1736 -50.2348 -1.2
    endloop
  endfacet
  facet normal 0 0 1
    outer loop
      vertex -51.9903 -49.3892 -1.2
      vertex -52 -49.25 -1.2
      vertex -51.9976 -49.3198 -1.2
    endloop
  endfacet
  facet normal 0.707107 0.707107 -0
    outer loop
      vertex 52 -48.129 -19.15
      vertex 50.8523 -46.9813 -1.2
      vertex 52 -48.129 -1.2
    endloop
  endfacet
  facet normal 0.707107 0.707107 0
    outer loop
      vertex 50.8523 -46.9813 -1.2
      vertex 52 -48.129 -19.15
      vertex 50.8523 -46.9813 -19.15
    endloop
  endfacet
  facet normal -0.707107 -0.707107 0
    outer loop
      vertex 48.7301 -49.1011 -19.15
      vertex 49.8784 -50.2494 -1.2
      vertex 48.7301 -49.1011 -1.2
    endloop
  endfacet
  facet normal -0.707107 -0.707107 -0
    outer loop
      vertex 49.8784 -50.2494 -1.2
      vertex 48.7301 -49.1011 -19.15
      vertex 49.8784 -50.2494 -19.15
    endloop
  endfacet
  facet normal 0 0 1
    outer loop
      vertex 50.2502 -47.8839 -1.2
      vertex 52 -49.25 -1.2
      vertex 52 -48.129 -1.2
    endloop
  endfacet
  facet normal -0 0 1
    outer loop
      vertex 50.0167 -48.1433 -1.2
      vertex 52 -49.25 -1.2
      vertex 50.2502 -47.8839 -1.2
    endloop
  endfacet
  facet normal 0 -0 1
    outer loop
      vertex 51.0349 -50.2494 -1.2
      vertex 52 -49.25 -1.2
      vertex 50.0167 -48.1433 -1.2
    endloop
  endfacet
  facet normal 0 0 1
    outer loop
      vertex 52 -49.25 -1.2
      vertex 51.0349 -50.2494 -1.2
      vertex 51.9976 -49.3198 -1.2
    endloop
  endfacet
  facet normal 0 0 1
    outer loop
      vertex 51.9903 -49.3892 -1.2
      vertex 51.0349 -50.2494 -1.2
      vertex 51.9781 -49.4579 -1.2
    endloop
  endfacet
  facet normal 0 0 1
    outer loop
      vertex 51.9781 -49.4579 -1.2
      vertex 51.0349 -50.2494 -1.2
      vertex 51.9613 -49.5256 -1.2
    endloop
  endfacet
  facet normal 0 0 1
    outer loop
      vertex 51.9613 -49.5256 -1.2
      vertex 51.0349 -50.2494 -1.2
      vertex 51.9397 -49.592 -1.2
    endloop
  endfacet
  facet normal 0 0 1
    outer loop
      vertex 51.9397 -49.592 -1.2
      vertex 51.0349 -50.2494 -1.2
      vertex 51.9135 -49.6567 -1.2
    endloop
  endfacet
  facet normal 0 0 1
    outer loop
      vertex 51.9135 -49.6567 -1.2
      vertex 51.0349 -50.2494 -1.2
      vertex 51.8829 -49.7195 -1.2
    endloop
  endfacet
  facet normal 0 0 1
    outer loop
      vertex 51.8829 -49.7195 -1.2
      vertex 51.0349 -50.2494 -1.2
      vertex 51.848 -49.7799 -1.2
    endloop
  endfacet
  facet normal 0 0 1
    outer loop
      vertex 51.848 -49.7799 -1.2
      vertex 51.0349 -50.2494 -1.2
      vertex 51.809 -49.8378 -1.2
    endloop
  endfacet
  facet normal 0 0 1
    outer loop
      vertex 51.809 -49.8378 -1.2
      vertex 51.0349 -50.2494 -1.2
      vertex 51.766 -49.8928 -1.2
    endloop
  endfacet
  facet normal 0 0 1
    outer loop
      vertex 51.766 -49.8928 -1.2
      vertex 51.0349 -50.2494 -1.2
      vertex 51.7193 -49.9447 -1.2
    endloop
  endfacet
  facet normal 0 0 1
    outer loop
      vertex 51.7193 -49.9447 -1.2
      vertex 51.0349 -50.2494 -1.2
      vertex 51.6691 -49.9931 -1.2
    endloop
  endfacet
  facet normal 0 0 1
    outer loop
      vertex 51.6691 -49.9931 -1.2
      vertex 51.0349 -50.2494 -1.2
      vertex 51.6157 -50.038 -1.2
    endloop
  endfacet
  facet normal 0 0 1
    outer loop
      vertex 51.6157 -50.038 -1.2
      vertex 51.0349 -50.2494 -1.2
      vertex 51.5592 -50.079 -1.2
    endloop
  endfacet
  facet normal 0 0 1
    outer loop
      vertex 51.5592 -50.079 -1.2
      vertex 51.0349 -50.2494 -1.2
      vertex 51.5 -50.116 -1.2
    endloop
  endfacet
  facet normal 0 0 1
    outer loop
      vertex 51.5 -50.116 -1.2
      vertex 51.0349 -50.2494 -1.2
      vertex 51.4384 -50.1488 -1.2
    endloop
  endfacet
  facet normal 0 0 1
    outer loop
      vertex 51.4384 -50.1488 -1.2
      vertex 51.0349 -50.2494 -1.2
      vertex 51.3746 -50.1772 -1.2
    endloop
  endfacet
  facet normal 0 0 1
    outer loop
      vertex 51.3746 -50.1772 -1.2
      vertex 51.0349 -50.2494 -1.2
      vertex 51.309 -50.2011 -1.2
    endloop
  endfacet
  facet normal 0 0 1
    outer loop
      vertex 51.309 -50.2011 -1.2
      vertex 51.0349 -50.2494 -1.2
      vertex 51.2419 -50.2203 -1.2
    endloop
  endfacet
  facet normal 0 0 1
    outer loop
      vertex 51.2419 -50.2203 -1.2
      vertex 51.0349 -50.2494 -1.2
      vertex 51.1736 -50.2348 -1.2
    endloop
  endfacet
  facet normal -0 0 1
    outer loop
      vertex 50.8347 -47.0174 -1.2
      vertex 52 -48.129 -1.2
      vertex 50.8523 -46.9813 -1.2
    endloop
  endfacet
  facet normal -0 0 1
    outer loop
      vertex 50.6602 -47.3196 -1.2
      vertex 52 -48.129 -1.2
      vertex 50.8347 -47.0174 -1.2
    endloop
  endfacet
  facet normal -0 0 1
    outer loop
      vertex 50.4651 -47.6089 -1.2
      vertex 52 -48.129 -1.2
      vertex 50.6602 -47.3196 -1.2
    endloop
  endfacet
  facet normal -0 0 1
    outer loop
      vertex 50.2502 -47.8839 -1.2
      vertex 52 -48.129 -1.2
      vertex 50.4651 -47.6089 -1.2
    endloop
  endfacet
  facet normal 0 0 1
    outer loop
      vertex 51.9976 -49.3198 -1.2
      vertex 51.0349 -50.2494 -1.2
      vertex 51.9903 -49.3892 -1.2
    endloop
  endfacet
  facet normal 0 0 1
    outer loop
      vertex 51.1736 -50.2348 -1.2
      vertex 51.0349 -50.2494 -1.2
      vertex 51.1045 -50.2445 -1.2
    endloop
  endfacet
  facet normal -0 0 1
    outer loop
      vertex 49.7657 -48.3857 -1.2
      vertex 51.0349 -50.2494 -1.2
      vertex 50.0167 -48.1433 -1.2
    endloop
  endfacet
  facet normal 0 0 1
    outer loop
      vertex 51.0349 -50.2494 -1.2
      vertex 49.7657 -48.3857 -1.2
      vertex 49.8784 -50.2494 -1.2
    endloop
  endfacet
  facet normal -0 0 1
    outer loop
      vertex 49.4983 -48.6101 -1.2
      vertex 49.8784 -50.2494 -1.2
      vertex 49.7657 -48.3857 -1.2
    endloop
  endfacet
  facet normal -0 0 1
    outer loop
      vertex 49.216 -48.8152 -1.2
      vertex 49.8784 -50.2494 -1.2
      vertex 49.4983 -48.6101 -1.2
    endloop
  endfacet
  facet normal -0 0 1
    outer loop
      vertex 48.92 -49.0001 -1.2
      vertex 49.8784 -50.2494 -1.2
      vertex 49.216 -48.8152 -1.2
    endloop
  endfacet
  facet normal 0 0 1
    outer loop
      vertex 49.8784 -50.2494 -1.2
      vertex 48.92 -49.0001 -1.2
      vertex 48.7301 -49.1011 -1.2
    endloop
  endfacet
  facet normal 0.994516 -0.10458 0
    outer loop
      vertex -41.4687 43.9741 12.4
      vertex -41.4322 44.3212 -19.15
      vertex -41.4322 44.3212 12.4
    endloop
  endfacet
  facet normal 0.994516 -0.10458 0
    outer loop
      vertex -41.4322 44.3212 -19.15
      vertex -41.4687 43.9741 12.4
      vertex -41.4687 43.9741 -19.15
    endloop
  endfacet
  facet normal 0.999389 -0.0349557 0
    outer loop
      vertex -41.4322 44.3212 12.4
      vertex -41.42 44.67 -19.15
      vertex -41.42 44.67 12.4
    endloop
  endfacet
  facet normal 0.999389 -0.0349557 0
    outer loop
      vertex -41.42 44.67 -19.15
      vertex -41.4322 44.3212 12.4
      vertex -41.4322 44.3212 -19.15
    endloop
  endfacet
  facet normal 0.98481 -0.173638 0
    outer loop
      vertex -41.5293 43.6304 12.4
      vertex -41.4687 43.9741 -19.15
      vertex -41.4687 43.9741 12.4
    endloop
  endfacet
  facet normal 0.98481 -0.173638 0
    outer loop
      vertex -41.4687 43.9741 -19.15
      vertex -41.5293 43.6304 12.4
      vertex -41.5293 43.6304 -19.15
    endloop
  endfacet
  facet normal 0.787946 -0.615744 0
    outer loop
      vertex -42.5898 41.4561 12.4
      vertex -42.3749 41.7311 -19.15
      vertex -42.3749 41.7311 12.4
    endloop
  endfacet
  facet normal 0.787946 -0.615744 0
    outer loop
      vertex -42.3749 41.7311 -19.15
      vertex -42.5898 41.4561 12.4
      vertex -42.5898 41.4561 -19.15
    endloop
  endfacet
  facet normal 0.139255 0.990257 -0
    outer loop
      vertex -45.5518 49.594 -19.15
      vertex -45.8974 49.6426 12.4
      vertex -45.5518 49.594 12.4
    endloop
  endfacet
  facet normal 0.139255 0.990257 0
    outer loop
      vertex -45.8974 49.6426 12.4
      vertex -45.5518 49.594 -19.15
      vertex -45.8974 49.6426 -19.15
    endloop
  endfacet
  facet normal 0.642829 0.76601 -0
    outer loop
      vertex -43.0743 48.3857 -19.15
      vertex -43.3417 48.6101 12.4
      vertex -43.0743 48.3857 12.4
    endloop
  endfacet
  facet normal 0.642829 0.76601 0
    outer loop
      vertex -43.3417 48.6101 12.4
      vertex -43.0743 48.3857 -19.15
      vertex -43.3417 48.6101 -19.15
    endloop
  endfacet
  facet normal 0.58778 0.809021 -0
    outer loop
      vertex -43.3417 48.6101 -19.15
      vertex -43.624 48.8152 12.4
      vertex -43.3417 48.6101 12.4
    endloop
  endfacet
  facet normal 0.58778 0.809021 0
    outer loop
      vertex -43.624 48.8152 12.4
      vertex -43.3417 48.6101 -19.15
      vertex -43.624 48.8152 -19.15
    endloop
  endfacet
  facet normal 0.0699232 -0.997552 0
    outer loop
      vertex -46.2455 39.673 -19.15
      vertex -45.8974 39.6974 12.4
      vertex -46.2455 39.673 12.4
    endloop
  endfacet
  facet normal 0.0699232 -0.997552 0
    outer loop
      vertex -45.8974 39.6974 12.4
      vertex -46.2455 39.673 -19.15
      vertex -45.8974 39.6974 -19.15
    endloop
  endfacet
  facet normal 0.970311 -0.241861 0
    outer loop
      vertex -41.6137 43.2918 12.4
      vertex -41.5293 43.6304 -19.15
      vertex -41.5293 43.6304 12.4
    endloop
  endfacet
  facet normal 0.970311 -0.241861 0
    outer loop
      vertex -41.5293 43.6304 -19.15
      vertex -41.6137 43.2918 12.4
      vertex -41.6137 43.2918 -19.15
    endloop
  endfacet
  facet normal -0.529793 0.848127 0
    outer loop
      vertex -48.92 49.0001 -1.2
      vertex -49.216 48.8152 12.4
      vertex -48.92 49.0001 12.4
    endloop
  endfacet
  facet normal -0.529793 0.848127 0
    outer loop
      vertex -49.216 48.8152 12.4
      vertex -48.92 49.0001 -1.2
      vertex -49.216 48.8152 -1.2
    endloop
  endfacet
  facet normal 0.469651 -0.882852 0
    outer loop
      vertex -44.2281 40.176 -19.15
      vertex -43.92 40.3399 12.4
      vertex -44.2281 40.176 12.4
    endloop
  endfacet
  facet normal 0.469651 -0.882852 0
    outer loop
      vertex -43.92 40.3399 12.4
      vertex -44.2281 40.176 -19.15
      vertex -43.92 40.3399 -19.15
    endloop
  endfacet
  facet normal -0.898787 0.438385 0
    outer loop
      vertex -50.8523 46.9813 -19.15
      vertex -50.9877 46.7037 -19.15
      vertex -50.8523 46.9813 -1.2
    endloop
  endfacet
  facet normal -0.898864 0.438227 0
    outer loop
      vertex -50.8523 46.9813 -1.2
      vertex -50.8347 47.0174 12.4
      vertex -50.8347 47.0174 -1.2
    endloop
  endfacet
  facet normal -0.898787 0.438385 0
    outer loop
      vertex -50.9877 46.7037 12.4
      vertex -50.8523 46.9813 -1.2
      vertex -50.9877 46.7037 -19.15
    endloop
  endfacet
  facet normal -0.898796 0.438367 -4.59266e-07
    outer loop
      vertex -50.8523 46.9813 -1.2
      vertex -50.9877 46.7037 12.4
      vertex -50.8347 47.0174 12.4
    endloop
  endfacet
  facet normal -0.865995 0.500053 0
    outer loop
      vertex -50.8347 47.0174 -1.2
      vertex -50.6602 47.3196 12.4
      vertex -50.6602 47.3196 -1.2
    endloop
  endfacet
  facet normal -0.865995 0.500053 0
    outer loop
      vertex -50.6602 47.3196 12.4
      vertex -50.8347 47.0174 -1.2
      vertex -50.8347 47.0174 12.4
    endloop
  endfacet
  facet normal -0.787946 0.615744 0
    outer loop
      vertex -50.4651 47.6089 -1.2
      vertex -50.2502 47.8839 12.4
      vertex -50.2502 47.8839 -1.2
    endloop
  endfacet
  facet normal -0.787946 0.615744 0
    outer loop
      vertex -50.2502 47.8839 12.4
      vertex -50.4651 47.6089 -1.2
      vertex -50.4651 47.6089 12.4
    endloop
  endfacet
  facet normal 0.58778 -0.809021 0
    outer loop
      vertex -43.624 40.5248 -19.15
      vertex -43.3417 40.7299 12.4
      vertex -43.624 40.5248 12.4
    endloop
  endfacet
  facet normal 0.58778 -0.809021 0
    outer loop
      vertex -43.3417 40.7299 12.4
      vertex -43.624 40.5248 -19.15
      vertex -43.3417 40.7299 -19.15
    endloop
  endfacet
  facet normal 0.970311 0.241861 0
    outer loop
      vertex -41.5293 45.7096 12.4
      vertex -41.6137 46.0482 -19.15
      vertex -41.6137 46.0482 12.4
    endloop
  endfacet
  facet normal 0.970311 0.241861 0
    outer loop
      vertex -41.6137 46.0482 -19.15
      vertex -41.5293 45.7096 12.4
      vertex -41.5293 45.7096 -19.15
    endloop
  endfacet
  facet normal -0.970311 -0.241861 0
    outer loop
      vertex -51.2263 43.2918 -19.15
      vertex -51.3107 43.6304 12.4
      vertex -51.3107 43.6304 -19.15
    endloop
  endfacet
  facet normal -0.970311 -0.241861 0
    outer loop
      vertex -51.3107 43.6304 12.4
      vertex -51.2263 43.2918 -19.15
      vertex -51.2263 43.2918 12.4
    endloop
  endfacet
  facet normal 0.787946 0.615744 0
    outer loop
      vertex -42.3749 47.6089 12.4
      vertex -42.5898 47.8839 -19.15
      vertex -42.5898 47.8839 12.4
    endloop
  endfacet
  facet normal 0.787946 0.615744 0
    outer loop
      vertex -42.5898 47.8839 -19.15
      vertex -42.3749 47.6089 12.4
      vertex -42.3749 47.6089 -19.15
    endloop
  endfacet
  facet normal -0.994516 0.10458 0
    outer loop
      vertex -51.4078 45.0188 -19.15
      vertex -51.3713 45.3659 12.4
      vertex -51.3713 45.3659 -19.15
    endloop
  endfacet
  facet normal -0.994516 0.10458 0
    outer loop
      vertex -51.3713 45.3659 12.4
      vertex -51.4078 45.0188 -19.15
      vertex -51.4078 45.0188 12.4
    endloop
  endfacet
  facet normal -0.970311 0.241861 0
    outer loop
      vertex -51.3107 45.7096 -19.15
      vertex -51.2263 46.0482 12.4
      vertex -51.2263 46.0482 -19.15
    endloop
  endfacet
  facet normal -0.970311 0.241861 0
    outer loop
      vertex -51.2263 46.0482 12.4
      vertex -51.3107 45.7096 -19.15
      vertex -51.3107 45.7096 12.4
    endloop
  endfacet
  facet normal -0.207729 -0.978187 0
    outer loop
      vertex -47.6296 39.8185 -19.15
      vertex -47.2882 39.746 12.4
      vertex -47.6296 39.8185 12.4
    endloop
  endfacet
  facet normal -0.207729 -0.978187 -0
    outer loop
      vertex -47.2882 39.746 12.4
      vertex -47.6296 39.8185 -19.15
      vertex -47.2882 39.746 -19.15
    endloop
  endfacet
  facet normal 0.529793 -0.848127 0
    outer loop
      vertex -43.92 40.3399 -19.15
      vertex -43.624 40.5248 12.4
      vertex -43.92 40.3399 12.4
    endloop
  endfacet
  facet normal 0.529793 -0.848127 0
    outer loop
      vertex -43.624 40.5248 12.4
      vertex -43.92 40.3399 -19.15
      vertex -43.624 40.5248 -19.15
    endloop
  endfacet
  facet normal 0.898796 -0.438367 0
    outer loop
      vertex -42.0053 42.3226 12.4
      vertex -41.8523 42.6363 -19.15
      vertex -41.8523 42.6363 12.4
    endloop
  endfacet
  facet normal 0.898796 -0.438367 0
    outer loop
      vertex -41.8523 42.6363 -19.15
      vertex -42.0053 42.3226 12.4
      vertex -42.0053 42.3226 -19.15
    endloop
  endfacet
  facet normal -0.207729 0.978187 0
    outer loop
      vertex -47.2882 49.594 -19.15
      vertex -47.6296 49.5215 12.4
      vertex -47.2882 49.594 12.4
    endloop
  endfacet
  facet normal -0.207729 0.978187 0
    outer loop
      vertex -47.6296 49.5215 12.4
      vertex -47.2882 49.594 -19.15
      vertex -47.6296 49.5215 -19.15
    endloop
  endfacet
  facet normal -0.694676 -0.719322 0
    outer loop
      vertex -50.0167 41.1967 -19.15
      vertex -49.7657 40.9543 12.4
      vertex -50.0167 41.1967 12.4
    endloop
  endfacet
  facet normal -0.694676 -0.719322 -0
    outer loop
      vertex -49.7657 40.9543 12.4
      vertex -50.0167 41.1967 -19.15
      vertex -49.7657 40.9543 -19.15
    endloop
  endfacet
  facet normal -0.98481 -0.173638 0
    outer loop
      vertex -51.3107 43.6304 -19.15
      vertex -51.3713 43.9741 12.4
      vertex -51.3713 43.9741 -19.15
    endloop
  endfacet
  facet normal -0.98481 -0.173638 0
    outer loop
      vertex -51.3713 43.9741 12.4
      vertex -51.3107 43.6304 -19.15
      vertex -51.3107 43.6304 12.4
    endloop
  endfacet
  facet normal -0.275629 -0.961264 0
    outer loop
      vertex -47.9651 39.9147 -19.15
      vertex -47.6296 39.8185 12.4
      vertex -47.9651 39.9147 12.4
    endloop
  endfacet
  facet normal -0.275629 -0.961264 -0
    outer loop
      vertex -47.6296 39.8185 12.4
      vertex -47.9651 39.9147 -19.15
      vertex -47.6296 39.8185 -19.15
    endloop
  endfacet
  facet normal 0 -1 0
    outer loop
      vertex -46.5945 39.673 -19.15
      vertex -46.2455 39.673 12.4
      vertex -46.5945 39.673 12.4
    endloop
  endfacet
  facet normal 0 -1 -0
    outer loop
      vertex -46.2455 39.673 12.4
      vertex -46.5945 39.673 -19.15
      vertex -46.2455 39.673 -19.15
    endloop
  endfacet
  facet normal 0.207729 0.978187 -0
    outer loop
      vertex -45.2104 49.5215 -19.15
      vertex -45.5518 49.594 12.4
      vertex -45.2104 49.5215 12.4
    endloop
  endfacet
  facet normal 0.207729 0.978187 0
    outer loop
      vertex -45.5518 49.594 12.4
      vertex -45.2104 49.5215 -19.15
      vertex -45.5518 49.594 -19.15
    endloop
  endfacet
  facet normal -0.406537 0.913634 0
    outer loop
      vertex -48.293 49.3059 -19.15
      vertex -48.6119 49.164 12.4
      vertex -48.293 49.3059 12.4
    endloop
  endfacet
  facet normal -0.406537 0.913634 0
    outer loop
      vertex -48.6119 49.164 12.4
      vertex -48.293 49.3059 -19.15
      vertex -48.6119 49.164 -19.15
    endloop
  endfacet
  facet normal -0.98481 0.173638 0
    outer loop
      vertex -51.3713 45.3659 -19.15
      vertex -51.3107 45.7096 12.4
      vertex -51.3107 45.7096 -19.15
    endloop
  endfacet
  facet normal -0.98481 0.173638 0
    outer loop
      vertex -51.3107 45.7096 12.4
      vertex -51.3713 45.3659 -19.15
      vertex -51.3713 45.3659 12.4
    endloop
  endfacet
  facet normal 0.994516 0.10458 0
    outer loop
      vertex -41.4322 45.0188 12.4
      vertex -41.4687 45.3659 -19.15
      vertex -41.4687 45.3659 12.4
    endloop
  endfacet
  facet normal 0.994516 0.10458 0
    outer loop
      vertex -41.4687 45.3659 -19.15
      vertex -41.4322 45.0188 12.4
      vertex -41.4322 45.0188 -19.15
    endloop
  endfacet
  facet normal -0.275629 0.961264 0
    outer loop
      vertex -47.6296 49.5215 -19.15
      vertex -47.9651 49.4253 12.4
      vertex -47.6296 49.5215 12.4
    endloop
  endfacet
  facet normal -0.275629 0.961264 0
    outer loop
      vertex -47.9651 49.4253 12.4
      vertex -47.6296 49.5215 -19.15
      vertex -47.9651 49.4253 -19.15
    endloop
  endfacet
  facet normal 0 0 1
    outer loop
      vertex -44.6198 44.67 12.4
      vertex -41.42 44.67 12.4
      vertex -41.4322 45.0188 12.4
    endloop
  endfacet
  facet normal 0 0 1
    outer loop
      vertex -44.6198 44.67 12.4
      vertex -41.4322 45.0188 12.4
      vertex -41.4687 45.3659 12.4
    endloop
  endfacet
  facet normal 0 0 1
    outer loop
      vertex -41.42 44.67 12.4
      vertex -44.6198 44.67 12.4
      vertex -41.4322 44.3212 12.4
    endloop
  endfacet
  facet normal 0 0 1
    outer loop
      vertex -44.6811 45.1359 12.4
      vertex -41.4687 45.3659 12.4
      vertex -41.5293 45.7096 12.4
    endloop
  endfacet
  facet normal 0 0 1
    outer loop
      vertex -41.4322 44.3212 12.4
      vertex -44.6198 44.67 12.4
      vertex -41.4687 43.9741 12.4
    endloop
  endfacet
  facet normal 0 0 1
    outer loop
      vertex -44.6811 45.1359 12.4
      vertex -41.5293 45.7096 12.4
      vertex -41.6137 46.0482 12.4
    endloop
  endfacet
  facet normal -0 0 1
    outer loop
      vertex -44.6811 44.2041 12.4
      vertex -41.4687 43.9741 12.4
      vertex -44.6198 44.67 12.4
    endloop
  endfacet
  facet normal 0 0 1
    outer loop
      vertex -44.6811 45.1359 12.4
      vertex -41.6137 46.0482 12.4
      vertex -41.7215 46.3801 12.4
    endloop
  endfacet
  facet normal 0 0 1
    outer loop
      vertex -41.4687 43.9741 12.4
      vertex -44.6811 44.2041 12.4
      vertex -41.5293 43.6304 12.4
    endloop
  endfacet
  facet normal 0 0 1
    outer loop
      vertex -44.6811 45.1359 12.4
      vertex -41.7215 46.3801 12.4
      vertex -41.8523 46.7037 12.4
    endloop
  endfacet
  facet normal 0 0 1
    outer loop
      vertex -41.5293 43.6304 12.4
      vertex -44.6811 44.2041 12.4
      vertex -41.6137 43.2918 12.4
    endloop
  endfacet
  facet normal 0 0 1
    outer loop
      vertex -44.861 45.5701 12.4
      vertex -41.8523 46.7037 12.4
      vertex -42.0053 47.0174 12.4
    endloop
  endfacet
  facet normal 0 0 1
    outer loop
      vertex -41.6137 43.2918 12.4
      vertex -44.6811 44.2041 12.4
      vertex -41.7215 42.9599 12.4
    endloop
  endfacet
  facet normal 0 0 1
    outer loop
      vertex -44.861 45.5701 12.4
      vertex -42.0053 47.0174 12.4
      vertex -42.1798 47.3196 12.4
    endloop
  endfacet
  facet normal 0 0 1
    outer loop
      vertex -41.7215 42.9599 12.4
      vertex -44.6811 44.2041 12.4
      vertex -41.8523 42.6363 12.4
    endloop
  endfacet
  facet normal 0 0 1
    outer loop
      vertex -44.861 45.5701 12.4
      vertex -42.1798 47.3196 12.4
      vertex -42.3749 47.6089 12.4
    endloop
  endfacet
  facet normal -0 0 1
    outer loop
      vertex -44.861 43.7699 12.4
      vertex -41.8523 42.6363 12.4
      vertex -44.6811 44.2041 12.4
    endloop
  endfacet
  facet normal 0 0 1
    outer loop
      vertex -45.1471 45.9429 12.4
      vertex -42.3749 47.6089 12.4
      vertex -42.5898 47.8839 12.4
    endloop
  endfacet
  facet normal 0 0 1
    outer loop
      vertex -41.8523 42.6363 12.4
      vertex -44.861 43.7699 12.4
      vertex -42.0053 42.3226 12.4
    endloop
  endfacet
  facet normal 0 0 1
    outer loop
      vertex -45.1471 45.9429 12.4
      vertex -42.5898 47.8839 12.4
      vertex -42.8233 48.1433 12.4
    endloop
  endfacet
  facet normal 0 0 1
    outer loop
      vertex -42.0053 42.3226 12.4
      vertex -44.861 43.7699 12.4
      vertex -42.1798 42.0204 12.4
    endloop
  endfacet
  facet normal 0 0 1
    outer loop
      vertex -45.1471 45.9429 12.4
      vertex -42.8233 48.1433 12.4
      vertex -43.0743 48.3857 12.4
    endloop
  endfacet
  facet normal 0 0 1
    outer loop
      vertex -42.1798 42.0204 12.4
      vertex -44.861 43.7699 12.4
      vertex -42.3749 41.7311 12.4
    endloop
  endfacet
  facet normal 0 0 1
    outer loop
      vertex -45.1471 45.9429 12.4
      vertex -43.0743 48.3857 12.4
      vertex -43.3417 48.6101 12.4
    endloop
  endfacet
  facet normal -0 0 1
    outer loop
      vertex -45.1471 43.3971 12.4
      vertex -42.3749 41.7311 12.4
      vertex -44.861 43.7699 12.4
    endloop
  endfacet
  facet normal 0 0 1
    outer loop
      vertex -45.5199 46.229 12.4
      vertex -43.3417 48.6101 12.4
      vertex -43.624 48.8152 12.4
    endloop
  endfacet
  facet normal 0 0 1
    outer loop
      vertex -42.3749 41.7311 12.4
      vertex -45.1471 43.3971 12.4
      vertex -42.5898 41.4561 12.4
    endloop
  endfacet
  facet normal 0 0 1
    outer loop
      vertex -45.5199 46.229 12.4
      vertex -43.624 48.8152 12.4
      vertex -43.92 49.0001 12.4
    endloop
  endfacet
  facet normal 0 0 1
    outer loop
      vertex -42.5898 41.4561 12.4
      vertex -45.1471 43.3971 12.4
      vertex -42.8233 41.1967 12.4
    endloop
  endfacet
  facet normal 0 0 1
    outer loop
      vertex -45.5199 46.229 12.4
      vertex -43.92 49.0001 12.4
      vertex -44.2281 49.164 12.4
    endloop
  endfacet
  facet normal 0 0 1
    outer loop
      vertex -42.8233 41.1967 12.4
      vertex -45.1471 43.3971 12.4
      vertex -43.0743 40.9543 12.4
    endloop
  endfacet
  facet normal 0 0 1
    outer loop
      vertex -45.5199 46.229 12.4
      vertex -44.2281 49.164 12.4
      vertex -44.547 49.3059 12.4
    endloop
  endfacet
  facet normal 0 0 1
    outer loop
      vertex -43.0743 40.9543 12.4
      vertex -45.1471 43.3971 12.4
      vertex -43.3417 40.7299 12.4
    endloop
  endfacet
  facet normal -0 0 1
    outer loop
      vertex -45.5199 43.111 12.4
      vertex -43.3417 40.7299 12.4
      vertex -45.1471 43.3971 12.4
    endloop
  endfacet
  facet normal 0 0 1
    outer loop
      vertex -41.4687 45.3659 12.4
      vertex -44.6811 45.1359 12.4
      vertex -44.6198 44.67 12.4
    endloop
  endfacet
  facet normal 0 0 1
    outer loop
      vertex -41.8523 46.7037 12.4
      vertex -44.861 45.5701 12.4
      vertex -44.6811 45.1359 12.4
    endloop
  endfacet
  facet normal 0 0 1
    outer loop
      vertex -45.9541 46.4089 12.4
      vertex -44.547 49.3059 12.4
      vertex -44.8749 49.4253 12.4
    endloop
  endfacet
  facet normal 0 0 1
    outer loop
      vertex -42.3749 47.6089 12.4
      vertex -45.1471 45.9429 12.4
      vertex -44.861 45.5701 12.4
    endloop
  endfacet
  facet normal 0 0 1
    outer loop
      vertex -45.9541 46.4089 12.4
      vertex -44.8749 49.4253 12.4
      vertex -45.2104 49.5215 12.4
    endloop
  endfacet
  facet normal 0 0 1
    outer loop
      vertex -43.3417 48.6101 12.4
      vertex -45.5199 46.229 12.4
      vertex -45.1471 45.9429 12.4
    endloop
  endfacet
  facet normal 0 0 1
    outer loop
      vertex -45.9541 46.4089 12.4
      vertex -45.2104 49.5215 12.4
      vertex -45.5518 49.594 12.4
    endloop
  endfacet
  facet normal 0 0 1
    outer loop
      vertex -45.9541 46.4089 12.4
      vertex -45.5518 49.594 12.4
      vertex -45.8974 49.6426 12.4
    endloop
  endfacet
  facet normal 0 0 1
    outer loop
      vertex -44.547 49.3059 12.4
      vertex -45.9541 46.4089 12.4
      vertex -45.5199 46.229 12.4
    endloop
  endfacet
  facet normal 0 0 1
    outer loop
      vertex -46.42 46.4702 12.4
      vertex -45.8974 49.6426 12.4
      vertex -46.2455 49.667 12.4
    endloop
  endfacet
  facet normal 0 0 1
    outer loop
      vertex -45.8974 49.6426 12.4
      vertex -46.42 46.4702 12.4
      vertex -45.9541 46.4089 12.4
    endloop
  endfacet
  facet normal -0 0 1
    outer loop
      vertex -46.5945 49.667 12.4
      vertex -46.42 46.4702 12.4
      vertex -46.2455 49.667 12.4
    endloop
  endfacet
  facet normal -0 0 1
    outer loop
      vertex -46.9426 49.6426 12.4
      vertex -46.42 46.4702 12.4
      vertex -46.5945 49.667 12.4
    endloop
  endfacet
  facet normal 0 0 1
    outer loop
      vertex -46.42 46.4702 12.4
      vertex -46.9426 49.6426 12.4
      vertex -46.8859 46.4089 12.4
    endloop
  endfacet
  facet normal -0 0 1
    outer loop
      vertex -47.2882 49.594 12.4
      vertex -46.8859 46.4089 12.4
      vertex -46.9426 49.6426 12.4
    endloop
  endfacet
  facet normal -0 0 1
    outer loop
      vertex -47.6296 49.5215 12.4
      vertex -46.8859 46.4089 12.4
      vertex -47.2882 49.594 12.4
    endloop
  endfacet
  facet normal -0 0 1
    outer loop
      vertex -47.9651 49.4253 12.4
      vertex -46.8859 46.4089 12.4
      vertex -47.6296 49.5215 12.4
    endloop
  endfacet
  facet normal -0 0 1
    outer loop
      vertex -48.293 49.3059 12.4
      vertex -46.8859 46.4089 12.4
      vertex -47.9651 49.4253 12.4
    endloop
  endfacet
  facet normal 0 0 1
    outer loop
      vertex -46.8859 46.4089 12.4
      vertex -48.293 49.3059 12.4
      vertex -47.3201 46.229 12.4
    endloop
  endfacet
  facet normal -0 0 1
    outer loop
      vertex -48.6119 49.164 12.4
      vertex -47.3201 46.229 12.4
      vertex -48.293 49.3059 12.4
    endloop
  endfacet
  facet normal -0 0 1
    outer loop
      vertex -48.92 49.0001 12.4
      vertex -47.3201 46.229 12.4
      vertex -48.6119 49.164 12.4
    endloop
  endfacet
  facet normal -0 0 1
    outer loop
      vertex -49.216 48.8152 12.4
      vertex -47.3201 46.229 12.4
      vertex -48.92 49.0001 12.4
    endloop
  endfacet
  facet normal -0 0 1
    outer loop
      vertex -49.4983 48.6101 12.4
      vertex -47.3201 46.229 12.4
      vertex -49.216 48.8152 12.4
    endloop
  endfacet
  facet normal 0 0 1
    outer loop
      vertex -43.3417 40.7299 12.4
      vertex -45.5199 43.111 12.4
      vertex -43.624 40.5248 12.4
    endloop
  endfacet
  facet normal 0 0 1
    outer loop
      vertex -43.624 40.5248 12.4
      vertex -45.5199 43.111 12.4
      vertex -43.92 40.3399 12.4
    endloop
  endfacet
  facet normal 0 0 1
    outer loop
      vertex -43.92 40.3399 12.4
      vertex -45.5199 43.111 12.4
      vertex -44.2281 40.176 12.4
    endloop
  endfacet
  facet normal 0 0 1
    outer loop
      vertex -44.2281 40.176 12.4
      vertex -45.5199 43.111 12.4
      vertex -44.547 40.0341 12.4
    endloop
  endfacet
  facet normal -0 0 1
    outer loop
      vertex -45.9541 42.9311 12.4
      vertex -44.547 40.0341 12.4
      vertex -45.5199 43.111 12.4
    endloop
  endfacet
  facet normal 0 0 1
    outer loop
      vertex -44.547 40.0341 12.4
      vertex -45.9541 42.9311 12.4
      vertex -44.8749 39.9147 12.4
    endloop
  endfacet
  facet normal 0 0 1
    outer loop
      vertex -44.8749 39.9147 12.4
      vertex -45.9541 42.9311 12.4
      vertex -45.2104 39.8185 12.4
    endloop
  endfacet
  facet normal 0 0 1
    outer loop
      vertex -45.2104 39.8185 12.4
      vertex -45.9541 42.9311 12.4
      vertex -45.5518 39.746 12.4
    endloop
  endfacet
  facet normal 0 0 1
    outer loop
      vertex -45.5518 39.746 12.4
      vertex -45.9541 42.9311 12.4
      vertex -45.8974 39.6974 12.4
    endloop
  endfacet
  facet normal -0 0 1
    outer loop
      vertex -46.42 42.8698 12.4
      vertex -45.8974 39.6974 12.4
      vertex -45.9541 42.9311 12.4
    endloop
  endfacet
  facet normal 0 0 1
    outer loop
      vertex -45.8974 39.6974 12.4
      vertex -46.42 42.8698 12.4
      vertex -46.2455 39.673 12.4
    endloop
  endfacet
  facet normal 0 0 1
    outer loop
      vertex -46.42 42.8698 12.4
      vertex -46.5945 39.673 12.4
      vertex -46.2455 39.673 12.4
    endloop
  endfacet
  facet normal 0 0 1
    outer loop
      vertex -46.9426 39.6974 12.4
      vertex -46.42 42.8698 12.4
      vertex -46.8859 42.9311 12.4
    endloop
  endfacet
  facet normal 0 0 1
    outer loop
      vertex -46.42 42.8698 12.4
      vertex -46.9426 39.6974 12.4
      vertex -46.5945 39.673 12.4
    endloop
  endfacet
  facet normal 0 0 1
    outer loop
      vertex -46.8859 42.9311 12.4
      vertex -47.2882 39.746 12.4
      vertex -46.9426 39.6974 12.4
    endloop
  endfacet
  facet normal 0 0 1
    outer loop
      vertex -48.293 40.0341 12.4
      vertex -46.8859 42.9311 12.4
      vertex -47.3201 43.111 12.4
    endloop
  endfacet
  facet normal 0 0 1
    outer loop
      vertex -46.8859 42.9311 12.4
      vertex -47.6296 39.8185 12.4
      vertex -47.2882 39.746 12.4
    endloop
  endfacet
  facet normal 0 0 1
    outer loop
      vertex -49.4983 40.7299 12.4
      vertex -47.3201 43.111 12.4
      vertex -47.6929 43.3971 12.4
    endloop
  endfacet
  facet normal 0 0 1
    outer loop
      vertex -46.8859 42.9311 12.4
      vertex -47.9651 39.9147 12.4
      vertex -47.6296 39.8185 12.4
    endloop
  endfacet
  facet normal 0 0 1
    outer loop
      vertex -50.4651 41.7311 12.4
      vertex -47.6929 43.3971 12.4
      vertex -47.979 43.7699 12.4
    endloop
  endfacet
  facet normal 0 0 1
    outer loop
      vertex -50.9877 42.6363 12.4
      vertex -47.979 43.7699 12.4
      vertex -48.1589 44.2041 12.4
    endloop
  endfacet
  facet normal 0 0 1
    outer loop
      vertex -51.3713 43.9741 12.4
      vertex -48.1589 44.2041 12.4
      vertex -48.2202 44.67 12.4
    endloop
  endfacet
  facet normal 0 0 1
    outer loop
      vertex -46.8859 42.9311 12.4
      vertex -48.293 40.0341 12.4
      vertex -47.9651 39.9147 12.4
    endloop
  endfacet
  facet normal 0 0 1
    outer loop
      vertex -47.3201 46.229 12.4
      vertex -49.4983 48.6101 12.4
      vertex -47.6929 45.9429 12.4
    endloop
  endfacet
  facet normal -0 0 1
    outer loop
      vertex -49.7657 48.3857 12.4
      vertex -47.6929 45.9429 12.4
      vertex -49.4983 48.6101 12.4
    endloop
  endfacet
  facet normal 0 0 1
    outer loop
      vertex -47.3201 43.111 12.4
      vertex -48.6119 40.176 12.4
      vertex -48.293 40.0341 12.4
    endloop
  endfacet
  facet normal -0 0 1
    outer loop
      vertex -50.0167 48.1433 12.4
      vertex -47.6929 45.9429 12.4
      vertex -49.7657 48.3857 12.4
    endloop
  endfacet
  facet normal 0 0 1
    outer loop
      vertex -47.3201 43.111 12.4
      vertex -48.92 40.3399 12.4
      vertex -48.6119 40.176 12.4
    endloop
  endfacet
  facet normal -0 0 1
    outer loop
      vertex -50.2502 47.8839 12.4
      vertex -47.6929 45.9429 12.4
      vertex -50.0167 48.1433 12.4
    endloop
  endfacet
  facet normal 0 0 1
    outer loop
      vertex -47.3201 43.111 12.4
      vertex -49.216 40.5248 12.4
      vertex -48.92 40.3399 12.4
    endloop
  endfacet
  facet normal -0 0 1
    outer loop
      vertex -50.4651 47.6089 12.4
      vertex -47.6929 45.9429 12.4
      vertex -50.2502 47.8839 12.4
    endloop
  endfacet
  facet normal 0 0 1
    outer loop
      vertex -47.3201 43.111 12.4
      vertex -49.4983 40.7299 12.4
      vertex -49.216 40.5248 12.4
    endloop
  endfacet
  facet normal 0 0 1
    outer loop
      vertex -47.6929 45.9429 12.4
      vertex -50.4651 47.6089 12.4
      vertex -47.979 45.5701 12.4
    endloop
  endfacet
  facet normal 0 0 1
    outer loop
      vertex -47.6929 43.3971 12.4
      vertex -49.7657 40.9543 12.4
      vertex -49.4983 40.7299 12.4
    endloop
  endfacet
  facet normal -0 0 1
    outer loop
      vertex -50.6602 47.3196 12.4
      vertex -47.979 45.5701 12.4
      vertex -50.4651 47.6089 12.4
    endloop
  endfacet
  facet normal 0 0 1
    outer loop
      vertex -47.6929 43.3971 12.4
      vertex -50.0167 41.1967 12.4
      vertex -49.7657 40.9543 12.4
    endloop
  endfacet
  facet normal -0 0 1
    outer loop
      vertex -50.8347 47.0174 12.4
      vertex -47.979 45.5701 12.4
      vertex -50.6602 47.3196 12.4
    endloop
  endfacet
  facet normal 0 0 1
    outer loop
      vertex -47.6929 43.3971 12.4
      vertex -50.2502 41.4561 12.4
      vertex -50.0167 41.1967 12.4
    endloop
  endfacet
  facet normal -0 0 1
    outer loop
      vertex -50.9877 46.7037 12.4
      vertex -47.979 45.5701 12.4
      vertex -50.8347 47.0174 12.4
    endloop
  endfacet
  facet normal 0 0 1
    outer loop
      vertex -47.6929 43.3971 12.4
      vertex -50.4651 41.7311 12.4
      vertex -50.2502 41.4561 12.4
    endloop
  endfacet
  facet normal 0 0 1
    outer loop
      vertex -47.979 45.5701 12.4
      vertex -50.9877 46.7037 12.4
      vertex -48.1589 45.1359 12.4
    endloop
  endfacet
  facet normal 0 0 1
    outer loop
      vertex -47.979 43.7699 12.4
      vertex -50.6602 42.0204 12.4
      vertex -50.4651 41.7311 12.4
    endloop
  endfacet
  facet normal -0 0 1
    outer loop
      vertex -51.1185 46.3801 12.4
      vertex -48.1589 45.1359 12.4
      vertex -50.9877 46.7037 12.4
    endloop
  endfacet
  facet normal 0 0 1
    outer loop
      vertex -47.979 43.7699 12.4
      vertex -50.8347 42.3226 12.4
      vertex -50.6602 42.0204 12.4
    endloop
  endfacet
  facet normal -0 0 1
    outer loop
      vertex -51.2263 46.0482 12.4
      vertex -48.1589 45.1359 12.4
      vertex -51.1185 46.3801 12.4
    endloop
  endfacet
  facet normal 0 0 1
    outer loop
      vertex -47.979 43.7699 12.4
      vertex -50.9877 42.6363 12.4
      vertex -50.8347 42.3226 12.4
    endloop
  endfacet
  facet normal -0 0 1
    outer loop
      vertex -51.3107 45.7096 12.4
      vertex -48.1589 45.1359 12.4
      vertex -51.2263 46.0482 12.4
    endloop
  endfacet
  facet normal 0 0 1
    outer loop
      vertex -48.1589 44.2041 12.4
      vertex -51.1185 42.9599 12.4
      vertex -50.9877 42.6363 12.4
    endloop
  endfacet
  facet normal -0 0 1
    outer loop
      vertex -51.3713 45.3659 12.4
      vertex -48.1589 45.1359 12.4
      vertex -51.3107 45.7096 12.4
    endloop
  endfacet
  facet normal 0 0 1
    outer loop
      vertex -48.1589 44.2041 12.4
      vertex -51.2263 43.2918 12.4
      vertex -51.1185 42.9599 12.4
    endloop
  endfacet
  facet normal 0 0 1
    outer loop
      vertex -48.1589 45.1359 12.4
      vertex -51.3713 45.3659 12.4
      vertex -48.2202 44.67 12.4
    endloop
  endfacet
  facet normal 0 0 1
    outer loop
      vertex -48.1589 44.2041 12.4
      vertex -51.3107 43.6304 12.4
      vertex -51.2263 43.2918 12.4
    endloop
  endfacet
  facet normal -0 0 1
    outer loop
      vertex -51.4078 45.0188 12.4
      vertex -48.2202 44.67 12.4
      vertex -51.3713 45.3659 12.4
    endloop
  endfacet
  facet normal 0 0 1
    outer loop
      vertex -48.1589 44.2041 12.4
      vertex -51.3713 43.9741 12.4
      vertex -51.3107 43.6304 12.4
    endloop
  endfacet
  facet normal 0 0 1
    outer loop
      vertex -51.42 44.67 12.4
      vertex -48.2202 44.67 12.4
      vertex -51.4078 45.0188 12.4
    endloop
  endfacet
  facet normal 0 0 1
    outer loop
      vertex -48.2202 44.67 12.4
      vertex -51.4078 44.3212 12.4
      vertex -51.3713 43.9741 12.4
    endloop
  endfacet
  facet normal 0 0 1
    outer loop
      vertex -48.2202 44.67 12.4
      vertex -51.42 44.67 12.4
      vertex -51.4078 44.3212 12.4
    endloop
  endfacet
  facet normal 0.865995 -0.500053 0
    outer loop
      vertex -42.1798 42.0204 12.4
      vertex -42.0053 42.3226 -19.15
      vertex -42.0053 42.3226 12.4
    endloop
  endfacet
  facet normal 0.865995 -0.500053 0
    outer loop
      vertex -42.0053 42.3226 -19.15
      vertex -42.1798 42.0204 12.4
      vertex -42.1798 42.0204 -19.15
    endloop
  endfacet
  facet normal -0.469651 -0.882852 0
    outer loop
      vertex -48.92 40.3399 -19.15
      vertex -48.6119 40.176 12.4
      vertex -48.92 40.3399 12.4
    endloop
  endfacet
  facet normal -0.469651 -0.882852 -0
    outer loop
      vertex -48.6119 40.176 12.4
      vertex -48.92 40.3399 -19.15
      vertex -48.6119 40.176 -19.15
    endloop
  endfacet
  facet normal 0.743237 0.669028 0
    outer loop
      vertex -42.5898 47.8839 12.4
      vertex -42.8233 48.1433 -19.15
      vertex -42.8233 48.1433 12.4
    endloop
  endfacet
  facet normal 0.743237 0.669028 0
    outer loop
      vertex -42.8233 48.1433 -19.15
      vertex -42.5898 47.8839 12.4
      vertex -42.5898 47.8839 -19.15
    endloop
  endfacet
  facet normal 0.694676 -0.719322 0
    outer loop
      vertex -43.0743 40.9543 -19.15
      vertex -42.8233 41.1967 12.4
      vertex -43.0743 40.9543 12.4
    endloop
  endfacet
  facet normal 0.694676 -0.719322 0
    outer loop
      vertex -42.8233 41.1967 12.4
      vertex -43.0743 40.9543 -19.15
      vertex -42.8233 41.1967 -19.15
    endloop
  endfacet
  facet normal 0.98481 0.173638 0
    outer loop
      vertex -41.4687 45.3659 12.4
      vertex -41.5293 45.7096 -19.15
      vertex -41.5293 45.7096 12.4
    endloop
  endfacet
  facet normal 0.98481 0.173638 0
    outer loop
      vertex -41.5293 45.7096 -19.15
      vertex -41.4687 45.3659 12.4
      vertex -41.4687 45.3659 -19.15
    endloop
  endfacet
  facet normal -0.642829 -0.76601 0
    outer loop
      vertex -49.7657 40.9543 -19.15
      vertex -49.4983 40.7299 12.4
      vertex -49.7657 40.9543 12.4
    endloop
  endfacet
  facet normal -0.642829 -0.76601 -0
    outer loop
      vertex -49.4983 40.7299 12.4
      vertex -49.7657 40.9543 -19.15
      vertex -49.4983 40.7299 -19.15
    endloop
  endfacet
  facet normal -0.406537 -0.913634 0
    outer loop
      vertex -48.6119 40.176 -19.15
      vertex -48.293 40.0341 12.4
      vertex -48.6119 40.176 12.4
    endloop
  endfacet
  facet normal -0.406537 -0.913634 -0
    outer loop
      vertex -48.293 40.0341 12.4
      vertex -48.6119 40.176 -19.15
      vertex -48.293 40.0341 -19.15
    endloop
  endfacet
  facet normal -0.951091 0.308911 0
    outer loop
      vertex -51.2263 46.0482 -19.15
      vertex -51.1185 46.3801 12.4
      vertex -51.1185 46.3801 -19.15
    endloop
  endfacet
  facet normal -0.951091 0.308911 0
    outer loop
      vertex -51.1185 46.3801 12.4
      vertex -51.2263 46.0482 -19.15
      vertex -51.2263 46.0482 12.4
    endloop
  endfacet
  facet normal 0.829084 0.559123 0
    outer loop
      vertex -42.1798 47.3196 12.4
      vertex -42.3749 47.6089 -19.15
      vertex -42.3749 47.6089 12.4
    endloop
  endfacet
  facet normal 0.829084 0.559123 0
    outer loop
      vertex -42.3749 47.6089 -19.15
      vertex -42.1798 47.3196 12.4
      vertex -42.1798 47.3196 -19.15
    endloop
  endfacet
  facet normal 0.927127 0.374747 0
    outer loop
      vertex -41.7215 46.3801 12.4
      vertex -41.8523 46.7037 -19.15
      vertex -41.8523 46.7037 12.4
    endloop
  endfacet
  facet normal 0.927127 0.374747 0
    outer loop
      vertex -41.8523 46.7037 -19.15
      vertex -41.7215 46.3801 12.4
      vertex -41.7215 46.3801 -19.15
    endloop
  endfacet
  facet normal 0.0699232 0.997552 -0
    outer loop
      vertex -45.8974 49.6426 -19.15
      vertex -46.2455 49.667 12.4
      vertex -45.8974 49.6426 12.4
    endloop
  endfacet
  facet normal 0.0699232 0.997552 0
    outer loop
      vertex -46.2455 49.667 12.4
      vertex -45.8974 49.6426 -19.15
      vertex -46.2455 49.667 -19.15
    endloop
  endfacet
  facet normal 0.207729 -0.978187 0
    outer loop
      vertex -45.5518 39.746 -19.15
      vertex -45.2104 39.8185 12.4
      vertex -45.5518 39.746 12.4
    endloop
  endfacet
  facet normal 0.207729 -0.978187 0
    outer loop
      vertex -45.2104 39.8185 12.4
      vertex -45.5518 39.746 -19.15
      vertex -45.2104 39.8185 -19.15
    endloop
  endfacet
  facet normal 0.743237 -0.669028 0
    outer loop
      vertex -42.8233 41.1967 12.4
      vertex -42.5898 41.4561 -19.15
      vertex -42.5898 41.4561 12.4
    endloop
  endfacet
  facet normal 0.743237 -0.669028 0
    outer loop
      vertex -42.5898 41.4561 -19.15
      vertex -42.8233 41.1967 12.4
      vertex -42.8233 41.1967 -19.15
    endloop
  endfacet
  facet normal 0 1 -0
    outer loop
      vertex -46.2455 49.667 -19.15
      vertex -46.5945 49.667 12.4
      vertex -46.2455 49.667 12.4
    endloop
  endfacet
  facet normal 0 1 0
    outer loop
      vertex -46.5945 49.667 12.4
      vertex -46.2455 49.667 -19.15
      vertex -46.5945 49.667 -19.15
    endloop
  endfacet
  facet normal -0.139255 0.990257 0
    outer loop
      vertex -46.9426 49.6426 -19.15
      vertex -47.2882 49.594 12.4
      vertex -46.9426 49.6426 12.4
    endloop
  endfacet
  facet normal -0.139255 0.990257 0
    outer loop
      vertex -47.2882 49.594 12.4
      vertex -46.9426 49.6426 -19.15
      vertex -47.2882 49.594 -19.15
    endloop
  endfacet
  facet normal 0.694676 0.719322 -0
    outer loop
      vertex -42.8233 48.1433 -19.15
      vertex -43.0743 48.3857 12.4
      vertex -42.8233 48.1433 12.4
    endloop
  endfacet
  facet normal 0.694676 0.719322 0
    outer loop
      vertex -43.0743 48.3857 12.4
      vertex -42.8233 48.1433 -19.15
      vertex -43.0743 48.3857 -19.15
    endloop
  endfacet
  facet normal 0.275629 0.961264 -0
    outer loop
      vertex -44.8749 49.4253 -19.15
      vertex -45.2104 49.5215 12.4
      vertex -44.8749 49.4253 12.4
    endloop
  endfacet
  facet normal 0.275629 0.961264 0
    outer loop
      vertex -45.2104 49.5215 12.4
      vertex -44.8749 49.4253 -19.15
      vertex -45.2104 49.5215 -19.15
    endloop
  endfacet
  facet normal 0.898796 0.438367 0
    outer loop
      vertex -41.8523 46.7037 12.4
      vertex -42.0053 47.0174 -19.15
      vertex -42.0053 47.0174 12.4
    endloop
  endfacet
  facet normal 0.898796 0.438367 0
    outer loop
      vertex -42.0053 47.0174 -19.15
      vertex -41.8523 46.7037 12.4
      vertex -41.8523 46.7037 -19.15
    endloop
  endfacet
  facet normal 0.469651 0.882852 -0
    outer loop
      vertex -43.92 49.0001 -19.15
      vertex -44.2281 49.164 12.4
      vertex -43.92 49.0001 12.4
    endloop
  endfacet
  facet normal 0.469651 0.882852 0
    outer loop
      vertex -44.2281 49.164 12.4
      vertex -43.92 49.0001 -19.15
      vertex -44.2281 49.164 -19.15
    endloop
  endfacet
  facet normal 0.829084 -0.559123 0
    outer loop
      vertex -42.3749 41.7311 12.4
      vertex -42.1798 42.0204 -19.15
      vertex -42.1798 42.0204 12.4
    endloop
  endfacet
  facet normal 0.829084 -0.559123 0
    outer loop
      vertex -42.1798 42.0204 -19.15
      vertex -42.3749 41.7311 12.4
      vertex -42.3749 41.7311 -19.15
    endloop
  endfacet
  facet normal -0.787946 -0.615744 0
    outer loop
      vertex -50.2502 41.4561 -19.15
      vertex -50.4651 41.7311 12.4
      vertex -50.4651 41.7311 -19.15
    endloop
  endfacet
  facet normal -0.787946 -0.615744 0
    outer loop
      vertex -50.4651 41.7311 12.4
      vertex -50.2502 41.4561 -19.15
      vertex -50.2502 41.4561 12.4
    endloop
  endfacet
  facet normal -0.743237 0.669028 0
    outer loop
      vertex -50.2502 47.8839 -1.2
      vertex -50.0167 48.1433 12.4
      vertex -50.0167 48.1433 -1.2
    endloop
  endfacet
  facet normal -0.743237 0.669028 0
    outer loop
      vertex -50.0167 48.1433 12.4
      vertex -50.2502 47.8839 -1.2
      vertex -50.2502 47.8839 12.4
    endloop
  endfacet
  facet normal 0.642829 -0.76601 0
    outer loop
      vertex -43.3417 40.7299 -19.15
      vertex -43.0743 40.9543 12.4
      vertex -43.3417 40.7299 12.4
    endloop
  endfacet
  facet normal 0.642829 -0.76601 0
    outer loop
      vertex -43.0743 40.9543 12.4
      vertex -43.3417 40.7299 -19.15
      vertex -43.0743 40.9543 -19.15
    endloop
  endfacet
  facet normal 0.865995 0.500053 0
    outer loop
      vertex -42.0053 47.0174 12.4
      vertex -42.1798 47.3196 -19.15
      vertex -42.1798 47.3196 12.4
    endloop
  endfacet
  facet normal 0.865995 0.500053 0
    outer loop
      vertex -42.1798 47.3196 -19.15
      vertex -42.0053 47.0174 12.4
      vertex -42.0053 47.0174 -19.15
    endloop
  endfacet
  facet normal -0.139255 -0.990257 0
    outer loop
      vertex -47.2882 39.746 -19.15
      vertex -46.9426 39.6974 12.4
      vertex -47.2882 39.746 12.4
    endloop
  endfacet
  facet normal -0.139255 -0.990257 -0
    outer loop
      vertex -46.9426 39.6974 12.4
      vertex -47.2882 39.746 -19.15
      vertex -46.9426 39.6974 -19.15
    endloop
  endfacet
  facet normal 0.999389 0.0349557 0
    outer loop
      vertex -41.42 44.67 12.4
      vertex -41.4322 45.0188 -19.15
      vertex -41.4322 45.0188 12.4
    endloop
  endfacet
  facet normal 0.999389 0.0349557 0
    outer loop
      vertex -41.4322 45.0188 -19.15
      vertex -41.42 44.67 12.4
      vertex -41.42 44.67 -19.15
    endloop
  endfacet
  facet normal 0.406537 -0.913634 0
    outer loop
      vertex -44.547 40.0341 -19.15
      vertex -44.2281 40.176 12.4
      vertex -44.547 40.0341 12.4
    endloop
  endfacet
  facet normal 0.406537 -0.913634 0
    outer loop
      vertex -44.2281 40.176 12.4
      vertex -44.547 40.0341 -19.15
      vertex -44.2281 40.176 -19.15
    endloop
  endfacet
  facet normal 0.529793 0.848127 -0
    outer loop
      vertex -43.624 48.8152 -19.15
      vertex -43.92 49.0001 12.4
      vertex -43.624 48.8152 12.4
    endloop
  endfacet
  facet normal 0.529793 0.848127 0
    outer loop
      vertex -43.92 49.0001 12.4
      vertex -43.624 48.8152 -19.15
      vertex -43.92 49.0001 -19.15
    endloop
  endfacet
  facet normal -0.58778 -0.809021 0
    outer loop
      vertex -49.4983 40.7299 -19.15
      vertex -49.216 40.5248 12.4
      vertex -49.4983 40.7299 12.4
    endloop
  endfacet
  facet normal -0.58778 -0.809021 -0
    outer loop
      vertex -49.216 40.5248 12.4
      vertex -49.4983 40.7299 -19.15
      vertex -49.216 40.5248 -19.15
    endloop
  endfacet
  facet normal -0.743237 -0.669028 0
    outer loop
      vertex -50.0167 41.1967 -19.15
      vertex -50.2502 41.4561 12.4
      vertex -50.2502 41.4561 -19.15
    endloop
  endfacet
  facet normal -0.743237 -0.669028 0
    outer loop
      vertex -50.2502 41.4561 12.4
      vertex -50.0167 41.1967 -19.15
      vertex -50.0167 41.1967 12.4
    endloop
  endfacet
  facet normal -0.951091 -0.308911 0
    outer loop
      vertex -51.1185 42.9599 -19.15
      vertex -51.2263 43.2918 12.4
      vertex -51.2263 43.2918 -19.15
    endloop
  endfacet
  facet normal -0.951091 -0.308911 0
    outer loop
      vertex -51.2263 43.2918 12.4
      vertex -51.1185 42.9599 -19.15
      vertex -51.1185 42.9599 12.4
    endloop
  endfacet
  facet normal 0.342157 0.939643 -0
    outer loop
      vertex -44.547 49.3059 -19.15
      vertex -44.8749 49.4253 12.4
      vertex -44.547 49.3059 12.4
    endloop
  endfacet
  facet normal 0.342157 0.939643 0
    outer loop
      vertex -44.8749 49.4253 12.4
      vertex -44.547 49.3059 -19.15
      vertex -44.8749 49.4253 -19.15
    endloop
  endfacet
  facet normal -0.898796 -0.438367 0
    outer loop
      vertex -50.8347 42.3226 -19.15
      vertex -50.9877 42.6363 12.4
      vertex -50.9877 42.6363 -19.15
    endloop
  endfacet
  facet normal -0.898796 -0.438367 0
    outer loop
      vertex -50.9877 42.6363 12.4
      vertex -50.8347 42.3226 -19.15
      vertex -50.8347 42.3226 12.4
    endloop
  endfacet
  facet normal -0.342157 -0.939643 0
    outer loop
      vertex -48.293 40.0341 -19.15
      vertex -47.9651 39.9147 12.4
      vertex -48.293 40.0341 12.4
    endloop
  endfacet
  facet normal -0.342157 -0.939643 -0
    outer loop
      vertex -47.9651 39.9147 12.4
      vertex -48.293 40.0341 -19.15
      vertex -47.9651 39.9147 -19.15
    endloop
  endfacet
  facet normal -0.829084 0.559123 0
    outer loop
      vertex -50.6602 47.3196 -1.2
      vertex -50.4651 47.6089 12.4
      vertex -50.4651 47.6089 -1.2
    endloop
  endfacet
  facet normal -0.829084 0.559123 0
    outer loop
      vertex -50.4651 47.6089 12.4
      vertex -50.6602 47.3196 -1.2
      vertex -50.6602 47.3196 12.4
    endloop
  endfacet
  facet normal -0.642829 0.76601 0
    outer loop
      vertex -49.4983 48.6101 -1.2
      vertex -49.7657 48.3857 12.4
      vertex -49.4983 48.6101 12.4
    endloop
  endfacet
  facet normal -0.642829 0.76601 0
    outer loop
      vertex -49.7657 48.3857 12.4
      vertex -49.4983 48.6101 -1.2
      vertex -49.7657 48.3857 -1.2
    endloop
  endfacet
  facet normal 0.951091 -0.308911 0
    outer loop
      vertex -41.7215 42.9599 12.4
      vertex -41.6137 43.2918 -19.15
      vertex -41.6137 43.2918 12.4
    endloop
  endfacet
  facet normal 0.951091 -0.308911 0
    outer loop
      vertex -41.6137 43.2918 -19.15
      vertex -41.7215 42.9599 12.4
      vertex -41.7215 42.9599 -19.15
    endloop
  endfacet
  facet normal 0.342157 -0.939643 0
    outer loop
      vertex -44.8749 39.9147 -19.15
      vertex -44.547 40.0341 12.4
      vertex -44.8749 39.9147 12.4
    endloop
  endfacet
  facet normal 0.342157 -0.939643 0
    outer loop
      vertex -44.547 40.0341 12.4
      vertex -44.8749 39.9147 -19.15
      vertex -44.547 40.0341 -19.15
    endloop
  endfacet
  facet normal -0.999389 -0.0349557 0
    outer loop
      vertex -51.4078 44.3212 -19.15
      vertex -51.42 44.67 12.4
      vertex -51.42 44.67 -19.15
    endloop
  endfacet
  facet normal -0.999389 -0.0349557 0
    outer loop
      vertex -51.42 44.67 12.4
      vertex -51.4078 44.3212 -19.15
      vertex -51.4078 44.3212 12.4
    endloop
  endfacet
  facet normal -0.469651 0.882852 -1.37163e-06
    outer loop
      vertex -48.6119 49.164 12.4
      vertex -48.7301 49.1011 -1.2
      vertex -48.92 49.0001 12.4
    endloop
  endfacet
  facet normal -0.469774 0.882787 0
    outer loop
      vertex -48.6119 49.164 -19.15
      vertex -48.7301 49.1011 -1.2
      vertex -48.6119 49.164 12.4
    endloop
  endfacet
  facet normal -0.469774 0.882787 0
    outer loop
      vertex -48.7301 49.1011 -1.2
      vertex -48.6119 49.164 -19.15
      vertex -48.7301 49.1011 -19.15
    endloop
  endfacet
  facet normal -0.469574 0.882893 0
    outer loop
      vertex -48.92 49.0001 12.4
      vertex -48.7301 49.1011 -1.2
      vertex -48.92 49.0001 -1.2
    endloop
  endfacet
  facet normal 0.927127 -0.374747 0
    outer loop
      vertex -41.8523 42.6363 12.4
      vertex -41.7215 42.9599 -19.15
      vertex -41.7215 42.9599 12.4
    endloop
  endfacet
  facet normal 0.927127 -0.374747 0
    outer loop
      vertex -41.7215 42.9599 -19.15
      vertex -41.8523 42.6363 12.4
      vertex -41.8523 42.6363 -19.15
    endloop
  endfacet
  facet normal -0.999389 0.0349557 0
    outer loop
      vertex -51.42 44.67 -19.15
      vertex -51.4078 45.0188 12.4
      vertex -51.4078 45.0188 -19.15
    endloop
  endfacet
  facet normal -0.999389 0.0349557 0
    outer loop
      vertex -51.4078 45.0188 12.4
      vertex -51.42 44.67 -19.15
      vertex -51.42 44.67 12.4
    endloop
  endfacet
  facet normal -0.0699232 -0.997552 0
    outer loop
      vertex -46.9426 39.6974 -19.15
      vertex -46.5945 39.673 12.4
      vertex -46.9426 39.6974 12.4
    endloop
  endfacet
  facet normal -0.0699232 -0.997552 -0
    outer loop
      vertex -46.5945 39.673 12.4
      vertex -46.9426 39.6974 -19.15
      vertex -46.5945 39.673 -19.15
    endloop
  endfacet
  facet normal -0.927127 -0.374747 0
    outer loop
      vertex -50.9877 42.6363 -19.15
      vertex -51.1185 42.9599 12.4
      vertex -51.1185 42.9599 -19.15
    endloop
  endfacet
  facet normal -0.927127 -0.374747 0
    outer loop
      vertex -51.1185 42.9599 12.4
      vertex -50.9877 42.6363 -19.15
      vertex -50.9877 42.6363 12.4
    endloop
  endfacet
  facet normal -0.342157 0.939643 0
    outer loop
      vertex -47.9651 49.4253 -19.15
      vertex -48.293 49.3059 12.4
      vertex -47.9651 49.4253 12.4
    endloop
  endfacet
  facet normal -0.342157 0.939643 0
    outer loop
      vertex -48.293 49.3059 12.4
      vertex -47.9651 49.4253 -19.15
      vertex -48.293 49.3059 -19.15
    endloop
  endfacet
  facet normal -0.694676 0.719322 0
    outer loop
      vertex -49.7657 48.3857 -1.2
      vertex -50.0167 48.1433 12.4
      vertex -49.7657 48.3857 12.4
    endloop
  endfacet
  facet normal -0.694676 0.719322 0
    outer loop
      vertex -50.0167 48.1433 12.4
      vertex -49.7657 48.3857 -1.2
      vertex -50.0167 48.1433 -1.2
    endloop
  endfacet
  facet normal -0.994516 -0.10458 0
    outer loop
      vertex -51.3713 43.9741 -19.15
      vertex -51.4078 44.3212 12.4
      vertex -51.4078 44.3212 -19.15
    endloop
  endfacet
  facet normal -0.994516 -0.10458 0
    outer loop
      vertex -51.4078 44.3212 12.4
      vertex -51.3713 43.9741 -19.15
      vertex -51.3713 43.9741 12.4
    endloop
  endfacet
  facet normal -0.927127 0.374747 0
    outer loop
      vertex -51.1185 46.3801 -19.15
      vertex -50.9877 46.7037 12.4
      vertex -50.9877 46.7037 -19.15
    endloop
  endfacet
  facet normal -0.927127 0.374747 0
    outer loop
      vertex -50.9877 46.7037 12.4
      vertex -51.1185 46.3801 -19.15
      vertex -51.1185 46.3801 12.4
    endloop
  endfacet
  facet normal -0.0699232 0.997552 0
    outer loop
      vertex -46.5945 49.667 -19.15
      vertex -46.9426 49.6426 12.4
      vertex -46.5945 49.667 12.4
    endloop
  endfacet
  facet normal -0.0699232 0.997552 0
    outer loop
      vertex -46.9426 49.6426 12.4
      vertex -46.5945 49.667 -19.15
      vertex -46.9426 49.6426 -19.15
    endloop
  endfacet
  facet normal 0.275629 -0.961264 0
    outer loop
      vertex -45.2104 39.8185 -19.15
      vertex -44.8749 39.9147 12.4
      vertex -45.2104 39.8185 12.4
    endloop
  endfacet
  facet normal 0.275629 -0.961264 0
    outer loop
      vertex -44.8749 39.9147 12.4
      vertex -45.2104 39.8185 -19.15
      vertex -44.8749 39.9147 -19.15
    endloop
  endfacet
  facet normal -0.829084 -0.559123 0
    outer loop
      vertex -50.4651 41.7311 -19.15
      vertex -50.6602 42.0204 12.4
      vertex -50.6602 42.0204 -19.15
    endloop
  endfacet
  facet normal -0.829084 -0.559123 0
    outer loop
      vertex -50.6602 42.0204 12.4
      vertex -50.4651 41.7311 -19.15
      vertex -50.4651 41.7311 12.4
    endloop
  endfacet
  facet normal -0.865995 -0.500053 0
    outer loop
      vertex -50.6602 42.0204 -19.15
      vertex -50.8347 42.3226 12.4
      vertex -50.8347 42.3226 -19.15
    endloop
  endfacet
  facet normal -0.865995 -0.500053 0
    outer loop
      vertex -50.8347 42.3226 12.4
      vertex -50.6602 42.0204 -19.15
      vertex -50.6602 42.0204 12.4
    endloop
  endfacet
  facet normal 0.951091 0.308911 0
    outer loop
      vertex -41.6137 46.0482 12.4
      vertex -41.7215 46.3801 -19.15
      vertex -41.7215 46.3801 12.4
    endloop
  endfacet
  facet normal 0.951091 0.308911 0
    outer loop
      vertex -41.7215 46.3801 -19.15
      vertex -41.6137 46.0482 12.4
      vertex -41.6137 46.0482 -19.15
    endloop
  endfacet
  facet normal 0.139255 -0.990257 0
    outer loop
      vertex -45.8974 39.6974 -19.15
      vertex -45.5518 39.746 12.4
      vertex -45.8974 39.6974 12.4
    endloop
  endfacet
  facet normal 0.139255 -0.990257 0
    outer loop
      vertex -45.5518 39.746 12.4
      vertex -45.8974 39.6974 -19.15
      vertex -45.5518 39.746 -19.15
    endloop
  endfacet
  facet normal -0.529793 -0.848127 0
    outer loop
      vertex -49.216 40.5248 -19.15
      vertex -48.92 40.3399 12.4
      vertex -49.216 40.5248 12.4
    endloop
  endfacet
  facet normal -0.529793 -0.848127 -0
    outer loop
      vertex -48.92 40.3399 12.4
      vertex -49.216 40.5248 -19.15
      vertex -48.92 40.3399 -19.15
    endloop
  endfacet
  facet normal 0.406537 0.913634 -0
    outer loop
      vertex -44.2281 49.164 -19.15
      vertex -44.547 49.3059 12.4
      vertex -44.2281 49.164 12.4
    endloop
  endfacet
  facet normal 0.406537 0.913634 0
    outer loop
      vertex -44.547 49.3059 12.4
      vertex -44.2281 49.164 -19.15
      vertex -44.547 49.3059 -19.15
    endloop
  endfacet
  facet normal -0.58778 0.809021 0
    outer loop
      vertex -49.216 48.8152 -1.2
      vertex -49.4983 48.6101 12.4
      vertex -49.216 48.8152 12.4
    endloop
  endfacet
  facet normal -0.58778 0.809021 0
    outer loop
      vertex -49.4983 48.6101 12.4
      vertex -49.216 48.8152 -1.2
      vertex -49.4983 48.6101 -1.2
    endloop
  endfacet
  facet normal 0.898796 -0.438367 0
    outer loop
      vertex -42.0053 -47.0174 12.4
      vertex -41.8523 -46.7037 -19.15
      vertex -41.8523 -46.7037 12.4
    endloop
  endfacet
  facet normal 0.898796 -0.438367 0
    outer loop
      vertex -41.8523 -46.7037 -19.15
      vertex -42.0053 -47.0174 12.4
      vertex -42.0053 -47.0174 -19.15
    endloop
  endfacet
  facet normal 0.994516 -0.10458 0
    outer loop
      vertex -41.4687 -45.3659 12.4
      vertex -41.4322 -45.0188 -19.15
      vertex -41.4322 -45.0188 12.4
    endloop
  endfacet
  facet normal 0.994516 -0.10458 0
    outer loop
      vertex -41.4322 -45.0188 -19.15
      vertex -41.4687 -45.3659 12.4
      vertex -41.4687 -45.3659 -19.15
    endloop
  endfacet
  facet normal 0.999389 -0.0349557 0
    outer loop
      vertex -41.4322 -45.0188 12.4
      vertex -41.42 -44.67 -19.15
      vertex -41.42 -44.67 12.4
    endloop
  endfacet
  facet normal 0.999389 -0.0349557 0
    outer loop
      vertex -41.42 -44.67 -19.15
      vertex -41.4322 -45.0188 12.4
      vertex -41.4322 -45.0188 -19.15
    endloop
  endfacet
  facet normal 0.98481 -0.173638 0
    outer loop
      vertex -41.5293 -45.7096 12.4
      vertex -41.4687 -45.3659 -19.15
      vertex -41.4687 -45.3659 12.4
    endloop
  endfacet
  facet normal 0.98481 -0.173638 0
    outer loop
      vertex -41.4687 -45.3659 -19.15
      vertex -41.5293 -45.7096 12.4
      vertex -41.5293 -45.7096 -19.15
    endloop
  endfacet
  facet normal 0.898796 0.438367 0
    outer loop
      vertex -41.8523 -42.6363 12.4
      vertex -42.0053 -42.3226 -19.15
      vertex -42.0053 -42.3226 12.4
    endloop
  endfacet
  facet normal 0.898796 0.438367 0
    outer loop
      vertex -42.0053 -42.3226 -19.15
      vertex -41.8523 -42.6363 12.4
      vertex -41.8523 -42.6363 -19.15
    endloop
  endfacet
  facet normal -0.207729 -0.978187 0
    outer loop
      vertex -47.6296 -49.5215 -19.15
      vertex -47.2882 -49.594 12.4
      vertex -47.6296 -49.5215 12.4
    endloop
  endfacet
  facet normal -0.207729 -0.978187 -0
    outer loop
      vertex -47.2882 -49.594 12.4
      vertex -47.6296 -49.5215 -19.15
      vertex -47.2882 -49.594 -19.15
    endloop
  endfacet
  facet normal -0.207729 0.978187 0
    outer loop
      vertex -47.2882 -39.746 -19.15
      vertex -47.6296 -39.8185 12.4
      vertex -47.2882 -39.746 12.4
    endloop
  endfacet
  facet normal -0.207729 0.978187 0
    outer loop
      vertex -47.6296 -39.8185 12.4
      vertex -47.2882 -39.746 -19.15
      vertex -47.6296 -39.8185 -19.15
    endloop
  endfacet
  facet normal 0.970311 0.241861 0
    outer loop
      vertex -41.5293 -43.6304 12.4
      vertex -41.6137 -43.2918 -19.15
      vertex -41.6137 -43.2918 12.4
    endloop
  endfacet
  facet normal 0.970311 0.241861 0
    outer loop
      vertex -41.6137 -43.2918 -19.15
      vertex -41.5293 -43.6304 12.4
      vertex -41.5293 -43.6304 -19.15
    endloop
  endfacet
  facet normal 0.970311 -0.241861 0
    outer loop
      vertex -41.6137 -46.0482 12.4
      vertex -41.5293 -45.7096 -19.15
      vertex -41.5293 -45.7096 12.4
    endloop
  endfacet
  facet normal 0.970311 -0.241861 0
    outer loop
      vertex -41.5293 -45.7096 -19.15
      vertex -41.6137 -46.0482 12.4
      vertex -41.6137 -46.0482 -19.15
    endloop
  endfacet
  facet normal 0.406537 -0.913634 0
    outer loop
      vertex -44.547 -49.3059 -19.15
      vertex -44.2281 -49.164 12.4
      vertex -44.547 -49.3059 12.4
    endloop
  endfacet
  facet normal 0.406537 -0.913634 0
    outer loop
      vertex -44.2281 -49.164 12.4
      vertex -44.547 -49.3059 -19.15
      vertex -44.2281 -49.164 -19.15
    endloop
  endfacet
  facet normal 0.694676 0.719322 -0
    outer loop
      vertex -42.8233 -41.1967 -19.15
      vertex -43.0743 -40.9543 12.4
      vertex -42.8233 -41.1967 12.4
    endloop
  endfacet
  facet normal 0.694676 0.719322 0
    outer loop
      vertex -43.0743 -40.9543 12.4
      vertex -42.8233 -41.1967 -19.15
      vertex -43.0743 -40.9543 -19.15
    endloop
  endfacet
  facet normal -0.0699232 -0.997552 0
    outer loop
      vertex -46.9426 -49.6426 -19.15
      vertex -46.5945 -49.667 12.4
      vertex -46.9426 -49.6426 12.4
    endloop
  endfacet
  facet normal -0.0699232 -0.997552 -0
    outer loop
      vertex -46.5945 -49.667 12.4
      vertex -46.9426 -49.6426 -19.15
      vertex -46.5945 -49.667 -19.15
    endloop
  endfacet
  facet normal -0.970311 -0.241861 0
    outer loop
      vertex -51.2263 -46.0482 -19.15
      vertex -51.3107 -45.7096 12.4
      vertex -51.3107 -45.7096 -19.15
    endloop
  endfacet
  facet normal -0.970311 -0.241861 0
    outer loop
      vertex -51.3107 -45.7096 12.4
      vertex -51.2263 -46.0482 -19.15
      vertex -51.2263 -46.0482 12.4
    endloop
  endfacet
  facet normal -0.999389 -0.0349557 0
    outer loop
      vertex -51.4078 -45.0188 -19.15
      vertex -51.42 -44.67 12.4
      vertex -51.42 -44.67 -19.15
    endloop
  endfacet
  facet normal -0.999389 -0.0349557 0
    outer loop
      vertex -51.42 -44.67 12.4
      vertex -51.4078 -45.0188 -19.15
      vertex -51.4078 -45.0188 12.4
    endloop
  endfacet
  facet normal -0.469651 0.882852 0
    outer loop
      vertex -48.6119 -40.176 -19.15
      vertex -48.92 -40.3399 12.4
      vertex -48.6119 -40.176 12.4
    endloop
  endfacet
  facet normal -0.469651 0.882852 0
    outer loop
      vertex -48.92 -40.3399 12.4
      vertex -48.6119 -40.176 -19.15
      vertex -48.92 -40.3399 -19.15
    endloop
  endfacet
  facet normal -0.743237 0.669028 0
    outer loop
      vertex -50.2502 -41.4561 -19.15
      vertex -50.0167 -41.1967 12.4
      vertex -50.0167 -41.1967 -19.15
    endloop
  endfacet
  facet normal -0.743237 0.669028 0
    outer loop
      vertex -50.0167 -41.1967 12.4
      vertex -50.2502 -41.4561 -19.15
      vertex -50.2502 -41.4561 12.4
    endloop
  endfacet
  facet normal 0.642829 -0.76601 0
    outer loop
      vertex -43.3417 -48.6101 -19.15
      vertex -43.0743 -48.3857 12.4
      vertex -43.3417 -48.6101 12.4
    endloop
  endfacet
  facet normal 0.642829 -0.76601 0
    outer loop
      vertex -43.0743 -48.3857 12.4
      vertex -43.3417 -48.6101 -19.15
      vertex -43.0743 -48.3857 -19.15
    endloop
  endfacet
  facet normal 0.0699232 0.997552 -0
    outer loop
      vertex -45.8974 -39.6974 -19.15
      vertex -46.2455 -39.673 12.4
      vertex -45.8974 -39.6974 12.4
    endloop
  endfacet
  facet normal 0.0699232 0.997552 0
    outer loop
      vertex -46.2455 -39.673 12.4
      vertex -45.8974 -39.6974 -19.15
      vertex -46.2455 -39.673 -19.15
    endloop
  endfacet
  facet normal 0.927127 -0.374747 0
    outer loop
      vertex -41.8523 -46.7037 12.4
      vertex -41.7215 -46.3801 -19.15
      vertex -41.7215 -46.3801 12.4
    endloop
  endfacet
  facet normal 0.927127 -0.374747 0
    outer loop
      vertex -41.7215 -46.3801 -19.15
      vertex -41.8523 -46.7037 12.4
      vertex -41.8523 -46.7037 -19.15
    endloop
  endfacet
  facet normal -0.275629 0.961264 0
    outer loop
      vertex -47.6296 -39.8185 -19.15
      vertex -47.9651 -39.9147 12.4
      vertex -47.6296 -39.8185 12.4
    endloop
  endfacet
  facet normal -0.275629 0.961264 0
    outer loop
      vertex -47.9651 -39.9147 12.4
      vertex -47.6296 -39.8185 -19.15
      vertex -47.9651 -39.9147 -19.15
    endloop
  endfacet
  facet normal -0.951091 -0.308911 0
    outer loop
      vertex -51.1185 -46.3801 -19.15
      vertex -51.2263 -46.0482 12.4
      vertex -51.2263 -46.0482 -19.15
    endloop
  endfacet
  facet normal -0.951091 -0.308911 0
    outer loop
      vertex -51.2263 -46.0482 12.4
      vertex -51.1185 -46.3801 -19.15
      vertex -51.1185 -46.3801 12.4
    endloop
  endfacet
  facet normal 0.529793 -0.848127 0
    outer loop
      vertex -43.92 -49.0001 -19.15
      vertex -43.624 -48.8152 12.4
      vertex -43.92 -49.0001 12.4
    endloop
  endfacet
  facet normal 0.529793 -0.848127 0
    outer loop
      vertex -43.624 -48.8152 12.4
      vertex -43.92 -49.0001 -19.15
      vertex -43.624 -48.8152 -19.15
    endloop
  endfacet
  facet normal -0.865995 0.500053 0
    outer loop
      vertex -50.8347 -42.3226 -19.15
      vertex -50.6602 -42.0204 12.4
      vertex -50.6602 -42.0204 -19.15
    endloop
  endfacet
  facet normal -0.865995 0.500053 0
    outer loop
      vertex -50.6602 -42.0204 12.4
      vertex -50.8347 -42.3226 -19.15
      vertex -50.8347 -42.3226 12.4
    endloop
  endfacet
  facet normal 0.469651 -0.882852 0
    outer loop
      vertex -44.2281 -49.164 -19.15
      vertex -43.92 -49.0001 12.4
      vertex -44.2281 -49.164 12.4
    endloop
  endfacet
  facet normal 0.469651 -0.882852 0
    outer loop
      vertex -43.92 -49.0001 12.4
      vertex -44.2281 -49.164 -19.15
      vertex -43.92 -49.0001 -19.15
    endloop
  endfacet
  facet normal -0.951091 0.308911 0
    outer loop
      vertex -51.2263 -43.2918 -19.15
      vertex -51.1185 -42.9599 12.4
      vertex -51.1185 -42.9599 -19.15
    endloop
  endfacet
  facet normal -0.951091 0.308911 0
    outer loop
      vertex -51.1185 -42.9599 12.4
      vertex -51.2263 -43.2918 -19.15
      vertex -51.2263 -43.2918 12.4
    endloop
  endfacet
  facet normal 0.642829 0.76601 -0
    outer loop
      vertex -43.0743 -40.9543 -19.15
      vertex -43.3417 -40.7299 12.4
      vertex -43.0743 -40.9543 12.4
    endloop
  endfacet
  facet normal 0.642829 0.76601 0
    outer loop
      vertex -43.3417 -40.7299 12.4
      vertex -43.0743 -40.9543 -19.15
      vertex -43.3417 -40.7299 -19.15
    endloop
  endfacet
  facet normal 0.0699232 -0.997552 0
    outer loop
      vertex -46.2455 -49.667 -19.15
      vertex -45.8974 -49.6426 12.4
      vertex -46.2455 -49.667 12.4
    endloop
  endfacet
  facet normal 0.0699232 -0.997552 0
    outer loop
      vertex -45.8974 -49.6426 12.4
      vertex -46.2455 -49.667 -19.15
      vertex -45.8974 -49.6426 -19.15
    endloop
  endfacet
  facet normal -0.98481 -0.173638 0
    outer loop
      vertex -51.3107 -45.7096 -19.15
      vertex -51.3713 -45.3659 12.4
      vertex -51.3713 -45.3659 -19.15
    endloop
  endfacet
  facet normal -0.98481 -0.173638 0
    outer loop
      vertex -51.3713 -45.3659 12.4
      vertex -51.3107 -45.7096 -19.15
      vertex -51.3107 -45.7096 12.4
    endloop
  endfacet
  facet normal -0.642829 -0.76601 0
    outer loop
      vertex -49.7657 -48.3857 -1.2
      vertex -49.4983 -48.6101 12.4
      vertex -49.7657 -48.3857 12.4
    endloop
  endfacet
  facet normal -0.642829 -0.76601 -0
    outer loop
      vertex -49.4983 -48.6101 12.4
      vertex -49.7657 -48.3857 -1.2
      vertex -49.4983 -48.6101 -1.2
    endloop
  endfacet
  facet normal 0.829084 -0.559123 0
    outer loop
      vertex -42.3749 -47.6089 12.4
      vertex -42.1798 -47.3196 -19.15
      vertex -42.1798 -47.3196 12.4
    endloop
  endfacet
  facet normal 0.829084 -0.559123 0
    outer loop
      vertex -42.1798 -47.3196 -19.15
      vertex -42.3749 -47.6089 12.4
      vertex -42.3749 -47.6089 -19.15
    endloop
  endfacet
  facet normal -0.529793 0.848127 0
    outer loop
      vertex -48.92 -40.3399 -19.15
      vertex -49.216 -40.5248 12.4
      vertex -48.92 -40.3399 12.4
    endloop
  endfacet
  facet normal -0.529793 0.848127 0
    outer loop
      vertex -49.216 -40.5248 12.4
      vertex -48.92 -40.3399 -19.15
      vertex -49.216 -40.5248 -19.15
    endloop
  endfacet
  facet normal 0.342157 -0.939643 0
    outer loop
      vertex -44.8749 -49.4253 -19.15
      vertex -44.547 -49.3059 12.4
      vertex -44.8749 -49.4253 12.4
    endloop
  endfacet
  facet normal 0.342157 -0.939643 0
    outer loop
      vertex -44.547 -49.3059 12.4
      vertex -44.8749 -49.4253 -19.15
      vertex -44.547 -49.3059 -19.15
    endloop
  endfacet
  facet normal 0.275629 0.961264 -0
    outer loop
      vertex -44.8749 -39.9147 -19.15
      vertex -45.2104 -39.8185 12.4
      vertex -44.8749 -39.9147 12.4
    endloop
  endfacet
  facet normal 0.275629 0.961264 0
    outer loop
      vertex -45.2104 -39.8185 12.4
      vertex -44.8749 -39.9147 -19.15
      vertex -45.2104 -39.8185 -19.15
    endloop
  endfacet
  facet normal 0.951091 0.308911 0
    outer loop
      vertex -41.6137 -43.2918 12.4
      vertex -41.7215 -42.9599 -19.15
      vertex -41.7215 -42.9599 12.4
    endloop
  endfacet
  facet normal 0.951091 0.308911 0
    outer loop
      vertex -41.7215 -42.9599 -19.15
      vertex -41.6137 -43.2918 12.4
      vertex -41.6137 -43.2918 -19.15
    endloop
  endfacet
  facet normal 0.139255 0.990257 -0
    outer loop
      vertex -45.5518 -39.746 -19.15
      vertex -45.8974 -39.6974 12.4
      vertex -45.5518 -39.746 12.4
    endloop
  endfacet
  facet normal 0.139255 0.990257 0
    outer loop
      vertex -45.8974 -39.6974 12.4
      vertex -45.5518 -39.746 -19.15
      vertex -45.8974 -39.6974 -19.15
    endloop
  endfacet
  facet normal -0.787946 -0.615744 0
    outer loop
      vertex -50.2502 -47.8839 -1.2
      vertex -50.4651 -47.6089 12.4
      vertex -50.4651 -47.6089 -1.2
    endloop
  endfacet
  facet normal -0.787946 -0.615744 0
    outer loop
      vertex -50.4651 -47.6089 12.4
      vertex -50.2502 -47.8839 -1.2
      vertex -50.2502 -47.8839 12.4
    endloop
  endfacet
  facet normal 0.98481 0.173638 0
    outer loop
      vertex -41.4687 -43.9741 12.4
      vertex -41.5293 -43.6304 -19.15
      vertex -41.5293 -43.6304 12.4
    endloop
  endfacet
  facet normal 0.98481 0.173638 0
    outer loop
      vertex -41.5293 -43.6304 -19.15
      vertex -41.4687 -43.9741 12.4
      vertex -41.4687 -43.9741 -19.15
    endloop
  endfacet
  facet normal 0.529793 0.848127 -0
    outer loop
      vertex -43.624 -40.5248 -19.15
      vertex -43.92 -40.3399 12.4
      vertex -43.624 -40.5248 12.4
    endloop
  endfacet
  facet normal 0.529793 0.848127 0
    outer loop
      vertex -43.92 -40.3399 12.4
      vertex -43.624 -40.5248 -19.15
      vertex -43.92 -40.3399 -19.15
    endloop
  endfacet
  facet normal 0.787946 0.615744 0
    outer loop
      vertex -42.3749 -41.7311 12.4
      vertex -42.5898 -41.4561 -19.15
      vertex -42.5898 -41.4561 12.4
    endloop
  endfacet
  facet normal 0.787946 0.615744 0
    outer loop
      vertex -42.5898 -41.4561 -19.15
      vertex -42.3749 -41.7311 12.4
      vertex -42.3749 -41.7311 -19.15
    endloop
  endfacet
  facet normal 0.829084 0.559123 0
    outer loop
      vertex -42.1798 -42.0204 12.4
      vertex -42.3749 -41.7311 -19.15
      vertex -42.3749 -41.7311 12.4
    endloop
  endfacet
  facet normal 0.829084 0.559123 0
    outer loop
      vertex -42.3749 -41.7311 -19.15
      vertex -42.1798 -42.0204 12.4
      vertex -42.1798 -42.0204 -19.15
    endloop
  endfacet
  facet normal 0.469651 0.882852 -0
    outer loop
      vertex -43.92 -40.3399 -19.15
      vertex -44.2281 -40.176 12.4
      vertex -43.92 -40.3399 12.4
    endloop
  endfacet
  facet normal 0.469651 0.882852 0
    outer loop
      vertex -44.2281 -40.176 12.4
      vertex -43.92 -40.3399 -19.15
      vertex -44.2281 -40.176 -19.15
    endloop
  endfacet
  facet normal 0.342157 0.939643 -0
    outer loop
      vertex -44.547 -40.0341 -19.15
      vertex -44.8749 -39.9147 12.4
      vertex -44.547 -40.0341 12.4
    endloop
  endfacet
  facet normal 0.342157 0.939643 0
    outer loop
      vertex -44.8749 -39.9147 12.4
      vertex -44.547 -40.0341 -19.15
      vertex -44.8749 -39.9147 -19.15
    endloop
  endfacet
  facet normal -0.865995 -0.500053 0
    outer loop
      vertex -50.6602 -47.3196 -1.2
      vertex -50.8347 -47.0174 12.4
      vertex -50.8347 -47.0174 -1.2
    endloop
  endfacet
  facet normal -0.865995 -0.500053 0
    outer loop
      vertex -50.8347 -47.0174 12.4
      vertex -50.6602 -47.3196 -1.2
      vertex -50.6602 -47.3196 12.4
    endloop
  endfacet
  facet normal -0.275629 -0.961264 0
    outer loop
      vertex -47.9651 -49.4253 -19.15
      vertex -47.6296 -49.5215 12.4
      vertex -47.9651 -49.4253 12.4
    endloop
  endfacet
  facet normal -0.275629 -0.961264 -0
    outer loop
      vertex -47.6296 -49.5215 12.4
      vertex -47.9651 -49.4253 -19.15
      vertex -47.6296 -49.5215 -19.15
    endloop
  endfacet
  facet normal 0.787946 -0.615744 0
    outer loop
      vertex -42.5898 -47.8839 12.4
      vertex -42.3749 -47.6089 -19.15
      vertex -42.3749 -47.6089 12.4
    endloop
  endfacet
  facet normal 0.787946 -0.615744 0
    outer loop
      vertex -42.3749 -47.6089 -19.15
      vertex -42.5898 -47.8839 12.4
      vertex -42.5898 -47.8839 -19.15
    endloop
  endfacet
  facet normal -0.58778 -0.809021 0
    outer loop
      vertex -49.4983 -48.6101 -1.2
      vertex -49.216 -48.8152 12.4
      vertex -49.4983 -48.6101 12.4
    endloop
  endfacet
  facet normal -0.58778 -0.809021 -0
    outer loop
      vertex -49.216 -48.8152 12.4
      vertex -49.4983 -48.6101 -1.2
      vertex -49.216 -48.8152 -1.2
    endloop
  endfacet
  facet normal 0.951091 -0.308911 0
    outer loop
      vertex -41.7215 -46.3801 12.4
      vertex -41.6137 -46.0482 -19.15
      vertex -41.6137 -46.0482 12.4
    endloop
  endfacet
  facet normal 0.951091 -0.308911 0
    outer loop
      vertex -41.6137 -46.0482 -19.15
      vertex -41.7215 -46.3801 12.4
      vertex -41.7215 -46.3801 -19.15
    endloop
  endfacet
  facet normal -0.139255 -0.990257 0
    outer loop
      vertex -47.2882 -49.594 -19.15
      vertex -46.9426 -49.6426 12.4
      vertex -47.2882 -49.594 12.4
    endloop
  endfacet
  facet normal -0.139255 -0.990257 -0
    outer loop
      vertex -46.9426 -49.6426 12.4
      vertex -47.2882 -49.594 -19.15
      vertex -46.9426 -49.6426 -19.15
    endloop
  endfacet
  facet normal 0.999389 0.0349557 0
    outer loop
      vertex -41.42 -44.67 12.4
      vertex -41.4322 -44.3212 -19.15
      vertex -41.4322 -44.3212 12.4
    endloop
  endfacet
  facet normal 0.999389 0.0349557 0
    outer loop
      vertex -41.4322 -44.3212 -19.15
      vertex -41.42 -44.67 12.4
      vertex -41.42 -44.67 -19.15
    endloop
  endfacet
  facet normal 0.994516 0.10458 0
    outer loop
      vertex -41.4322 -44.3212 12.4
      vertex -41.4687 -43.9741 -19.15
      vertex -41.4687 -43.9741 12.4
    endloop
  endfacet
  facet normal 0.994516 0.10458 0
    outer loop
      vertex -41.4687 -43.9741 -19.15
      vertex -41.4322 -44.3212 12.4
      vertex -41.4322 -44.3212 -19.15
    endloop
  endfacet
  facet normal -0.994516 0.10458 0
    outer loop
      vertex -51.4078 -44.3212 -19.15
      vertex -51.3713 -43.9741 12.4
      vertex -51.3713 -43.9741 -19.15
    endloop
  endfacet
  facet normal -0.994516 0.10458 0
    outer loop
      vertex -51.3713 -43.9741 12.4
      vertex -51.4078 -44.3212 -19.15
      vertex -51.4078 -44.3212 12.4
    endloop
  endfacet
  facet normal -0.927127 0.374747 0
    outer loop
      vertex -51.1185 -42.9599 -19.15
      vertex -50.9877 -42.6363 12.4
      vertex -50.9877 -42.6363 -19.15
    endloop
  endfacet
  facet normal -0.927127 0.374747 0
    outer loop
      vertex -50.9877 -42.6363 12.4
      vertex -51.1185 -42.9599 -19.15
      vertex -51.1185 -42.9599 12.4
    endloop
  endfacet
  facet normal 0.207729 -0.978187 0
    outer loop
      vertex -45.5518 -49.594 -19.15
      vertex -45.2104 -49.5215 12.4
      vertex -45.5518 -49.594 12.4
    endloop
  endfacet
  facet normal 0.207729 -0.978187 0
    outer loop
      vertex -45.2104 -49.5215 12.4
      vertex -45.5518 -49.594 -19.15
      vertex -45.2104 -49.5215 -19.15
    endloop
  endfacet
  facet normal 0 1 -0
    outer loop
      vertex -46.2455 -39.673 -19.15
      vertex -46.5945 -39.673 12.4
      vertex -46.2455 -39.673 12.4
    endloop
  endfacet
  facet normal 0 1 0
    outer loop
      vertex -46.5945 -39.673 12.4
      vertex -46.2455 -39.673 -19.15
      vertex -46.5945 -39.673 -19.15
    endloop
  endfacet
  facet normal -0.994516 -0.10458 0
    outer loop
      vertex -51.3713 -45.3659 -19.15
      vertex -51.4078 -45.0188 12.4
      vertex -51.4078 -45.0188 -19.15
    endloop
  endfacet
  facet normal -0.994516 -0.10458 0
    outer loop
      vertex -51.4078 -45.0188 12.4
      vertex -51.3713 -45.3659 -19.15
      vertex -51.3713 -45.3659 12.4
    endloop
  endfacet
  facet normal 0.139255 -0.990257 0
    outer loop
      vertex -45.8974 -49.6426 -19.15
      vertex -45.5518 -49.594 12.4
      vertex -45.8974 -49.6426 12.4
    endloop
  endfacet
  facet normal 0.139255 -0.990257 0
    outer loop
      vertex -45.5518 -49.594 12.4
      vertex -45.8974 -49.6426 -19.15
      vertex -45.5518 -49.594 -19.15
    endloop
  endfacet
  facet normal 0.58778 0.809021 -0
    outer loop
      vertex -43.3417 -40.7299 -19.15
      vertex -43.624 -40.5248 12.4
      vertex -43.3417 -40.7299 12.4
    endloop
  endfacet
  facet normal 0.58778 0.809021 0
    outer loop
      vertex -43.624 -40.5248 12.4
      vertex -43.3417 -40.7299 -19.15
      vertex -43.624 -40.5248 -19.15
    endloop
  endfacet
  facet normal -0.898796 0.438367 0
    outer loop
      vertex -50.9877 -42.6363 -19.15
      vertex -50.8347 -42.3226 12.4
      vertex -50.8347 -42.3226 -19.15
    endloop
  endfacet
  facet normal -0.898796 0.438367 0
    outer loop
      vertex -50.8347 -42.3226 12.4
      vertex -50.9877 -42.6363 -19.15
      vertex -50.9877 -42.6363 12.4
    endloop
  endfacet
  facet normal -0.970311 0.241861 0
    outer loop
      vertex -51.3107 -43.6304 -19.15
      vertex -51.2263 -43.2918 12.4
      vertex -51.2263 -43.2918 -19.15
    endloop
  endfacet
  facet normal -0.970311 0.241861 0
    outer loop
      vertex -51.2263 -43.2918 12.4
      vertex -51.3107 -43.6304 -19.15
      vertex -51.3107 -43.6304 12.4
    endloop
  endfacet
  facet normal -0.927127 -0.374747 0
    outer loop
      vertex -50.9877 -46.7037 -19.15
      vertex -51.1185 -46.3801 12.4
      vertex -51.1185 -46.3801 -19.15
    endloop
  endfacet
  facet normal -0.927127 -0.374747 0
    outer loop
      vertex -51.1185 -46.3801 12.4
      vertex -50.9877 -46.7037 -19.15
      vertex -50.9877 -46.7037 12.4
    endloop
  endfacet
  facet normal -0.139255 0.990257 0
    outer loop
      vertex -46.9426 -39.6974 -19.15
      vertex -47.2882 -39.746 12.4
      vertex -46.9426 -39.6974 12.4
    endloop
  endfacet
  facet normal -0.139255 0.990257 0
    outer loop
      vertex -47.2882 -39.746 12.4
      vertex -46.9426 -39.6974 -19.15
      vertex -47.2882 -39.746 -19.15
    endloop
  endfacet
  facet normal 0 -1 0
    outer loop
      vertex -46.5945 -49.667 -19.15
      vertex -46.2455 -49.667 12.4
      vertex -46.5945 -49.667 12.4
    endloop
  endfacet
  facet normal 0 -1 -0
    outer loop
      vertex -46.2455 -49.667 12.4
      vertex -46.5945 -49.667 -19.15
      vertex -46.2455 -49.667 -19.15
    endloop
  endfacet
  facet normal -0.694676 0.719322 0
    outer loop
      vertex -49.7657 -40.9543 -19.15
      vertex -50.0167 -41.1967 12.4
      vertex -49.7657 -40.9543 12.4
    endloop
  endfacet
  facet normal -0.694676 0.719322 0
    outer loop
      vertex -50.0167 -41.1967 12.4
      vertex -49.7657 -40.9543 -19.15
      vertex -50.0167 -41.1967 -19.15
    endloop
  endfacet
  facet normal 0.406537 0.913634 -0
    outer loop
      vertex -44.2281 -40.176 -19.15
      vertex -44.547 -40.0341 12.4
      vertex -44.2281 -40.176 12.4
    endloop
  endfacet
  facet normal 0.406537 0.913634 0
    outer loop
      vertex -44.547 -40.0341 12.4
      vertex -44.2281 -40.176 -19.15
      vertex -44.547 -40.0341 -19.15
    endloop
  endfacet
  facet normal 0.865995 0.500053 0
    outer loop
      vertex -42.0053 -42.3226 12.4
      vertex -42.1798 -42.0204 -19.15
      vertex -42.1798 -42.0204 12.4
    endloop
  endfacet
  facet normal 0.865995 0.500053 0
    outer loop
      vertex -42.1798 -42.0204 -19.15
      vertex -42.0053 -42.3226 12.4
      vertex -42.0053 -42.3226 -19.15
    endloop
  endfacet
  facet normal -0.694676 -0.719322 0
    outer loop
      vertex -50.0167 -48.1433 -1.2
      vertex -49.7657 -48.3857 12.4
      vertex -50.0167 -48.1433 12.4
    endloop
  endfacet
  facet normal -0.694676 -0.719322 -0
    outer loop
      vertex -49.7657 -48.3857 12.4
      vertex -50.0167 -48.1433 -1.2
      vertex -49.7657 -48.3857 -1.2
    endloop
  endfacet
  facet normal -0.406537 -0.913634 0
    outer loop
      vertex -48.6119 -49.164 -19.15
      vertex -48.293 -49.3059 12.4
      vertex -48.6119 -49.164 12.4
    endloop
  endfacet
  facet normal -0.406537 -0.913634 -0
    outer loop
      vertex -48.293 -49.3059 12.4
      vertex -48.6119 -49.164 -19.15
      vertex -48.293 -49.3059 -19.15
    endloop
  endfacet
  facet normal 0.694676 -0.719322 0
    outer loop
      vertex -43.0743 -48.3857 -19.15
      vertex -42.8233 -48.1433 12.4
      vertex -43.0743 -48.3857 12.4
    endloop
  endfacet
  facet normal 0.694676 -0.719322 0
    outer loop
      vertex -42.8233 -48.1433 12.4
      vertex -43.0743 -48.3857 -19.15
      vertex -42.8233 -48.1433 -19.15
    endloop
  endfacet
  facet normal 0.865995 -0.500053 0
    outer loop
      vertex -42.1798 -47.3196 12.4
      vertex -42.0053 -47.0174 -19.15
      vertex -42.0053 -47.0174 12.4
    endloop
  endfacet
  facet normal 0.865995 -0.500053 0
    outer loop
      vertex -42.0053 -47.0174 -19.15
      vertex -42.1798 -47.3196 12.4
      vertex -42.1798 -47.3196 -19.15
    endloop
  endfacet
  facet normal -0.743237 -0.669028 0
    outer loop
      vertex -50.0167 -48.1433 -1.2
      vertex -50.2502 -47.8839 12.4
      vertex -50.2502 -47.8839 -1.2
    endloop
  endfacet
  facet normal -0.743237 -0.669028 0
    outer loop
      vertex -50.2502 -47.8839 12.4
      vertex -50.0167 -48.1433 -1.2
      vertex -50.0167 -48.1433 12.4
    endloop
  endfacet
  facet normal 0.207729 0.978187 -0
    outer loop
      vertex -45.2104 -39.8185 -19.15
      vertex -45.5518 -39.746 12.4
      vertex -45.2104 -39.8185 12.4
    endloop
  endfacet
  facet normal 0.207729 0.978187 0
    outer loop
      vertex -45.5518 -39.746 12.4
      vertex -45.2104 -39.8185 -19.15
      vertex -45.5518 -39.746 -19.15
    endloop
  endfacet
  facet normal 0.58778 -0.809021 0
    outer loop
      vertex -43.624 -48.8152 -19.15
      vertex -43.3417 -48.6101 12.4
      vertex -43.624 -48.8152 12.4
    endloop
  endfacet
  facet normal 0.58778 -0.809021 0
    outer loop
      vertex -43.3417 -48.6101 12.4
      vertex -43.624 -48.8152 -19.15
      vertex -43.3417 -48.6101 -19.15
    endloop
  endfacet
  facet normal -0.342157 -0.939643 0
    outer loop
      vertex -48.293 -49.3059 -19.15
      vertex -47.9651 -49.4253 12.4
      vertex -48.293 -49.3059 12.4
    endloop
  endfacet
  facet normal -0.342157 -0.939643 -0
    outer loop
      vertex -47.9651 -49.4253 12.4
      vertex -48.293 -49.3059 -19.15
      vertex -47.9651 -49.4253 -19.15
    endloop
  endfacet
  facet normal 0.927127 0.374747 0
    outer loop
      vertex -41.7215 -42.9599 12.4
      vertex -41.8523 -42.6363 -19.15
      vertex -41.8523 -42.6363 12.4
    endloop
  endfacet
  facet normal 0.927127 0.374747 0
    outer loop
      vertex -41.8523 -42.6363 -19.15
      vertex -41.7215 -42.9599 12.4
      vertex -41.7215 -42.9599 -19.15
    endloop
  endfacet
  facet normal 0.743237 -0.669028 0
    outer loop
      vertex -42.8233 -48.1433 12.4
      vertex -42.5898 -47.8839 -19.15
      vertex -42.5898 -47.8839 12.4
    endloop
  endfacet
  facet normal 0.743237 -0.669028 0
    outer loop
      vertex -42.5898 -47.8839 -19.15
      vertex -42.8233 -48.1433 12.4
      vertex -42.8233 -48.1433 -19.15
    endloop
  endfacet
  facet normal -0.342157 0.939643 0
    outer loop
      vertex -47.9651 -39.9147 -19.15
      vertex -48.293 -40.0341 12.4
      vertex -47.9651 -39.9147 12.4
    endloop
  endfacet
  facet normal -0.342157 0.939643 0
    outer loop
      vertex -48.293 -40.0341 12.4
      vertex -47.9651 -39.9147 -19.15
      vertex -48.293 -40.0341 -19.15
    endloop
  endfacet
  facet normal 0.275629 -0.961264 0
    outer loop
      vertex -45.2104 -49.5215 -19.15
      vertex -44.8749 -49.4253 12.4
      vertex -45.2104 -49.5215 12.4
    endloop
  endfacet
  facet normal 0.275629 -0.961264 0
    outer loop
      vertex -44.8749 -49.4253 12.4
      vertex -45.2104 -49.5215 -19.15
      vertex -44.8749 -49.4253 -19.15
    endloop
  endfacet
  facet normal -0.469651 -0.882852 0
    outer loop
      vertex -48.92 -49.0001 -1.2
      vertex -48.6119 -49.164 12.4
      vertex -48.92 -49.0001 12.4
    endloop
  endfacet
  facet normal -0.469574 -0.882893 -2.22549e-06
    outer loop
      vertex -48.7301 -49.1011 -1.2
      vertex -48.6119 -49.164 12.4
      vertex -48.92 -49.0001 -1.2
    endloop
  endfacet
  facet normal -0.469774 -0.882787 0
    outer loop
      vertex -48.6119 -49.164 -19.15
      vertex -48.7301 -49.1011 -1.2
      vertex -48.7301 -49.1011 -19.15
    endloop
  endfacet
  facet normal -0.469774 -0.882787 0
    outer loop
      vertex -48.7301 -49.1011 -1.2
      vertex -48.6119 -49.164 -19.15
      vertex -48.6119 -49.164 12.4
    endloop
  endfacet
  facet normal 0.743237 0.669028 0
    outer loop
      vertex -42.5898 -41.4561 12.4
      vertex -42.8233 -41.1967 -19.15
      vertex -42.8233 -41.1967 12.4
    endloop
  endfacet
  facet normal 0.743237 0.669028 0
    outer loop
      vertex -42.8233 -41.1967 -19.15
      vertex -42.5898 -41.4561 12.4
      vertex -42.5898 -41.4561 -19.15
    endloop
  endfacet
  facet normal -0.642829 0.76601 0
    outer loop
      vertex -49.4983 -40.7299 -19.15
      vertex -49.7657 -40.9543 12.4
      vertex -49.4983 -40.7299 12.4
    endloop
  endfacet
  facet normal -0.642829 0.76601 0
    outer loop
      vertex -49.7657 -40.9543 12.4
      vertex -49.4983 -40.7299 -19.15
      vertex -49.7657 -40.9543 -19.15
    endloop
  endfacet
  facet normal -0.406537 0.913634 0
    outer loop
      vertex -48.293 -40.0341 -19.15
      vertex -48.6119 -40.176 12.4
      vertex -48.293 -40.0341 12.4
    endloop
  endfacet
  facet normal -0.406537 0.913634 0
    outer loop
      vertex -48.6119 -40.176 12.4
      vertex -48.293 -40.0341 -19.15
      vertex -48.6119 -40.176 -19.15
    endloop
  endfacet
  facet normal -0.98481 0.173638 0
    outer loop
      vertex -51.3713 -43.9741 -19.15
      vertex -51.3107 -43.6304 12.4
      vertex -51.3107 -43.6304 -19.15
    endloop
  endfacet
  facet normal -0.98481 0.173638 0
    outer loop
      vertex -51.3107 -43.6304 12.4
      vertex -51.3713 -43.9741 -19.15
      vertex -51.3713 -43.9741 12.4
    endloop
  endfacet
  facet normal -0.0699232 0.997552 0
    outer loop
      vertex -46.5945 -39.673 -19.15
      vertex -46.9426 -39.6974 12.4
      vertex -46.5945 -39.673 12.4
    endloop
  endfacet
  facet normal -0.0699232 0.997552 0
    outer loop
      vertex -46.9426 -39.6974 12.4
      vertex -46.5945 -39.673 -19.15
      vertex -46.9426 -39.6974 -19.15
    endloop
  endfacet
  facet normal 0 0 1
    outer loop
      vertex -44.6198 -44.67 12.4
      vertex -41.42 -44.67 12.4
      vertex -41.4322 -44.3212 12.4
    endloop
  endfacet
  facet normal 0 0 1
    outer loop
      vertex -44.6198 -44.67 12.4
      vertex -41.4322 -44.3212 12.4
      vertex -41.4687 -43.9741 12.4
    endloop
  endfacet
  facet normal 0 0 1
    outer loop
      vertex -41.42 -44.67 12.4
      vertex -44.6198 -44.67 12.4
      vertex -41.4322 -45.0188 12.4
    endloop
  endfacet
  facet normal 0 0 1
    outer loop
      vertex -44.6811 -44.2041 12.4
      vertex -41.4687 -43.9741 12.4
      vertex -41.5293 -43.6304 12.4
    endloop
  endfacet
  facet normal 0 0 1
    outer loop
      vertex -41.4322 -45.0188 12.4
      vertex -44.6198 -44.67 12.4
      vertex -41.4687 -45.3659 12.4
    endloop
  endfacet
  facet normal 0 0 1
    outer loop
      vertex -44.6811 -44.2041 12.4
      vertex -41.5293 -43.6304 12.4
      vertex -41.6137 -43.2918 12.4
    endloop
  endfacet
  facet normal -0 0 1
    outer loop
      vertex -44.6811 -45.1359 12.4
      vertex -41.4687 -45.3659 12.4
      vertex -44.6198 -44.67 12.4
    endloop
  endfacet
  facet normal 0 0 1
    outer loop
      vertex -44.6811 -44.2041 12.4
      vertex -41.6137 -43.2918 12.4
      vertex -41.7215 -42.9599 12.4
    endloop
  endfacet
  facet normal 0 0 1
    outer loop
      vertex -41.4687 -45.3659 12.4
      vertex -44.6811 -45.1359 12.4
      vertex -41.5293 -45.7096 12.4
    endloop
  endfacet
  facet normal 0 0 1
    outer loop
      vertex -44.6811 -44.2041 12.4
      vertex -41.7215 -42.9599 12.4
      vertex -41.8523 -42.6363 12.4
    endloop
  endfacet
  facet normal 0 0 1
    outer loop
      vertex -41.5293 -45.7096 12.4
      vertex -44.6811 -45.1359 12.4
      vertex -41.6137 -46.0482 12.4
    endloop
  endfacet
  facet normal 0 0 1
    outer loop
      vertex -44.861 -43.7699 12.4
      vertex -41.8523 -42.6363 12.4
      vertex -42.0053 -42.3226 12.4
    endloop
  endfacet
  facet normal 0 0 1
    outer loop
      vertex -41.6137 -46.0482 12.4
      vertex -44.6811 -45.1359 12.4
      vertex -41.7215 -46.3801 12.4
    endloop
  endfacet
  facet normal 0 0 1
    outer loop
      vertex -44.861 -43.7699 12.4
      vertex -42.0053 -42.3226 12.4
      vertex -42.1798 -42.0204 12.4
    endloop
  endfacet
  facet normal 0 0 1
    outer loop
      vertex -41.7215 -46.3801 12.4
      vertex -44.6811 -45.1359 12.4
      vertex -41.8523 -46.7037 12.4
    endloop
  endfacet
  facet normal 0 0 1
    outer loop
      vertex -44.861 -43.7699 12.4
      vertex -42.1798 -42.0204 12.4
      vertex -42.3749 -41.7311 12.4
    endloop
  endfacet
  facet normal -0 0 1
    outer loop
      vertex -44.861 -45.5701 12.4
      vertex -41.8523 -46.7037 12.4
      vertex -44.6811 -45.1359 12.4
    endloop
  endfacet
  facet normal 0 0 1
    outer loop
      vertex -45.1471 -43.3971 12.4
      vertex -42.3749 -41.7311 12.4
      vertex -42.5898 -41.4561 12.4
    endloop
  endfacet
  facet normal 0 0 1
    outer loop
      vertex -41.8523 -46.7037 12.4
      vertex -44.861 -45.5701 12.4
      vertex -42.0053 -47.0174 12.4
    endloop
  endfacet
  facet normal 0 0 1
    outer loop
      vertex -45.1471 -43.3971 12.4
      vertex -42.5898 -41.4561 12.4
      vertex -42.8233 -41.1967 12.4
    endloop
  endfacet
  facet normal 0 0 1
    outer loop
      vertex -42.0053 -47.0174 12.4
      vertex -44.861 -45.5701 12.4
      vertex -42.1798 -47.3196 12.4
    endloop
  endfacet
  facet normal 0 0 1
    outer loop
      vertex -45.1471 -43.3971 12.4
      vertex -42.8233 -41.1967 12.4
      vertex -43.0743 -40.9543 12.4
    endloop
  endfacet
  facet normal 0 0 1
    outer loop
      vertex -42.1798 -47.3196 12.4
      vertex -44.861 -45.5701 12.4
      vertex -42.3749 -47.6089 12.4
    endloop
  endfacet
  facet normal 0 0 1
    outer loop
      vertex -45.1471 -43.3971 12.4
      vertex -43.0743 -40.9543 12.4
      vertex -43.3417 -40.7299 12.4
    endloop
  endfacet
  facet normal -0 0 1
    outer loop
      vertex -45.1471 -45.9429 12.4
      vertex -42.3749 -47.6089 12.4
      vertex -44.861 -45.5701 12.4
    endloop
  endfacet
  facet normal 0 0 1
    outer loop
      vertex -45.5199 -43.111 12.4
      vertex -43.3417 -40.7299 12.4
      vertex -43.624 -40.5248 12.4
    endloop
  endfacet
  facet normal 0 0 1
    outer loop
      vertex -42.3749 -47.6089 12.4
      vertex -45.1471 -45.9429 12.4
      vertex -42.5898 -47.8839 12.4
    endloop
  endfacet
  facet normal 0 0 1
    outer loop
      vertex -45.5199 -43.111 12.4
      vertex -43.624 -40.5248 12.4
      vertex -43.92 -40.3399 12.4
    endloop
  endfacet
  facet normal 0 0 1
    outer loop
      vertex -42.5898 -47.8839 12.4
      vertex -45.1471 -45.9429 12.4
      vertex -42.8233 -48.1433 12.4
    endloop
  endfacet
  facet normal 0 0 1
    outer loop
      vertex -45.5199 -43.111 12.4
      vertex -43.92 -40.3399 12.4
      vertex -44.2281 -40.176 12.4
    endloop
  endfacet
  facet normal 0 0 1
    outer loop
      vertex -42.8233 -48.1433 12.4
      vertex -45.1471 -45.9429 12.4
      vertex -43.0743 -48.3857 12.4
    endloop
  endfacet
  facet normal 0 0 1
    outer loop
      vertex -45.5199 -43.111 12.4
      vertex -44.2281 -40.176 12.4
      vertex -44.547 -40.0341 12.4
    endloop
  endfacet
  facet normal 0 0 1
    outer loop
      vertex -43.0743 -48.3857 12.4
      vertex -45.1471 -45.9429 12.4
      vertex -43.3417 -48.6101 12.4
    endloop
  endfacet
  facet normal -0 0 1
    outer loop
      vertex -45.5199 -46.229 12.4
      vertex -43.3417 -48.6101 12.4
      vertex -45.1471 -45.9429 12.4
    endloop
  endfacet
  facet normal 0 0 1
    outer loop
      vertex -41.4687 -43.9741 12.4
      vertex -44.6811 -44.2041 12.4
      vertex -44.6198 -44.67 12.4
    endloop
  endfacet
  facet normal 0 0 1
    outer loop
      vertex -41.8523 -42.6363 12.4
      vertex -44.861 -43.7699 12.4
      vertex -44.6811 -44.2041 12.4
    endloop
  endfacet
  facet normal 0 0 1
    outer loop
      vertex -45.9541 -42.9311 12.4
      vertex -44.547 -40.0341 12.4
      vertex -44.8749 -39.9147 12.4
    endloop
  endfacet
  facet normal 0 0 1
    outer loop
      vertex -42.3749 -41.7311 12.4
      vertex -45.1471 -43.3971 12.4
      vertex -44.861 -43.7699 12.4
    endloop
  endfacet
  facet normal 0 0 1
    outer loop
      vertex -45.9541 -42.9311 12.4
      vertex -44.8749 -39.9147 12.4
      vertex -45.2104 -39.8185 12.4
    endloop
  endfacet
  facet normal 0 0 1
    outer loop
      vertex -43.3417 -40.7299 12.4
      vertex -45.5199 -43.111 12.4
      vertex -45.1471 -43.3971 12.4
    endloop
  endfacet
  facet normal 0 0 1
    outer loop
      vertex -45.9541 -42.9311 12.4
      vertex -45.2104 -39.8185 12.4
      vertex -45.5518 -39.746 12.4
    endloop
  endfacet
  facet normal 0 0 1
    outer loop
      vertex -45.9541 -42.9311 12.4
      vertex -45.5518 -39.746 12.4
      vertex -45.8974 -39.6974 12.4
    endloop
  endfacet
  facet normal 0 0 1
    outer loop
      vertex -44.547 -40.0341 12.4
      vertex -45.9541 -42.9311 12.4
      vertex -45.5199 -43.111 12.4
    endloop
  endfacet
  facet normal 0 0 1
    outer loop
      vertex -46.42 -42.8698 12.4
      vertex -45.8974 -39.6974 12.4
      vertex -46.2455 -39.673 12.4
    endloop
  endfacet
  facet normal 0 0 1
    outer loop
      vertex -45.8974 -39.6974 12.4
      vertex -46.42 -42.8698 12.4
      vertex -45.9541 -42.9311 12.4
    endloop
  endfacet
  facet normal -0 0 1
    outer loop
      vertex -46.5945 -39.673 12.4
      vertex -46.42 -42.8698 12.4
      vertex -46.2455 -39.673 12.4
    endloop
  endfacet
  facet normal -0 0 1
    outer loop
      vertex -46.9426 -39.6974 12.4
      vertex -46.42 -42.8698 12.4
      vertex -46.5945 -39.673 12.4
    endloop
  endfacet
  facet normal 0 0 1
    outer loop
      vertex -46.42 -42.8698 12.4
      vertex -46.9426 -39.6974 12.4
      vertex -46.8859 -42.9311 12.4
    endloop
  endfacet
  facet normal -0 0 1
    outer loop
      vertex -47.2882 -39.746 12.4
      vertex -46.8859 -42.9311 12.4
      vertex -46.9426 -39.6974 12.4
    endloop
  endfacet
  facet normal -0 0 1
    outer loop
      vertex -47.6296 -39.8185 12.4
      vertex -46.8859 -42.9311 12.4
      vertex -47.2882 -39.746 12.4
    endloop
  endfacet
  facet normal -0 0 1
    outer loop
      vertex -47.9651 -39.9147 12.4
      vertex -46.8859 -42.9311 12.4
      vertex -47.6296 -39.8185 12.4
    endloop
  endfacet
  facet normal -0 0 1
    outer loop
      vertex -48.293 -40.0341 12.4
      vertex -46.8859 -42.9311 12.4
      vertex -47.9651 -39.9147 12.4
    endloop
  endfacet
  facet normal 0 0 1
    outer loop
      vertex -46.8859 -42.9311 12.4
      vertex -48.293 -40.0341 12.4
      vertex -47.3201 -43.111 12.4
    endloop
  endfacet
  facet normal -0 0 1
    outer loop
      vertex -48.6119 -40.176 12.4
      vertex -47.3201 -43.111 12.4
      vertex -48.293 -40.0341 12.4
    endloop
  endfacet
  facet normal -0 0 1
    outer loop
      vertex -48.92 -40.3399 12.4
      vertex -47.3201 -43.111 12.4
      vertex -48.6119 -40.176 12.4
    endloop
  endfacet
  facet normal -0 0 1
    outer loop
      vertex -49.216 -40.5248 12.4
      vertex -47.3201 -43.111 12.4
      vertex -48.92 -40.3399 12.4
    endloop
  endfacet
  facet normal -0 0 1
    outer loop
      vertex -49.4983 -40.7299 12.4
      vertex -47.3201 -43.111 12.4
      vertex -49.216 -40.5248 12.4
    endloop
  endfacet
  facet normal 0 0 1
    outer loop
      vertex -43.3417 -48.6101 12.4
      vertex -45.5199 -46.229 12.4
      vertex -43.624 -48.8152 12.4
    endloop
  endfacet
  facet normal 0 0 1
    outer loop
      vertex -43.624 -48.8152 12.4
      vertex -45.5199 -46.229 12.4
      vertex -43.92 -49.0001 12.4
    endloop
  endfacet
  facet normal 0 0 1
    outer loop
      vertex -43.92 -49.0001 12.4
      vertex -45.5199 -46.229 12.4
      vertex -44.2281 -49.164 12.4
    endloop
  endfacet
  facet normal 0 0 1
    outer loop
      vertex -44.2281 -49.164 12.4
      vertex -45.5199 -46.229 12.4
      vertex -44.547 -49.3059 12.4
    endloop
  endfacet
  facet normal -0 0 1
    outer loop
      vertex -45.9541 -46.4089 12.4
      vertex -44.547 -49.3059 12.4
      vertex -45.5199 -46.229 12.4
    endloop
  endfacet
  facet normal 0 0 1
    outer loop
      vertex -44.547 -49.3059 12.4
      vertex -45.9541 -46.4089 12.4
      vertex -44.8749 -49.4253 12.4
    endloop
  endfacet
  facet normal 0 0 1
    outer loop
      vertex -44.8749 -49.4253 12.4
      vertex -45.9541 -46.4089 12.4
      vertex -45.2104 -49.5215 12.4
    endloop
  endfacet
  facet normal 0 0 1
    outer loop
      vertex -45.2104 -49.5215 12.4
      vertex -45.9541 -46.4089 12.4
      vertex -45.5518 -49.594 12.4
    endloop
  endfacet
  facet normal 0 0 1
    outer loop
      vertex -45.5518 -49.594 12.4
      vertex -45.9541 -46.4089 12.4
      vertex -45.8974 -49.6426 12.4
    endloop
  endfacet
  facet normal -0 0 1
    outer loop
      vertex -46.42 -46.4702 12.4
      vertex -45.8974 -49.6426 12.4
      vertex -45.9541 -46.4089 12.4
    endloop
  endfacet
  facet normal 0 0 1
    outer loop
      vertex -45.8974 -49.6426 12.4
      vertex -46.42 -46.4702 12.4
      vertex -46.2455 -49.667 12.4
    endloop
  endfacet
  facet normal 0 0 1
    outer loop
      vertex -46.42 -46.4702 12.4
      vertex -46.5945 -49.667 12.4
      vertex -46.2455 -49.667 12.4
    endloop
  endfacet
  facet normal 0 0 1
    outer loop
      vertex -46.9426 -49.6426 12.4
      vertex -46.42 -46.4702 12.4
      vertex -46.8859 -46.4089 12.4
    endloop
  endfacet
  facet normal 0 0 1
    outer loop
      vertex -46.42 -46.4702 12.4
      vertex -46.9426 -49.6426 12.4
      vertex -46.5945 -49.667 12.4
    endloop
  endfacet
  facet normal 0 0 1
    outer loop
      vertex -46.8859 -46.4089 12.4
      vertex -47.2882 -49.594 12.4
      vertex -46.9426 -49.6426 12.4
    endloop
  endfacet
  facet normal 0 0 1
    outer loop
      vertex -48.293 -49.3059 12.4
      vertex -46.8859 -46.4089 12.4
      vertex -47.3201 -46.229 12.4
    endloop
  endfacet
  facet normal 0 0 1
    outer loop
      vertex -46.8859 -46.4089 12.4
      vertex -47.6296 -49.5215 12.4
      vertex -47.2882 -49.594 12.4
    endloop
  endfacet
  facet normal 0 0 1
    outer loop
      vertex -49.4983 -48.6101 12.4
      vertex -47.3201 -46.229 12.4
      vertex -47.6929 -45.9429 12.4
    endloop
  endfacet
  facet normal 0 0 1
    outer loop
      vertex -46.8859 -46.4089 12.4
      vertex -47.9651 -49.4253 12.4
      vertex -47.6296 -49.5215 12.4
    endloop
  endfacet
  facet normal 0 0 1
    outer loop
      vertex -50.4651 -47.6089 12.4
      vertex -47.6929 -45.9429 12.4
      vertex -47.979 -45.5701 12.4
    endloop
  endfacet
  facet normal 0 0 1
    outer loop
      vertex -50.9877 -46.7037 12.4
      vertex -47.979 -45.5701 12.4
      vertex -48.1589 -45.1359 12.4
    endloop
  endfacet
  facet normal 0 0 1
    outer loop
      vertex -51.3713 -45.3659 12.4
      vertex -48.1589 -45.1359 12.4
      vertex -48.2202 -44.67 12.4
    endloop
  endfacet
  facet normal 0 0 1
    outer loop
      vertex -46.8859 -46.4089 12.4
      vertex -48.293 -49.3059 12.4
      vertex -47.9651 -49.4253 12.4
    endloop
  endfacet
  facet normal 0 0 1
    outer loop
      vertex -47.3201 -43.111 12.4
      vertex -49.4983 -40.7299 12.4
      vertex -47.6929 -43.3971 12.4
    endloop
  endfacet
  facet normal -0 0 1
    outer loop
      vertex -49.7657 -40.9543 12.4
      vertex -47.6929 -43.3971 12.4
      vertex -49.4983 -40.7299 12.4
    endloop
  endfacet
  facet normal 0 0 1
    outer loop
      vertex -47.3201 -46.229 12.4
      vertex -48.6119 -49.164 12.4
      vertex -48.293 -49.3059 12.4
    endloop
  endfacet
  facet normal -0 0 1
    outer loop
      vertex -50.0167 -41.1967 12.4
      vertex -47.6929 -43.3971 12.4
      vertex -49.7657 -40.9543 12.4
    endloop
  endfacet
  facet normal 0 0 1
    outer loop
      vertex -47.3201 -46.229 12.4
      vertex -48.92 -49.0001 12.4
      vertex -48.6119 -49.164 12.4
    endloop
  endfacet
  facet normal -0 0 1
    outer loop
      vertex -50.2502 -41.4561 12.4
      vertex -47.6929 -43.3971 12.4
      vertex -50.0167 -41.1967 12.4
    endloop
  endfacet
  facet normal 0 0 1
    outer loop
      vertex -47.3201 -46.229 12.4
      vertex -49.216 -48.8152 12.4
      vertex -48.92 -49.0001 12.4
    endloop
  endfacet
  facet normal -0 0 1
    outer loop
      vertex -50.4651 -41.7311 12.4
      vertex -47.6929 -43.3971 12.4
      vertex -50.2502 -41.4561 12.4
    endloop
  endfacet
  facet normal 0 0 1
    outer loop
      vertex -47.3201 -46.229 12.4
      vertex -49.4983 -48.6101 12.4
      vertex -49.216 -48.8152 12.4
    endloop
  endfacet
  facet normal 0 0 1
    outer loop
      vertex -47.6929 -43.3971 12.4
      vertex -50.4651 -41.7311 12.4
      vertex -47.979 -43.7699 12.4
    endloop
  endfacet
  facet normal 0 0 1
    outer loop
      vertex -47.6929 -45.9429 12.4
      vertex -49.7657 -48.3857 12.4
      vertex -49.4983 -48.6101 12.4
    endloop
  endfacet
  facet normal -0 0 1
    outer loop
      vertex -50.6602 -42.0204 12.4
      vertex -47.979 -43.7699 12.4
      vertex -50.4651 -41.7311 12.4
    endloop
  endfacet
  facet normal 0 0 1
    outer loop
      vertex -47.6929 -45.9429 12.4
      vertex -50.0167 -48.1433 12.4
      vertex -49.7657 -48.3857 12.4
    endloop
  endfacet
  facet normal -0 0 1
    outer loop
      vertex -50.8347 -42.3226 12.4
      vertex -47.979 -43.7699 12.4
      vertex -50.6602 -42.0204 12.4
    endloop
  endfacet
  facet normal 0 0 1
    outer loop
      vertex -47.6929 -45.9429 12.4
      vertex -50.2502 -47.8839 12.4
      vertex -50.0167 -48.1433 12.4
    endloop
  endfacet
  facet normal -0 0 1
    outer loop
      vertex -50.9877 -42.6363 12.4
      vertex -47.979 -43.7699 12.4
      vertex -50.8347 -42.3226 12.4
    endloop
  endfacet
  facet normal 0 0 1
    outer loop
      vertex -47.6929 -45.9429 12.4
      vertex -50.4651 -47.6089 12.4
      vertex -50.2502 -47.8839 12.4
    endloop
  endfacet
  facet normal 0 0 1
    outer loop
      vertex -47.979 -43.7699 12.4
      vertex -50.9877 -42.6363 12.4
      vertex -48.1589 -44.2041 12.4
    endloop
  endfacet
  facet normal 0 0 1
    outer loop
      vertex -47.979 -45.5701 12.4
      vertex -50.6602 -47.3196 12.4
      vertex -50.4651 -47.6089 12.4
    endloop
  endfacet
  facet normal -0 0 1
    outer loop
      vertex -51.1185 -42.9599 12.4
      vertex -48.1589 -44.2041 12.4
      vertex -50.9877 -42.6363 12.4
    endloop
  endfacet
  facet normal 0 0 1
    outer loop
      vertex -47.979 -45.5701 12.4
      vertex -50.8347 -47.0174 12.4
      vertex -50.6602 -47.3196 12.4
    endloop
  endfacet
  facet normal -0 0 1
    outer loop
      vertex -51.2263 -43.2918 12.4
      vertex -48.1589 -44.2041 12.4
      vertex -51.1185 -42.9599 12.4
    endloop
  endfacet
  facet normal 0 0 1
    outer loop
      vertex -47.979 -45.5701 12.4
      vertex -50.9877 -46.7037 12.4
      vertex -50.8347 -47.0174 12.4
    endloop
  endfacet
  facet normal -0 0 1
    outer loop
      vertex -51.3107 -43.6304 12.4
      vertex -48.1589 -44.2041 12.4
      vertex -51.2263 -43.2918 12.4
    endloop
  endfacet
  facet normal 0 0 1
    outer loop
      vertex -48.1589 -45.1359 12.4
      vertex -51.1185 -46.3801 12.4
      vertex -50.9877 -46.7037 12.4
    endloop
  endfacet
  facet normal -0 0 1
    outer loop
      vertex -51.3713 -43.9741 12.4
      vertex -48.1589 -44.2041 12.4
      vertex -51.3107 -43.6304 12.4
    endloop
  endfacet
  facet normal 0 0 1
    outer loop
      vertex -48.1589 -45.1359 12.4
      vertex -51.2263 -46.0482 12.4
      vertex -51.1185 -46.3801 12.4
    endloop
  endfacet
  facet normal 0 0 1
    outer loop
      vertex -48.1589 -44.2041 12.4
      vertex -51.3713 -43.9741 12.4
      vertex -48.2202 -44.67 12.4
    endloop
  endfacet
  facet normal 0 0 1
    outer loop
      vertex -48.1589 -45.1359 12.4
      vertex -51.3107 -45.7096 12.4
      vertex -51.2263 -46.0482 12.4
    endloop
  endfacet
  facet normal -0 0 1
    outer loop
      vertex -51.4078 -44.3212 12.4
      vertex -48.2202 -44.67 12.4
      vertex -51.3713 -43.9741 12.4
    endloop
  endfacet
  facet normal 0 0 1
    outer loop
      vertex -48.1589 -45.1359 12.4
      vertex -51.3713 -45.3659 12.4
      vertex -51.3107 -45.7096 12.4
    endloop
  endfacet
  facet normal 0 0 1
    outer loop
      vertex -51.42 -44.67 12.4
      vertex -48.2202 -44.67 12.4
      vertex -51.4078 -44.3212 12.4
    endloop
  endfacet
  facet normal 0 0 1
    outer loop
      vertex -48.2202 -44.67 12.4
      vertex -51.4078 -45.0188 12.4
      vertex -51.3713 -45.3659 12.4
    endloop
  endfacet
  facet normal 0 0 1
    outer loop
      vertex -48.2202 -44.67 12.4
      vertex -51.42 -44.67 12.4
      vertex -51.4078 -45.0188 12.4
    endloop
  endfacet
  facet normal -0.829084 0.559123 0
    outer loop
      vertex -50.6602 -42.0204 -19.15
      vertex -50.4651 -41.7311 12.4
      vertex -50.4651 -41.7311 -19.15
    endloop
  endfacet
  facet normal -0.829084 0.559123 0
    outer loop
      vertex -50.4651 -41.7311 12.4
      vertex -50.6602 -42.0204 -19.15
      vertex -50.6602 -42.0204 12.4
    endloop
  endfacet
  facet normal -0.898787 -0.438385 -0
    outer loop
      vertex -50.8523 -46.9813 -1.2
      vertex -50.9877 -46.7037 -19.15
      vertex -50.8523 -46.9813 -19.15
    endloop
  endfacet
  facet normal -0.898787 -0.438385 0
    outer loop
      vertex -50.9877 -46.7037 -19.15
      vertex -50.8523 -46.9813 -1.2
      vertex -50.9877 -46.7037 12.4
    endloop
  endfacet
  facet normal -0.898864 -0.438227 -0
    outer loop
      vertex -50.8347 -47.0174 12.4
      vertex -50.8523 -46.9813 -1.2
      vertex -50.8347 -47.0174 -1.2
    endloop
  endfacet
  facet normal -0.898796 -0.438367 -4.59266e-07
    outer loop
      vertex -50.8523 -46.9813 -1.2
      vertex -50.8347 -47.0174 12.4
      vertex -50.9877 -46.7037 12.4
    endloop
  endfacet
  facet normal -0.829084 -0.559123 0
    outer loop
      vertex -50.4651 -47.6089 -1.2
      vertex -50.6602 -47.3196 12.4
      vertex -50.6602 -47.3196 -1.2
    endloop
  endfacet
  facet normal -0.829084 -0.559123 0
    outer loop
      vertex -50.6602 -47.3196 12.4
      vertex -50.4651 -47.6089 -1.2
      vertex -50.4651 -47.6089 12.4
    endloop
  endfacet
  facet normal -0.999389 0.0349557 0
    outer loop
      vertex -51.42 -44.67 -19.15
      vertex -51.4078 -44.3212 12.4
      vertex -51.4078 -44.3212 -19.15
    endloop
  endfacet
  facet normal -0.999389 0.0349557 0
    outer loop
      vertex -51.4078 -44.3212 12.4
      vertex -51.42 -44.67 -19.15
      vertex -51.42 -44.67 12.4
    endloop
  endfacet
  facet normal -0.787946 0.615744 0
    outer loop
      vertex -50.4651 -41.7311 -19.15
      vertex -50.2502 -41.4561 12.4
      vertex -50.2502 -41.4561 -19.15
    endloop
  endfacet
  facet normal -0.787946 0.615744 0
    outer loop
      vertex -50.2502 -41.4561 12.4
      vertex -50.4651 -41.7311 -19.15
      vertex -50.4651 -41.7311 12.4
    endloop
  endfacet
  facet normal -0.529793 -0.848127 0
    outer loop
      vertex -49.216 -48.8152 -1.2
      vertex -48.92 -49.0001 12.4
      vertex -49.216 -48.8152 12.4
    endloop
  endfacet
  facet normal -0.529793 -0.848127 -0
    outer loop
      vertex -48.92 -49.0001 12.4
      vertex -49.216 -48.8152 -1.2
      vertex -48.92 -49.0001 -1.2
    endloop
  endfacet
  facet normal -0.58778 0.809021 0
    outer loop
      vertex -49.216 -40.5248 -19.15
      vertex -49.4983 -40.7299 12.4
      vertex -49.216 -40.5248 12.4
    endloop
  endfacet
  facet normal -0.58778 0.809021 0
    outer loop
      vertex -49.4983 -40.7299 12.4
      vertex -49.216 -40.5248 -19.15
      vertex -49.4983 -40.7299 -19.15
    endloop
  endfacet
  facet normal 0.994516 -0.10458 0
    outer loop
      vertex 51.3713 43.9741 12.4
      vertex 51.4078 44.3212 -19.15
      vertex 51.4078 44.3212 12.4
    endloop
  endfacet
  facet normal 0.994516 -0.10458 0
    outer loop
      vertex 51.4078 44.3212 -19.15
      vertex 51.3713 43.9741 12.4
      vertex 51.3713 43.9741 -19.15
    endloop
  endfacet
  facet normal 0.999389 -0.0349557 0
    outer loop
      vertex 51.4078 44.3212 12.4
      vertex 51.42 44.67 -19.15
      vertex 51.42 44.67 12.4
    endloop
  endfacet
  facet normal 0.999389 -0.0349557 0
    outer loop
      vertex 51.42 44.67 -19.15
      vertex 51.4078 44.3212 12.4
      vertex 51.4078 44.3212 -19.15
    endloop
  endfacet
  facet normal 0.98481 -0.173638 0
    outer loop
      vertex 51.3107 43.6304 12.4
      vertex 51.3713 43.9741 -19.15
      vertex 51.3713 43.9741 12.4
    endloop
  endfacet
  facet normal 0.98481 -0.173638 0
    outer loop
      vertex 51.3713 43.9741 -19.15
      vertex 51.3107 43.6304 12.4
      vertex 51.3107 43.6304 -19.15
    endloop
  endfacet
  facet normal 0.970311 -0.241861 0
    outer loop
      vertex 51.2263 43.2918 12.4
      vertex 51.3107 43.6304 -19.15
      vertex 51.3107 43.6304 12.4
    endloop
  endfacet
  facet normal 0.970311 -0.241861 0
    outer loop
      vertex 51.3107 43.6304 -19.15
      vertex 51.2263 43.2918 12.4
      vertex 51.2263 43.2918 -19.15
    endloop
  endfacet
  facet normal 0.0699232 -0.997552 0
    outer loop
      vertex 46.5945 39.673 -19.15
      vertex 46.9426 39.6974 12.4
      vertex 46.5945 39.673 12.4
    endloop
  endfacet
  facet normal 0.0699232 -0.997552 0
    outer loop
      vertex 46.9426 39.6974 12.4
      vertex 46.5945 39.673 -19.15
      vertex 46.9426 39.6974 -19.15
    endloop
  endfacet
  facet normal 0.98481 0.173638 0
    outer loop
      vertex 51.3713 45.3659 12.4
      vertex 51.3107 45.7096 -19.15
      vertex 51.3107 45.7096 12.4
    endloop
  endfacet
  facet normal 0.98481 0.173638 0
    outer loop
      vertex 51.3107 45.7096 -19.15
      vertex 51.3713 45.3659 12.4
      vertex 51.3713 45.3659 -19.15
    endloop
  endfacet
  facet normal 0.999389 0.0349557 0
    outer loop
      vertex 51.42 44.67 12.4
      vertex 51.4078 45.0188 -19.15
      vertex 51.4078 45.0188 12.4
    endloop
  endfacet
  facet normal 0.999389 0.0349557 0
    outer loop
      vertex 51.4078 45.0188 -19.15
      vertex 51.42 44.67 12.4
      vertex 51.42 44.67 -19.15
    endloop
  endfacet
  facet normal 0.787946 0.615744 0
    outer loop
      vertex 50.4651 47.6089 12.4
      vertex 50.2502 47.8839 -1.2
      vertex 50.2502 47.8839 12.4
    endloop
  endfacet
  facet normal 0.787946 0.615744 0
    outer loop
      vertex 50.2502 47.8839 -1.2
      vertex 50.4651 47.6089 12.4
      vertex 50.4651 47.6089 -1.2
    endloop
  endfacet
  facet normal 0.951091 0.308911 0
    outer loop
      vertex 51.2263 46.0482 12.4
      vertex 51.1185 46.3801 -19.15
      vertex 51.1185 46.3801 12.4
    endloop
  endfacet
  facet normal 0.951091 0.308911 0
    outer loop
      vertex 51.1185 46.3801 -19.15
      vertex 51.2263 46.0482 12.4
      vertex 51.2263 46.0482 -19.15
    endloop
  endfacet
  facet normal 0.642829 0.76601 -0
    outer loop
      vertex 49.7657 48.3857 -1.2
      vertex 49.4983 48.6101 12.4
      vertex 49.7657 48.3857 12.4
    endloop
  endfacet
  facet normal 0.642829 0.76601 0
    outer loop
      vertex 49.4983 48.6101 12.4
      vertex 49.7657 48.3857 -1.2
      vertex 49.4983 48.6101 -1.2
    endloop
  endfacet
  facet normal -0.743237 -0.669028 0
    outer loop
      vertex 42.8233 41.1967 -19.15
      vertex 42.5898 41.4561 12.4
      vertex 42.5898 41.4561 -19.15
    endloop
  endfacet
  facet normal -0.743237 -0.669028 0
    outer loop
      vertex 42.5898 41.4561 12.4
      vertex 42.8233 41.1967 -19.15
      vertex 42.8233 41.1967 12.4
    endloop
  endfacet
  facet normal -0.970311 0.241861 0
    outer loop
      vertex 41.5293 45.7096 -19.15
      vertex 41.6137 46.0482 12.4
      vertex 41.6137 46.0482 -19.15
    endloop
  endfacet
  facet normal -0.970311 0.241861 0
    outer loop
      vertex 41.6137 46.0482 12.4
      vertex 41.5293 45.7096 -19.15
      vertex 41.5293 45.7096 12.4
    endloop
  endfacet
  facet normal -0.529793 -0.848127 0
    outer loop
      vertex 43.624 40.5248 -19.15
      vertex 43.92 40.3399 12.4
      vertex 43.624 40.5248 12.4
    endloop
  endfacet
  facet normal -0.529793 -0.848127 -0
    outer loop
      vertex 43.92 40.3399 12.4
      vertex 43.624 40.5248 -19.15
      vertex 43.92 40.3399 -19.15
    endloop
  endfacet
  facet normal -0.994516 -0.10458 0
    outer loop
      vertex 41.4687 43.9741 -19.15
      vertex 41.4322 44.3212 12.4
      vertex 41.4322 44.3212 -19.15
    endloop
  endfacet
  facet normal -0.994516 -0.10458 0
    outer loop
      vertex 41.4322 44.3212 12.4
      vertex 41.4687 43.9741 -19.15
      vertex 41.4687 43.9741 12.4
    endloop
  endfacet
  facet normal 0.743237 0.669028 0
    outer loop
      vertex 50.2502 47.8839 12.4
      vertex 50.0167 48.1433 -1.2
      vertex 50.0167 48.1433 12.4
    endloop
  endfacet
  facet normal 0.743237 0.669028 0
    outer loop
      vertex 50.0167 48.1433 -1.2
      vertex 50.2502 47.8839 12.4
      vertex 50.2502 47.8839 -1.2
    endloop
  endfacet
  facet normal -0.98481 0.173638 0
    outer loop
      vertex 41.4687 45.3659 -19.15
      vertex 41.5293 45.7096 12.4
      vertex 41.5293 45.7096 -19.15
    endloop
  endfacet
  facet normal -0.98481 0.173638 0
    outer loop
      vertex 41.5293 45.7096 12.4
      vertex 41.4687 45.3659 -19.15
      vertex 41.4687 45.3659 12.4
    endloop
  endfacet
  facet normal 0.275629 0.961264 -0
    outer loop
      vertex 47.9651 49.4253 -19.15
      vertex 47.6296 49.5215 12.4
      vertex 47.9651 49.4253 12.4
    endloop
  endfacet
  facet normal 0.275629 0.961264 0
    outer loop
      vertex 47.6296 49.5215 12.4
      vertex 47.9651 49.4253 -19.15
      vertex 47.6296 49.5215 -19.15
    endloop
  endfacet
  facet normal 0.898796 -0.438367 0
    outer loop
      vertex 50.8347 42.3226 12.4
      vertex 50.9877 42.6363 -19.15
      vertex 50.9877 42.6363 12.4
    endloop
  endfacet
  facet normal 0.898796 -0.438367 0
    outer loop
      vertex 50.9877 42.6363 -19.15
      vertex 50.8347 42.3226 12.4
      vertex 50.8347 42.3226 -19.15
    endloop
  endfacet
  facet normal -0.970311 -0.241861 0
    outer loop
      vertex 41.6137 43.2918 -19.15
      vertex 41.5293 43.6304 12.4
      vertex 41.5293 43.6304 -19.15
    endloop
  endfacet
  facet normal -0.970311 -0.241861 0
    outer loop
      vertex 41.5293 43.6304 12.4
      vertex 41.6137 43.2918 -19.15
      vertex 41.6137 43.2918 12.4
    endloop
  endfacet
  facet normal 0 0 1
    outer loop
      vertex 48.2202 44.67 12.4
      vertex 51.42 44.67 12.4
      vertex 51.4078 45.0188 12.4
    endloop
  endfacet
  facet normal 0 0 1
    outer loop
      vertex 48.2202 44.67 12.4
      vertex 51.4078 45.0188 12.4
      vertex 51.3713 45.3659 12.4
    endloop
  endfacet
  facet normal 0 0 1
    outer loop
      vertex 51.42 44.67 12.4
      vertex 48.2202 44.67 12.4
      vertex 51.4078 44.3212 12.4
    endloop
  endfacet
  facet normal 0 0 1
    outer loop
      vertex 48.1589 45.1359 12.4
      vertex 51.3713 45.3659 12.4
      vertex 51.3107 45.7096 12.4
    endloop
  endfacet
  facet normal 0 0 1
    outer loop
      vertex 51.4078 44.3212 12.4
      vertex 48.2202 44.67 12.4
      vertex 51.3713 43.9741 12.4
    endloop
  endfacet
  facet normal 0 0 1
    outer loop
      vertex 48.1589 45.1359 12.4
      vertex 51.3107 45.7096 12.4
      vertex 51.2263 46.0482 12.4
    endloop
  endfacet
  facet normal -0 0 1
    outer loop
      vertex 48.1589 44.2041 12.4
      vertex 51.3713 43.9741 12.4
      vertex 48.2202 44.67 12.4
    endloop
  endfacet
  facet normal 0 0 1
    outer loop
      vertex 48.1589 45.1359 12.4
      vertex 51.2263 46.0482 12.4
      vertex 51.1185 46.3801 12.4
    endloop
  endfacet
  facet normal 0 0 1
    outer loop
      vertex 51.3713 43.9741 12.4
      vertex 48.1589 44.2041 12.4
      vertex 51.3107 43.6304 12.4
    endloop
  endfacet
  facet normal 0 0 1
    outer loop
      vertex 48.1589 45.1359 12.4
      vertex 51.1185 46.3801 12.4
      vertex 50.9877 46.7037 12.4
    endloop
  endfacet
  facet normal 0 0 1
    outer loop
      vertex 51.3107 43.6304 12.4
      vertex 48.1589 44.2041 12.4
      vertex 51.2263 43.2918 12.4
    endloop
  endfacet
  facet normal 0 0 1
    outer loop
      vertex 47.979 45.5701 12.4
      vertex 50.9877 46.7037 12.4
      vertex 50.8347 47.0174 12.4
    endloop
  endfacet
  facet normal 0 0 1
    outer loop
      vertex 51.2263 43.2918 12.4
      vertex 48.1589 44.2041 12.4
      vertex 51.1185 42.9599 12.4
    endloop
  endfacet
  facet normal 0 0 1
    outer loop
      vertex 47.979 45.5701 12.4
      vertex 50.8347 47.0174 12.4
      vertex 50.6602 47.3196 12.4
    endloop
  endfacet
  facet normal 0 0 1
    outer loop
      vertex 51.1185 42.9599 12.4
      vertex 48.1589 44.2041 12.4
      vertex 50.9877 42.6363 12.4
    endloop
  endfacet
  facet normal 0 0 1
    outer loop
      vertex 47.979 45.5701 12.4
      vertex 50.6602 47.3196 12.4
      vertex 50.4651 47.6089 12.4
    endloop
  endfacet
  facet normal -0 0 1
    outer loop
      vertex 47.979 43.7699 12.4
      vertex 50.9877 42.6363 12.4
      vertex 48.1589 44.2041 12.4
    endloop
  endfacet
  facet normal 0 0 1
    outer loop
      vertex 47.6929 45.9429 12.4
      vertex 50.4651 47.6089 12.4
      vertex 50.2502 47.8839 12.4
    endloop
  endfacet
  facet normal 0 0 1
    outer loop
      vertex 50.9877 42.6363 12.4
      vertex 47.979 43.7699 12.4
      vertex 50.8347 42.3226 12.4
    endloop
  endfacet
  facet normal 0 0 1
    outer loop
      vertex 47.6929 45.9429 12.4
      vertex 50.2502 47.8839 12.4
      vertex 50.0167 48.1433 12.4
    endloop
  endfacet
  facet normal 0 0 1
    outer loop
      vertex 50.8347 42.3226 12.4
      vertex 47.979 43.7699 12.4
      vertex 50.6602 42.0204 12.4
    endloop
  endfacet
  facet normal 0 0 1
    outer loop
      vertex 47.6929 45.9429 12.4
      vertex 50.0167 48.1433 12.4
      vertex 49.7657 48.3857 12.4
    endloop
  endfacet
  facet normal 0 0 1
    outer loop
      vertex 50.6602 42.0204 12.4
      vertex 47.979 43.7699 12.4
      vertex 50.4651 41.7311 12.4
    endloop
  endfacet
  facet normal 0 0 1
    outer loop
      vertex 47.6929 45.9429 12.4
      vertex 49.7657 48.3857 12.4
      vertex 49.4983 48.6101 12.4
    endloop
  endfacet
  facet normal -0 0 1
    outer loop
      vertex 47.6929 43.3971 12.4
      vertex 50.4651 41.7311 12.4
      vertex 47.979 43.7699 12.4
    endloop
  endfacet
  facet normal 0 0 1
    outer loop
      vertex 47.3201 46.229 12.4
      vertex 49.4983 48.6101 12.4
      vertex 49.216 48.8152 12.4
    endloop
  endfacet
  facet normal 0 0 1
    outer loop
      vertex 50.4651 41.7311 12.4
      vertex 47.6929 43.3971 12.4
      vertex 50.2502 41.4561 12.4
    endloop
  endfacet
  facet normal 0 0 1
    outer loop
      vertex 47.3201 46.229 12.4
      vertex 49.216 48.8152 12.4
      vertex 48.92 49.0001 12.4
    endloop
  endfacet
  facet normal 0 0 1
    outer loop
      vertex 50.2502 41.4561 12.4
      vertex 47.6929 43.3971 12.4
      vertex 50.0167 41.1967 12.4
    endloop
  endfacet
  facet normal 0 0 1
    outer loop
      vertex 47.3201 46.229 12.4
      vertex 48.92 49.0001 12.4
      vertex 48.6119 49.164 12.4
    endloop
  endfacet
  facet normal 0 0 1
    outer loop
      vertex 50.0167 41.1967 12.4
      vertex 47.6929 43.3971 12.4
      vertex 49.7657 40.9543 12.4
    endloop
  endfacet
  facet normal 0 0 1
    outer loop
      vertex 47.3201 46.229 12.4
      vertex 48.6119 49.164 12.4
      vertex 48.293 49.3059 12.4
    endloop
  endfacet
  facet normal 0 0 1
    outer loop
      vertex 49.7657 40.9543 12.4
      vertex 47.6929 43.3971 12.4
      vertex 49.4983 40.7299 12.4
    endloop
  endfacet
  facet normal -0 0 1
    outer loop
      vertex 47.3201 43.111 12.4
      vertex 49.4983 40.7299 12.4
      vertex 47.6929 43.3971 12.4
    endloop
  endfacet
  facet normal 0 0 1
    outer loop
      vertex 51.3713 45.3659 12.4
      vertex 48.1589 45.1359 12.4
      vertex 48.2202 44.67 12.4
    endloop
  endfacet
  facet normal 0 0 1
    outer loop
      vertex 50.9877 46.7037 12.4
      vertex 47.979 45.5701 12.4
      vertex 48.1589 45.1359 12.4
    endloop
  endfacet
  facet normal 0 0 1
    outer loop
      vertex 46.8859 46.4089 12.4
      vertex 48.293 49.3059 12.4
      vertex 47.9651 49.4253 12.4
    endloop
  endfacet
  facet normal 0 0 1
    outer loop
      vertex 50.4651 47.6089 12.4
      vertex 47.6929 45.9429 12.4
      vertex 47.979 45.5701 12.4
    endloop
  endfacet
  facet normal 0 0 1
    outer loop
      vertex 46.8859 46.4089 12.4
      vertex 47.9651 49.4253 12.4
      vertex 47.6296 49.5215 12.4
    endloop
  endfacet
  facet normal 0 0 1
    outer loop
      vertex 49.4983 48.6101 12.4
      vertex 47.3201 46.229 12.4
      vertex 47.6929 45.9429 12.4
    endloop
  endfacet
  facet normal 0 0 1
    outer loop
      vertex 46.8859 46.4089 12.4
      vertex 47.6296 49.5215 12.4
      vertex 47.2882 49.594 12.4
    endloop
  endfacet
  facet normal 0 0 1
    outer loop
      vertex 46.8859 46.4089 12.4
      vertex 47.2882 49.594 12.4
      vertex 46.9426 49.6426 12.4
    endloop
  endfacet
  facet normal 0 0 1
    outer loop
      vertex 48.293 49.3059 12.4
      vertex 46.8859 46.4089 12.4
      vertex 47.3201 46.229 12.4
    endloop
  endfacet
  facet normal 0 0 1
    outer loop
      vertex 46.42 46.4702 12.4
      vertex 46.9426 49.6426 12.4
      vertex 46.5945 49.667 12.4
    endloop
  endfacet
  facet normal 0 0 1
    outer loop
      vertex 46.9426 49.6426 12.4
      vertex 46.42 46.4702 12.4
      vertex 46.8859 46.4089 12.4
    endloop
  endfacet
  facet normal -0 0 1
    outer loop
      vertex 46.2455 49.667 12.4
      vertex 46.42 46.4702 12.4
      vertex 46.5945 49.667 12.4
    endloop
  endfacet
  facet normal -0 0 1
    outer loop
      vertex 45.8974 49.6426 12.4
      vertex 46.42 46.4702 12.4
      vertex 46.2455 49.667 12.4
    endloop
  endfacet
  facet normal 0 0 1
    outer loop
      vertex 46.42 46.4702 12.4
      vertex 45.8974 49.6426 12.4
      vertex 45.9541 46.4089 12.4
    endloop
  endfacet
  facet normal -0 0 1
    outer loop
      vertex 45.5518 49.594 12.4
      vertex 45.9541 46.4089 12.4
      vertex 45.8974 49.6426 12.4
    endloop
  endfacet
  facet normal -0 0 1
    outer loop
      vertex 45.2104 49.5215 12.4
      vertex 45.9541 46.4089 12.4
      vertex 45.5518 49.594 12.4
    endloop
  endfacet
  facet normal -0 0 1
    outer loop
      vertex 44.8749 49.4253 12.4
      vertex 45.9541 46.4089 12.4
      vertex 45.2104 49.5215 12.4
    endloop
  endfacet
  facet normal -0 0 1
    outer loop
      vertex 44.547 49.3059 12.4
      vertex 45.9541 46.4089 12.4
      vertex 44.8749 49.4253 12.4
    endloop
  endfacet
  facet normal 0 0 1
    outer loop
      vertex 45.9541 46.4089 12.4
      vertex 44.547 49.3059 12.4
      vertex 45.5199 46.229 12.4
    endloop
  endfacet
  facet normal -0 0 1
    outer loop
      vertex 44.2281 49.164 12.4
      vertex 45.5199 46.229 12.4
      vertex 44.547 49.3059 12.4
    endloop
  endfacet
  facet normal -0 0 1
    outer loop
      vertex 43.92 49.0001 12.4
      vertex 45.5199 46.229 12.4
      vertex 44.2281 49.164 12.4
    endloop
  endfacet
  facet normal -0 0 1
    outer loop
      vertex 43.624 48.8152 12.4
      vertex 45.5199 46.229 12.4
      vertex 43.92 49.0001 12.4
    endloop
  endfacet
  facet normal -0 0 1
    outer loop
      vertex 43.3417 48.6101 12.4
      vertex 45.5199 46.229 12.4
      vertex 43.624 48.8152 12.4
    endloop
  endfacet
  facet normal 0 0 1
    outer loop
      vertex 49.4983 40.7299 12.4
      vertex 47.3201 43.111 12.4
      vertex 49.216 40.5248 12.4
    endloop
  endfacet
  facet normal 0 0 1
    outer loop
      vertex 49.216 40.5248 12.4
      vertex 47.3201 43.111 12.4
      vertex 48.92 40.3399 12.4
    endloop
  endfacet
  facet normal 0 0 1
    outer loop
      vertex 48.92 40.3399 12.4
      vertex 47.3201 43.111 12.4
      vertex 48.6119 40.176 12.4
    endloop
  endfacet
  facet normal 0 0 1
    outer loop
      vertex 48.6119 40.176 12.4
      vertex 47.3201 43.111 12.4
      vertex 48.293 40.0341 12.4
    endloop
  endfacet
  facet normal -0 0 1
    outer loop
      vertex 46.8859 42.9311 12.4
      vertex 48.293 40.0341 12.4
      vertex 47.3201 43.111 12.4
    endloop
  endfacet
  facet normal 0 0 1
    outer loop
      vertex 48.293 40.0341 12.4
      vertex 46.8859 42.9311 12.4
      vertex 47.9651 39.9147 12.4
    endloop
  endfacet
  facet normal 0 0 1
    outer loop
      vertex 47.9651 39.9147 12.4
      vertex 46.8859 42.9311 12.4
      vertex 47.6296 39.8185 12.4
    endloop
  endfacet
  facet normal 0 0 1
    outer loop
      vertex 47.6296 39.8185 12.4
      vertex 46.8859 42.9311 12.4
      vertex 47.2882 39.746 12.4
    endloop
  endfacet
  facet normal 0 0 1
    outer loop
      vertex 47.2882 39.746 12.4
      vertex 46.8859 42.9311 12.4
      vertex 46.9426 39.6974 12.4
    endloop
  endfacet
  facet normal -0 0 1
    outer loop
      vertex 46.42 42.8698 12.4
      vertex 46.9426 39.6974 12.4
      vertex 46.8859 42.9311 12.4
    endloop
  endfacet
  facet normal 0 0 1
    outer loop
      vertex 46.9426 39.6974 12.4
      vertex 46.42 42.8698 12.4
      vertex 46.5945 39.673 12.4
    endloop
  endfacet
  facet normal 0 0 1
    outer loop
      vertex 46.42 42.8698 12.4
      vertex 46.2455 39.673 12.4
      vertex 46.5945 39.673 12.4
    endloop
  endfacet
  facet normal 0 0 1
    outer loop
      vertex 45.8974 39.6974 12.4
      vertex 46.42 42.8698 12.4
      vertex 45.9541 42.9311 12.4
    endloop
  endfacet
  facet normal 0 0 1
    outer loop
      vertex 46.42 42.8698 12.4
      vertex 45.8974 39.6974 12.4
      vertex 46.2455 39.673 12.4
    endloop
  endfacet
  facet normal 0 0 1
    outer loop
      vertex 45.9541 42.9311 12.4
      vertex 45.5518 39.746 12.4
      vertex 45.8974 39.6974 12.4
    endloop
  endfacet
  facet normal 0 0 1
    outer loop
      vertex 44.547 40.0341 12.4
      vertex 45.9541 42.9311 12.4
      vertex 45.5199 43.111 12.4
    endloop
  endfacet
  facet normal 0 0 1
    outer loop
      vertex 45.9541 42.9311 12.4
      vertex 45.2104 39.8185 12.4
      vertex 45.5518 39.746 12.4
    endloop
  endfacet
  facet normal 0 0 1
    outer loop
      vertex 43.3417 40.7299 12.4
      vertex 45.5199 43.111 12.4
      vertex 45.1471 43.3971 12.4
    endloop
  endfacet
  facet normal 0 0 1
    outer loop
      vertex 45.9541 42.9311 12.4
      vertex 44.8749 39.9147 12.4
      vertex 45.2104 39.8185 12.4
    endloop
  endfacet
  facet normal 0 0 1
    outer loop
      vertex 42.3749 41.7311 12.4
      vertex 45.1471 43.3971 12.4
      vertex 44.861 43.7699 12.4
    endloop
  endfacet
  facet normal 0 0 1
    outer loop
      vertex 41.8523 42.6363 12.4
      vertex 44.861 43.7699 12.4
      vertex 44.6811 44.2041 12.4
    endloop
  endfacet
  facet normal 0 0 1
    outer loop
      vertex 41.4687 43.9741 12.4
      vertex 44.6811 44.2041 12.4
      vertex 44.6198 44.67 12.4
    endloop
  endfacet
  facet normal 0 0 1
    outer loop
      vertex 45.9541 42.9311 12.4
      vertex 44.547 40.0341 12.4
      vertex 44.8749 39.9147 12.4
    endloop
  endfacet
  facet normal 0 0 1
    outer loop
      vertex 45.5199 46.229 12.4
      vertex 43.3417 48.6101 12.4
      vertex 45.1471 45.9429 12.4
    endloop
  endfacet
  facet normal -0 0 1
    outer loop
      vertex 43.0743 48.3857 12.4
      vertex 45.1471 45.9429 12.4
      vertex 43.3417 48.6101 12.4
    endloop
  endfacet
  facet normal 0 0 1
    outer loop
      vertex 45.5199 43.111 12.4
      vertex 44.2281 40.176 12.4
      vertex 44.547 40.0341 12.4
    endloop
  endfacet
  facet normal -0 0 1
    outer loop
      vertex 42.8233 48.1433 12.4
      vertex 45.1471 45.9429 12.4
      vertex 43.0743 48.3857 12.4
    endloop
  endfacet
  facet normal 0 0 1
    outer loop
      vertex 45.5199 43.111 12.4
      vertex 43.92 40.3399 12.4
      vertex 44.2281 40.176 12.4
    endloop
  endfacet
  facet normal -0 0 1
    outer loop
      vertex 42.5898 47.8839 12.4
      vertex 45.1471 45.9429 12.4
      vertex 42.8233 48.1433 12.4
    endloop
  endfacet
  facet normal 0 0 1
    outer loop
      vertex 45.5199 43.111 12.4
      vertex 43.624 40.5248 12.4
      vertex 43.92 40.3399 12.4
    endloop
  endfacet
  facet normal -0 0 1
    outer loop
      vertex 42.3749 47.6089 12.4
      vertex 45.1471 45.9429 12.4
      vertex 42.5898 47.8839 12.4
    endloop
  endfacet
  facet normal 0 0 1
    outer loop
      vertex 45.5199 43.111 12.4
      vertex 43.3417 40.7299 12.4
      vertex 43.624 40.5248 12.4
    endloop
  endfacet
  facet normal 0 0 1
    outer loop
      vertex 45.1471 45.9429 12.4
      vertex 42.3749 47.6089 12.4
      vertex 44.861 45.5701 12.4
    endloop
  endfacet
  facet normal 0 0 1
    outer loop
      vertex 45.1471 43.3971 12.4
      vertex 43.0743 40.9543 12.4
      vertex 43.3417 40.7299 12.4
    endloop
  endfacet
  facet normal -0 0 1
    outer loop
      vertex 42.1798 47.3196 12.4
      vertex 44.861 45.5701 12.4
      vertex 42.3749 47.6089 12.4
    endloop
  endfacet
  facet normal 0 0 1
    outer loop
      vertex 45.1471 43.3971 12.4
      vertex 42.8233 41.1967 12.4
      vertex 43.0743 40.9543 12.4
    endloop
  endfacet
  facet normal -0 0 1
    outer loop
      vertex 42.0053 47.0174 12.4
      vertex 44.861 45.5701 12.4
      vertex 42.1798 47.3196 12.4
    endloop
  endfacet
  facet normal 0 0 1
    outer loop
      vertex 45.1471 43.3971 12.4
      vertex 42.5898 41.4561 12.4
      vertex 42.8233 41.1967 12.4
    endloop
  endfacet
  facet normal -0 0 1
    outer loop
      vertex 41.8523 46.7037 12.4
      vertex 44.861 45.5701 12.4
      vertex 42.0053 47.0174 12.4
    endloop
  endfacet
  facet normal 0 0 1
    outer loop
      vertex 45.1471 43.3971 12.4
      vertex 42.3749 41.7311 12.4
      vertex 42.5898 41.4561 12.4
    endloop
  endfacet
  facet normal 0 0 1
    outer loop
      vertex 44.861 45.5701 12.4
      vertex 41.8523 46.7037 12.4
      vertex 44.6811 45.1359 12.4
    endloop
  endfacet
  facet normal 0 0 1
    outer loop
      vertex 44.861 43.7699 12.4
      vertex 42.1798 42.0204 12.4
      vertex 42.3749 41.7311 12.4
    endloop
  endfacet
  facet normal -0 0 1
    outer loop
      vertex 41.7215 46.3801 12.4
      vertex 44.6811 45.1359 12.4
      vertex 41.8523 46.7037 12.4
    endloop
  endfacet
  facet normal 0 0 1
    outer loop
      vertex 44.861 43.7699 12.4
      vertex 42.0053 42.3226 12.4
      vertex 42.1798 42.0204 12.4
    endloop
  endfacet
  facet normal -0 0 1
    outer loop
      vertex 41.6137 46.0482 12.4
      vertex 44.6811 45.1359 12.4
      vertex 41.7215 46.3801 12.4
    endloop
  endfacet
  facet normal 0 0 1
    outer loop
      vertex 44.861 43.7699 12.4
      vertex 41.8523 42.6363 12.4
      vertex 42.0053 42.3226 12.4
    endloop
  endfacet
  facet normal -0 0 1
    outer loop
      vertex 41.5293 45.7096 12.4
      vertex 44.6811 45.1359 12.4
      vertex 41.6137 46.0482 12.4
    endloop
  endfacet
  facet normal 0 0 1
    outer loop
      vertex 44.6811 44.2041 12.4
      vertex 41.7215 42.9599 12.4
      vertex 41.8523 42.6363 12.4
    endloop
  endfacet
  facet normal -0 0 1
    outer loop
      vertex 41.4687 45.3659 12.4
      vertex 44.6811 45.1359 12.4
      vertex 41.5293 45.7096 12.4
    endloop
  endfacet
  facet normal 0 0 1
    outer loop
      vertex 44.6811 44.2041 12.4
      vertex 41.6137 43.2918 12.4
      vertex 41.7215 42.9599 12.4
    endloop
  endfacet
  facet normal 0 0 1
    outer loop
      vertex 44.6811 45.1359 12.4
      vertex 41.4687 45.3659 12.4
      vertex 44.6198 44.67 12.4
    endloop
  endfacet
  facet normal 0 0 1
    outer loop
      vertex 44.6811 44.2041 12.4
      vertex 41.5293 43.6304 12.4
      vertex 41.6137 43.2918 12.4
    endloop
  endfacet
  facet normal -0 0 1
    outer loop
      vertex 41.4322 45.0188 12.4
      vertex 44.6198 44.67 12.4
      vertex 41.4687 45.3659 12.4
    endloop
  endfacet
  facet normal 0 0 1
    outer loop
      vertex 44.6811 44.2041 12.4
      vertex 41.4687 43.9741 12.4
      vertex 41.5293 43.6304 12.4
    endloop
  endfacet
  facet normal 0 0 1
    outer loop
      vertex 41.42 44.67 12.4
      vertex 44.6198 44.67 12.4
      vertex 41.4322 45.0188 12.4
    endloop
  endfacet
  facet normal 0 0 1
    outer loop
      vertex 44.6198 44.67 12.4
      vertex 41.4322 44.3212 12.4
      vertex 41.4687 43.9741 12.4
    endloop
  endfacet
  facet normal 0 0 1
    outer loop
      vertex 44.6198 44.67 12.4
      vertex 41.42 44.67 12.4
      vertex 41.4322 44.3212 12.4
    endloop
  endfacet
  facet normal 0.529793 -0.848127 0
    outer loop
      vertex 48.92 40.3399 -19.15
      vertex 49.216 40.5248 12.4
      vertex 48.92 40.3399 12.4
    endloop
  endfacet
  facet normal 0.529793 -0.848127 0
    outer loop
      vertex 49.216 40.5248 12.4
      vertex 48.92 40.3399 -19.15
      vertex 49.216 40.5248 -19.15
    endloop
  endfacet
  facet normal -0.829084 -0.559123 0
    outer loop
      vertex 42.3749 41.7311 -19.15
      vertex 42.1798 42.0204 12.4
      vertex 42.1798 42.0204 -19.15
    endloop
  endfacet
  facet normal -0.829084 -0.559123 0
    outer loop
      vertex 42.1798 42.0204 12.4
      vertex 42.3749 41.7311 -19.15
      vertex 42.3749 41.7311 12.4
    endloop
  endfacet
  facet normal 0.927127 -0.374747 0
    outer loop
      vertex 50.9877 42.6363 12.4
      vertex 51.1185 42.9599 -19.15
      vertex 51.1185 42.9599 12.4
    endloop
  endfacet
  facet normal 0.927127 -0.374747 0
    outer loop
      vertex 51.1185 42.9599 -19.15
      vertex 50.9877 42.6363 12.4
      vertex 50.9877 42.6363 -19.15
    endloop
  endfacet
  facet normal 0.898864 0.438227 0
    outer loop
      vertex 50.8347 47.0174 12.4
      vertex 50.8523 46.9813 -1.2
      vertex 50.8347 47.0174 -1.2
    endloop
  endfacet
  facet normal 0.898796 0.438367 -4.59266e-07
    outer loop
      vertex 50.9877 46.7037 12.4
      vertex 50.8523 46.9813 -1.2
      vertex 50.8347 47.0174 12.4
    endloop
  endfacet
  facet normal 0.898787 0.438385 -0
    outer loop
      vertex 50.9877 46.7037 -19.15
      vertex 50.8523 46.9813 -1.2
      vertex 50.9877 46.7037 12.4
    endloop
  endfacet
  facet normal 0.898787 0.438385 0
    outer loop
      vertex 50.8523 46.9813 -1.2
      vertex 50.9877 46.7037 -19.15
      vertex 50.8523 46.9813 -19.15
    endloop
  endfacet
  facet normal 0.469651 -0.882852 0
    outer loop
      vertex 48.6119 40.176 -19.15
      vertex 48.92 40.3399 12.4
      vertex 48.6119 40.176 12.4
    endloop
  endfacet
  facet normal 0.469651 -0.882852 0
    outer loop
      vertex 48.92 40.3399 12.4
      vertex 48.6119 40.176 -19.15
      vertex 48.92 40.3399 -19.15
    endloop
  endfacet
  facet normal 0.787946 -0.615744 0
    outer loop
      vertex 50.2502 41.4561 12.4
      vertex 50.4651 41.7311 -19.15
      vertex 50.4651 41.7311 12.4
    endloop
  endfacet
  facet normal 0.787946 -0.615744 0
    outer loop
      vertex 50.4651 41.7311 -19.15
      vertex 50.2502 41.4561 12.4
      vertex 50.2502 41.4561 -19.15
    endloop
  endfacet
  facet normal 0.927127 0.374747 0
    outer loop
      vertex 51.1185 46.3801 12.4
      vertex 50.9877 46.7037 -19.15
      vertex 50.9877 46.7037 12.4
    endloop
  endfacet
  facet normal 0.927127 0.374747 0
    outer loop
      vertex 50.9877 46.7037 -19.15
      vertex 51.1185 46.3801 12.4
      vertex 51.1185 46.3801 -19.15
    endloop
  endfacet
  facet normal -0.694676 -0.719322 0
    outer loop
      vertex 42.8233 41.1967 -19.15
      vertex 43.0743 40.9543 12.4
      vertex 42.8233 41.1967 12.4
    endloop
  endfacet
  facet normal -0.694676 -0.719322 -0
    outer loop
      vertex 43.0743 40.9543 12.4
      vertex 42.8233 41.1967 -19.15
      vertex 43.0743 40.9543 -19.15
    endloop
  endfacet
  facet normal -0.207729 -0.978187 0
    outer loop
      vertex 45.2104 39.8185 -19.15
      vertex 45.5518 39.746 12.4
      vertex 45.2104 39.8185 12.4
    endloop
  endfacet
  facet normal -0.207729 -0.978187 -0
    outer loop
      vertex 45.5518 39.746 12.4
      vertex 45.2104 39.8185 -19.15
      vertex 45.5518 39.746 -19.15
    endloop
  endfacet
  facet normal 0.406537 -0.913634 0
    outer loop
      vertex 48.293 40.0341 -19.15
      vertex 48.6119 40.176 12.4
      vertex 48.293 40.0341 12.4
    endloop
  endfacet
  facet normal 0.406537 -0.913634 0
    outer loop
      vertex 48.6119 40.176 12.4
      vertex 48.293 40.0341 -19.15
      vertex 48.6119 40.176 -19.15
    endloop
  endfacet
  facet normal -0.58778 0.809021 0
    outer loop
      vertex 43.624 48.8152 -19.15
      vertex 43.3417 48.6101 12.4
      vertex 43.624 48.8152 12.4
    endloop
  endfacet
  facet normal -0.58778 0.809021 0
    outer loop
      vertex 43.3417 48.6101 12.4
      vertex 43.624 48.8152 -19.15
      vertex 43.3417 48.6101 -19.15
    endloop
  endfacet
  facet normal 0.139255 -0.990257 0
    outer loop
      vertex 46.9426 39.6974 -19.15
      vertex 47.2882 39.746 12.4
      vertex 46.9426 39.6974 12.4
    endloop
  endfacet
  facet normal 0.139255 -0.990257 0
    outer loop
      vertex 47.2882 39.746 12.4
      vertex 46.9426 39.6974 -19.15
      vertex 47.2882 39.746 -19.15
    endloop
  endfacet
  facet normal -0.0699232 0.997552 0
    outer loop
      vertex 46.2455 49.667 -19.15
      vertex 45.8974 49.6426 12.4
      vertex 46.2455 49.667 12.4
    endloop
  endfacet
  facet normal -0.0699232 0.997552 0
    outer loop
      vertex 45.8974 49.6426 12.4
      vertex 46.2455 49.667 -19.15
      vertex 45.8974 49.6426 -19.15
    endloop
  endfacet
  facet normal -0.999389 -0.0349557 0
    outer loop
      vertex 41.4322 44.3212 -19.15
      vertex 41.42 44.67 12.4
      vertex 41.42 44.67 -19.15
    endloop
  endfacet
  facet normal -0.999389 -0.0349557 0
    outer loop
      vertex 41.42 44.67 12.4
      vertex 41.4322 44.3212 -19.15
      vertex 41.4322 44.3212 12.4
    endloop
  endfacet
  facet normal -0.342157 -0.939643 0
    outer loop
      vertex 44.547 40.0341 -19.15
      vertex 44.8749 39.9147 12.4
      vertex 44.547 40.0341 12.4
    endloop
  endfacet
  facet normal -0.342157 -0.939643 -0
    outer loop
      vertex 44.8749 39.9147 12.4
      vertex 44.547 40.0341 -19.15
      vertex 44.8749 39.9147 -19.15
    endloop
  endfacet
  facet normal -0.898796 -0.438367 0
    outer loop
      vertex 42.0053 42.3226 -19.15
      vertex 41.8523 42.6363 12.4
      vertex 41.8523 42.6363 -19.15
    endloop
  endfacet
  facet normal -0.898796 -0.438367 0
    outer loop
      vertex 41.8523 42.6363 12.4
      vertex 42.0053 42.3226 -19.15
      vertex 42.0053 42.3226 12.4
    endloop
  endfacet
  facet normal 0.865995 -0.500053 0
    outer loop
      vertex 50.6602 42.0204 12.4
      vertex 50.8347 42.3226 -19.15
      vertex 50.8347 42.3226 12.4
    endloop
  endfacet
  facet normal 0.865995 -0.500053 0
    outer loop
      vertex 50.8347 42.3226 -19.15
      vertex 50.6602 42.0204 12.4
      vertex 50.6602 42.0204 -19.15
    endloop
  endfacet
  facet normal 0.829084 0.559123 0
    outer loop
      vertex 50.6602 47.3196 12.4
      vertex 50.4651 47.6089 -1.2
      vertex 50.4651 47.6089 12.4
    endloop
  endfacet
  facet normal 0.829084 0.559123 0
    outer loop
      vertex 50.4651 47.6089 -1.2
      vertex 50.6602 47.3196 12.4
      vertex 50.6602 47.3196 -1.2
    endloop
  endfacet
  facet normal -0.994516 0.10458 0
    outer loop
      vertex 41.4322 45.0188 -19.15
      vertex 41.4687 45.3659 12.4
      vertex 41.4687 45.3659 -19.15
    endloop
  endfacet
  facet normal -0.994516 0.10458 0
    outer loop
      vertex 41.4687 45.3659 12.4
      vertex 41.4322 45.0188 -19.15
      vertex 41.4322 45.0188 12.4
    endloop
  endfacet
  facet normal 0.829084 -0.559123 0
    outer loop
      vertex 50.4651 41.7311 12.4
      vertex 50.6602 42.0204 -19.15
      vertex 50.6602 42.0204 12.4
    endloop
  endfacet
  facet normal 0.829084 -0.559123 0
    outer loop
      vertex 50.6602 42.0204 -19.15
      vertex 50.4651 41.7311 12.4
      vertex 50.4651 41.7311 -19.15
    endloop
  endfacet
  facet normal 0.970311 0.241861 0
    outer loop
      vertex 51.3107 45.7096 12.4
      vertex 51.2263 46.0482 -19.15
      vertex 51.2263 46.0482 12.4
    endloop
  endfacet
  facet normal 0.970311 0.241861 0
    outer loop
      vertex 51.2263 46.0482 -19.15
      vertex 51.3107 45.7096 12.4
      vertex 51.3107 45.7096 -19.15
    endloop
  endfacet
  facet normal 0.58778 0.809021 -0
    outer loop
      vertex 49.4983 48.6101 -1.2
      vertex 49.216 48.8152 12.4
      vertex 49.4983 48.6101 12.4
    endloop
  endfacet
  facet normal 0.58778 0.809021 0
    outer loop
      vertex 49.216 48.8152 12.4
      vertex 49.4983 48.6101 -1.2
      vertex 49.216 48.8152 -1.2
    endloop
  endfacet
  facet normal -0.0699232 -0.997552 0
    outer loop
      vertex 45.8974 39.6974 -19.15
      vertex 46.2455 39.673 12.4
      vertex 45.8974 39.6974 12.4
    endloop
  endfacet
  facet normal -0.0699232 -0.997552 -0
    outer loop
      vertex 46.2455 39.673 12.4
      vertex 45.8974 39.6974 -19.15
      vertex 46.2455 39.673 -19.15
    endloop
  endfacet
  facet normal 0.139255 0.990257 -0
    outer loop
      vertex 47.2882 49.594 -19.15
      vertex 46.9426 49.6426 12.4
      vertex 47.2882 49.594 12.4
    endloop
  endfacet
  facet normal 0.139255 0.990257 0
    outer loop
      vertex 46.9426 49.6426 12.4
      vertex 47.2882 49.594 -19.15
      vertex 46.9426 49.6426 -19.15
    endloop
  endfacet
  facet normal 0.865995 0.500053 0
    outer loop
      vertex 50.8347 47.0174 12.4
      vertex 50.6602 47.3196 -1.2
      vertex 50.6602 47.3196 12.4
    endloop
  endfacet
  facet normal 0.865995 0.500053 0
    outer loop
      vertex 50.6602 47.3196 -1.2
      vertex 50.8347 47.0174 12.4
      vertex 50.8347 47.0174 -1.2
    endloop
  endfacet
  facet normal -0.275629 -0.961264 0
    outer loop
      vertex 44.8749 39.9147 -19.15
      vertex 45.2104 39.8185 12.4
      vertex 44.8749 39.9147 12.4
    endloop
  endfacet
  facet normal -0.275629 -0.961264 -0
    outer loop
      vertex 45.2104 39.8185 12.4
      vertex 44.8749 39.9147 -19.15
      vertex 45.2104 39.8185 -19.15
    endloop
  endfacet
  facet normal 0.58778 -0.809021 0
    outer loop
      vertex 49.216 40.5248 -19.15
      vertex 49.4983 40.7299 12.4
      vertex 49.216 40.5248 12.4
    endloop
  endfacet
  facet normal 0.58778 -0.809021 0
    outer loop
      vertex 49.4983 40.7299 12.4
      vertex 49.216 40.5248 -19.15
      vertex 49.4983 40.7299 -19.15
    endloop
  endfacet
  facet normal -0.469651 -0.882852 0
    outer loop
      vertex 43.92 40.3399 -19.15
      vertex 44.2281 40.176 12.4
      vertex 43.92 40.3399 12.4
    endloop
  endfacet
  facet normal -0.469651 -0.882852 -0
    outer loop
      vertex 44.2281 40.176 12.4
      vertex 43.92 40.3399 -19.15
      vertex 44.2281 40.176 -19.15
    endloop
  endfacet
  facet normal 0 1 -0
    outer loop
      vertex 46.5945 49.667 -19.15
      vertex 46.2455 49.667 12.4
      vertex 46.5945 49.667 12.4
    endloop
  endfacet
  facet normal 0 1 0
    outer loop
      vertex 46.2455 49.667 12.4
      vertex 46.5945 49.667 -19.15
      vertex 46.2455 49.667 -19.15
    endloop
  endfacet
  facet normal 0.207729 -0.978187 0
    outer loop
      vertex 47.2882 39.746 -19.15
      vertex 47.6296 39.8185 12.4
      vertex 47.2882 39.746 12.4
    endloop
  endfacet
  facet normal 0.207729 -0.978187 0
    outer loop
      vertex 47.6296 39.8185 12.4
      vertex 47.2882 39.746 -19.15
      vertex 47.6296 39.8185 -19.15
    endloop
  endfacet
  facet normal -0.951091 -0.308911 0
    outer loop
      vertex 41.7215 42.9599 -19.15
      vertex 41.6137 43.2918 12.4
      vertex 41.6137 43.2918 -19.15
    endloop
  endfacet
  facet normal -0.951091 -0.308911 0
    outer loop
      vertex 41.6137 43.2918 12.4
      vertex 41.7215 42.9599 -19.15
      vertex 41.7215 42.9599 12.4
    endloop
  endfacet
  facet normal 0.743237 -0.669028 0
    outer loop
      vertex 50.0167 41.1967 12.4
      vertex 50.2502 41.4561 -19.15
      vertex 50.2502 41.4561 12.4
    endloop
  endfacet
  facet normal 0.743237 -0.669028 0
    outer loop
      vertex 50.2502 41.4561 -19.15
      vertex 50.0167 41.1967 12.4
      vertex 50.0167 41.1967 -19.15
    endloop
  endfacet
  facet normal 0 -1 0
    outer loop
      vertex 46.2455 39.673 -19.15
      vertex 46.5945 39.673 12.4
      vertex 46.2455 39.673 12.4
    endloop
  endfacet
  facet normal 0 -1 -0
    outer loop
      vertex 46.5945 39.673 12.4
      vertex 46.2455 39.673 -19.15
      vertex 46.5945 39.673 -19.15
    endloop
  endfacet
  facet normal 0.994516 0.10458 0
    outer loop
      vertex 51.4078 45.0188 12.4
      vertex 51.3713 45.3659 -19.15
      vertex 51.3713 45.3659 12.4
    endloop
  endfacet
  facet normal 0.994516 0.10458 0
    outer loop
      vertex 51.3713 45.3659 -19.15
      vertex 51.4078 45.0188 12.4
      vertex 51.4078 45.0188 -19.15
    endloop
  endfacet
  facet normal -0.927127 0.374747 0
    outer loop
      vertex 41.7215 46.3801 -19.15
      vertex 41.8523 46.7037 12.4
      vertex 41.8523 46.7037 -19.15
    endloop
  endfacet
  facet normal -0.927127 0.374747 0
    outer loop
      vertex 41.8523 46.7037 12.4
      vertex 41.7215 46.3801 -19.15
      vertex 41.7215 46.3801 12.4
    endloop
  endfacet
  facet normal -0.787946 -0.615744 0
    outer loop
      vertex 42.5898 41.4561 -19.15
      vertex 42.3749 41.7311 12.4
      vertex 42.3749 41.7311 -19.15
    endloop
  endfacet
  facet normal -0.787946 -0.615744 0
    outer loop
      vertex 42.3749 41.7311 12.4
      vertex 42.5898 41.4561 -19.15
      vertex 42.5898 41.4561 12.4
    endloop
  endfacet
  facet normal -0.951091 0.308911 0
    outer loop
      vertex 41.6137 46.0482 -19.15
      vertex 41.7215 46.3801 12.4
      vertex 41.7215 46.3801 -19.15
    endloop
  endfacet
  facet normal -0.951091 0.308911 0
    outer loop
      vertex 41.7215 46.3801 12.4
      vertex 41.6137 46.0482 -19.15
      vertex 41.6137 46.0482 12.4
    endloop
  endfacet
  facet normal 0.0699232 0.997552 -0
    outer loop
      vertex 46.9426 49.6426 -19.15
      vertex 46.5945 49.667 12.4
      vertex 46.9426 49.6426 12.4
    endloop
  endfacet
  facet normal 0.0699232 0.997552 0
    outer loop
      vertex 46.5945 49.667 12.4
      vertex 46.9426 49.6426 -19.15
      vertex 46.5945 49.667 -19.15
    endloop
  endfacet
  facet normal 0.642829 -0.76601 0
    outer loop
      vertex 49.4983 40.7299 -19.15
      vertex 49.7657 40.9543 12.4
      vertex 49.4983 40.7299 12.4
    endloop
  endfacet
  facet normal 0.642829 -0.76601 0
    outer loop
      vertex 49.7657 40.9543 12.4
      vertex 49.4983 40.7299 -19.15
      vertex 49.7657 40.9543 -19.15
    endloop
  endfacet
  facet normal -0.743237 0.669028 0
    outer loop
      vertex 42.5898 47.8839 -19.15
      vertex 42.8233 48.1433 12.4
      vertex 42.8233 48.1433 -19.15
    endloop
  endfacet
  facet normal -0.743237 0.669028 0
    outer loop
      vertex 42.8233 48.1433 12.4
      vertex 42.5898 47.8839 -19.15
      vertex 42.5898 47.8839 12.4
    endloop
  endfacet
  facet normal 0.694676 0.719322 -0
    outer loop
      vertex 50.0167 48.1433 -1.2
      vertex 49.7657 48.3857 12.4
      vertex 50.0167 48.1433 12.4
    endloop
  endfacet
  facet normal 0.694676 0.719322 0
    outer loop
      vertex 49.7657 48.3857 12.4
      vertex 50.0167 48.1433 -1.2
      vertex 49.7657 48.3857 -1.2
    endloop
  endfacet
  facet normal 0.342157 0.939643 -0
    outer loop
      vertex 48.293 49.3059 -19.15
      vertex 47.9651 49.4253 12.4
      vertex 48.293 49.3059 12.4
    endloop
  endfacet
  facet normal 0.342157 0.939643 0
    outer loop
      vertex 47.9651 49.4253 12.4
      vertex 48.293 49.3059 -19.15
      vertex 47.9651 49.4253 -19.15
    endloop
  endfacet
  facet normal 0.406537 0.913634 -0
    outer loop
      vertex 48.6119 49.164 -19.15
      vertex 48.293 49.3059 12.4
      vertex 48.6119 49.164 12.4
    endloop
  endfacet
  facet normal 0.406537 0.913634 0
    outer loop
      vertex 48.293 49.3059 12.4
      vertex 48.6119 49.164 -19.15
      vertex 48.293 49.3059 -19.15
    endloop
  endfacet
  facet normal -0.694676 0.719322 0
    outer loop
      vertex 43.0743 48.3857 -19.15
      vertex 42.8233 48.1433 12.4
      vertex 43.0743 48.3857 12.4
    endloop
  endfacet
  facet normal -0.694676 0.719322 0
    outer loop
      vertex 42.8233 48.1433 12.4
      vertex 43.0743 48.3857 -19.15
      vertex 42.8233 48.1433 -19.15
    endloop
  endfacet
  facet normal -0.642829 -0.76601 0
    outer loop
      vertex 43.0743 40.9543 -19.15
      vertex 43.3417 40.7299 12.4
      vertex 43.0743 40.9543 12.4
    endloop
  endfacet
  facet normal -0.642829 -0.76601 -0
    outer loop
      vertex 43.3417 40.7299 12.4
      vertex 43.0743 40.9543 -19.15
      vertex 43.3417 40.7299 -19.15
    endloop
  endfacet
  facet normal -0.139255 -0.990257 0
    outer loop
      vertex 45.5518 39.746 -19.15
      vertex 45.8974 39.6974 12.4
      vertex 45.5518 39.746 12.4
    endloop
  endfacet
  facet normal -0.139255 -0.990257 -0
    outer loop
      vertex 45.8974 39.6974 12.4
      vertex 45.5518 39.746 -19.15
      vertex 45.8974 39.6974 -19.15
    endloop
  endfacet
  facet normal -0.787946 0.615744 0
    outer loop
      vertex 42.3749 47.6089 -19.15
      vertex 42.5898 47.8839 12.4
      vertex 42.5898 47.8839 -19.15
    endloop
  endfacet
  facet normal -0.787946 0.615744 0
    outer loop
      vertex 42.5898 47.8839 12.4
      vertex 42.3749 47.6089 -19.15
      vertex 42.3749 47.6089 12.4
    endloop
  endfacet
  facet normal 0.694676 -0.719322 0
    outer loop
      vertex 49.7657 40.9543 -19.15
      vertex 50.0167 41.1967 12.4
      vertex 49.7657 40.9543 12.4
    endloop
  endfacet
  facet normal 0.694676 -0.719322 0
    outer loop
      vertex 50.0167 41.1967 12.4
      vertex 49.7657 40.9543 -19.15
      vertex 50.0167 41.1967 -19.15
    endloop
  endfacet
  facet normal -0.406537 -0.913634 0
    outer loop
      vertex 44.2281 40.176 -19.15
      vertex 44.547 40.0341 12.4
      vertex 44.2281 40.176 12.4
    endloop
  endfacet
  facet normal -0.406537 -0.913634 -0
    outer loop
      vertex 44.547 40.0341 12.4
      vertex 44.2281 40.176 -19.15
      vertex 44.547 40.0341 -19.15
    endloop
  endfacet
  facet normal -0.927127 -0.374747 0
    outer loop
      vertex 41.8523 42.6363 -19.15
      vertex 41.7215 42.9599 12.4
      vertex 41.7215 42.9599 -19.15
    endloop
  endfacet
  facet normal -0.927127 -0.374747 0
    outer loop
      vertex 41.7215 42.9599 12.4
      vertex 41.8523 42.6363 -19.15
      vertex 41.8523 42.6363 12.4
    endloop
  endfacet
  facet normal -0.469651 0.882852 0
    outer loop
      vertex 44.2281 49.164 -19.15
      vertex 43.92 49.0001 12.4
      vertex 44.2281 49.164 12.4
    endloop
  endfacet
  facet normal -0.469651 0.882852 0
    outer loop
      vertex 43.92 49.0001 12.4
      vertex 44.2281 49.164 -19.15
      vertex 43.92 49.0001 -19.15
    endloop
  endfacet
  facet normal 0.951091 -0.308911 0
    outer loop
      vertex 51.1185 42.9599 12.4
      vertex 51.2263 43.2918 -19.15
      vertex 51.2263 43.2918 12.4
    endloop
  endfacet
  facet normal 0.951091 -0.308911 0
    outer loop
      vertex 51.2263 43.2918 -19.15
      vertex 51.1185 42.9599 12.4
      vertex 51.1185 42.9599 -19.15
    endloop
  endfacet
  facet normal 0.275629 -0.961264 0
    outer loop
      vertex 47.6296 39.8185 -19.15
      vertex 47.9651 39.9147 12.4
      vertex 47.6296 39.8185 12.4
    endloop
  endfacet
  facet normal 0.275629 -0.961264 0
    outer loop
      vertex 47.9651 39.9147 12.4
      vertex 47.6296 39.8185 -19.15
      vertex 47.9651 39.9147 -19.15
    endloop
  endfacet
  facet normal -0.342157 0.939643 0
    outer loop
      vertex 44.8749 49.4253 -19.15
      vertex 44.547 49.3059 12.4
      vertex 44.8749 49.4253 12.4
    endloop
  endfacet
  facet normal -0.342157 0.939643 0
    outer loop
      vertex 44.547 49.3059 12.4
      vertex 44.8749 49.4253 -19.15
      vertex 44.547 49.3059 -19.15
    endloop
  endfacet
  facet normal 0.342157 -0.939643 0
    outer loop
      vertex 47.9651 39.9147 -19.15
      vertex 48.293 40.0341 12.4
      vertex 47.9651 39.9147 12.4
    endloop
  endfacet
  facet normal 0.342157 -0.939643 0
    outer loop
      vertex 48.293 40.0341 12.4
      vertex 47.9651 39.9147 -19.15
      vertex 48.293 40.0341 -19.15
    endloop
  endfacet
  facet normal -0.529793 0.848127 0
    outer loop
      vertex 43.92 49.0001 -19.15
      vertex 43.624 48.8152 12.4
      vertex 43.92 49.0001 12.4
    endloop
  endfacet
  facet normal -0.529793 0.848127 0
    outer loop
      vertex 43.624 48.8152 12.4
      vertex 43.92 49.0001 -19.15
      vertex 43.624 48.8152 -19.15
    endloop
  endfacet
  facet normal -0.275629 0.961264 0
    outer loop
      vertex 45.2104 49.5215 -19.15
      vertex 44.8749 49.4253 12.4
      vertex 45.2104 49.5215 12.4
    endloop
  endfacet
  facet normal -0.275629 0.961264 0
    outer loop
      vertex 44.8749 49.4253 12.4
      vertex 45.2104 49.5215 -19.15
      vertex 44.8749 49.4253 -19.15
    endloop
  endfacet
  facet normal -0.98481 -0.173638 0
    outer loop
      vertex 41.5293 43.6304 -19.15
      vertex 41.4687 43.9741 12.4
      vertex 41.4687 43.9741 -19.15
    endloop
  endfacet
  facet normal -0.98481 -0.173638 0
    outer loop
      vertex 41.4687 43.9741 12.4
      vertex 41.5293 43.6304 -19.15
      vertex 41.5293 43.6304 12.4
    endloop
  endfacet
  facet normal 0.529793 0.848127 -0
    outer loop
      vertex 49.216 48.8152 -1.2
      vertex 48.92 49.0001 12.4
      vertex 49.216 48.8152 12.4
    endloop
  endfacet
  facet normal 0.529793 0.848127 0
    outer loop
      vertex 48.92 49.0001 12.4
      vertex 49.216 48.8152 -1.2
      vertex 48.92 49.0001 -1.2
    endloop
  endfacet
  facet normal 0.469651 0.882852 -0
    outer loop
      vertex 48.92 49.0001 -1.2
      vertex 48.6119 49.164 12.4
      vertex 48.92 49.0001 12.4
    endloop
  endfacet
  facet normal 0.469574 0.882893 -2.22549e-06
    outer loop
      vertex 48.7301 49.1011 -1.2
      vertex 48.6119 49.164 12.4
      vertex 48.92 49.0001 -1.2
    endloop
  endfacet
  facet normal 0.469774 0.882787 0
    outer loop
      vertex 48.6119 49.164 -19.15
      vertex 48.7301 49.1011 -1.2
      vertex 48.7301 49.1011 -19.15
    endloop
  endfacet
  facet normal 0.469774 0.882787 0
    outer loop
      vertex 48.7301 49.1011 -1.2
      vertex 48.6119 49.164 -19.15
      vertex 48.6119 49.164 12.4
    endloop
  endfacet
  facet normal -0.999389 0.0349557 0
    outer loop
      vertex 41.42 44.67 -19.15
      vertex 41.4322 45.0188 12.4
      vertex 41.4322 45.0188 -19.15
    endloop
  endfacet
  facet normal -0.999389 0.0349557 0
    outer loop
      vertex 41.4322 45.0188 12.4
      vertex 41.42 44.67 -19.15
      vertex 41.42 44.67 12.4
    endloop
  endfacet
  facet normal -0.865995 0.500053 0
    outer loop
      vertex 42.0053 47.0174 -19.15
      vertex 42.1798 47.3196 12.4
      vertex 42.1798 47.3196 -19.15
    endloop
  endfacet
  facet normal -0.865995 0.500053 0
    outer loop
      vertex 42.1798 47.3196 12.4
      vertex 42.0053 47.0174 -19.15
      vertex 42.0053 47.0174 12.4
    endloop
  endfacet
  facet normal -0.642829 0.76601 0
    outer loop
      vertex 43.3417 48.6101 -19.15
      vertex 43.0743 48.3857 12.4
      vertex 43.3417 48.6101 12.4
    endloop
  endfacet
  facet normal -0.642829 0.76601 0
    outer loop
      vertex 43.0743 48.3857 12.4
      vertex 43.3417 48.6101 -19.15
      vertex 43.0743 48.3857 -19.15
    endloop
  endfacet
  facet normal -0.58778 -0.809021 0
    outer loop
      vertex 43.3417 40.7299 -19.15
      vertex 43.624 40.5248 12.4
      vertex 43.3417 40.7299 12.4
    endloop
  endfacet
  facet normal -0.58778 -0.809021 -0
    outer loop
      vertex 43.624 40.5248 12.4
      vertex 43.3417 40.7299 -19.15
      vertex 43.624 40.5248 -19.15
    endloop
  endfacet
  facet normal 0.207729 0.978187 -0
    outer loop
      vertex 47.6296 49.5215 -19.15
      vertex 47.2882 49.594 12.4
      vertex 47.6296 49.5215 12.4
    endloop
  endfacet
  facet normal 0.207729 0.978187 0
    outer loop
      vertex 47.2882 49.594 12.4
      vertex 47.6296 49.5215 -19.15
      vertex 47.2882 49.594 -19.15
    endloop
  endfacet
  facet normal -0.139255 0.990257 0
    outer loop
      vertex 45.8974 49.6426 -19.15
      vertex 45.5518 49.594 12.4
      vertex 45.8974 49.6426 12.4
    endloop
  endfacet
  facet normal -0.139255 0.990257 0
    outer loop
      vertex 45.5518 49.594 12.4
      vertex 45.8974 49.6426 -19.15
      vertex 45.5518 49.594 -19.15
    endloop
  endfacet
  facet normal -0.829084 0.559123 0
    outer loop
      vertex 42.1798 47.3196 -19.15
      vertex 42.3749 47.6089 12.4
      vertex 42.3749 47.6089 -19.15
    endloop
  endfacet
  facet normal -0.829084 0.559123 0
    outer loop
      vertex 42.3749 47.6089 12.4
      vertex 42.1798 47.3196 -19.15
      vertex 42.1798 47.3196 12.4
    endloop
  endfacet
  facet normal -0.207729 0.978187 0
    outer loop
      vertex 45.5518 49.594 -19.15
      vertex 45.2104 49.5215 12.4
      vertex 45.5518 49.594 12.4
    endloop
  endfacet
  facet normal -0.207729 0.978187 0
    outer loop
      vertex 45.2104 49.5215 12.4
      vertex 45.5518 49.594 -19.15
      vertex 45.2104 49.5215 -19.15
    endloop
  endfacet
  facet normal -0.406537 0.913634 0
    outer loop
      vertex 44.547 49.3059 -19.15
      vertex 44.2281 49.164 12.4
      vertex 44.547 49.3059 12.4
    endloop
  endfacet
  facet normal -0.406537 0.913634 0
    outer loop
      vertex 44.2281 49.164 12.4
      vertex 44.547 49.3059 -19.15
      vertex 44.2281 49.164 -19.15
    endloop
  endfacet
  facet normal -0.865995 -0.500053 0
    outer loop
      vertex 42.1798 42.0204 -19.15
      vertex 42.0053 42.3226 12.4
      vertex 42.0053 42.3226 -19.15
    endloop
  endfacet
  facet normal -0.865995 -0.500053 0
    outer loop
      vertex 42.0053 42.3226 12.4
      vertex 42.1798 42.0204 -19.15
      vertex 42.1798 42.0204 12.4
    endloop
  endfacet
  facet normal -0.898796 0.438367 0
    outer loop
      vertex 41.8523 46.7037 -19.15
      vertex 42.0053 47.0174 12.4
      vertex 42.0053 47.0174 -19.15
    endloop
  endfacet
  facet normal -0.898796 0.438367 0
    outer loop
      vertex 42.0053 47.0174 12.4
      vertex 41.8523 46.7037 -19.15
      vertex 41.8523 46.7037 12.4
    endloop
  endfacet
  facet normal 0.994516 -0.10458 0
    outer loop
      vertex 51.3713 -45.3659 12.4
      vertex 51.4078 -45.0188 -19.15
      vertex 51.4078 -45.0188 12.4
    endloop
  endfacet
  facet normal 0.994516 -0.10458 0
    outer loop
      vertex 51.4078 -45.0188 -19.15
      vertex 51.3713 -45.3659 12.4
      vertex 51.3713 -45.3659 -19.15
    endloop
  endfacet
  facet normal 0.999389 -0.0349557 0
    outer loop
      vertex 51.4078 -45.0188 12.4
      vertex 51.42 -44.67 -19.15
      vertex 51.42 -44.67 12.4
    endloop
  endfacet
  facet normal 0.999389 -0.0349557 0
    outer loop
      vertex 51.42 -44.67 -19.15
      vertex 51.4078 -45.0188 12.4
      vertex 51.4078 -45.0188 -19.15
    endloop
  endfacet
  facet normal 0.98481 -0.173638 0
    outer loop
      vertex 51.3107 -45.7096 12.4
      vertex 51.3713 -45.3659 -19.15
      vertex 51.3713 -45.3659 12.4
    endloop
  endfacet
  facet normal 0.98481 -0.173638 0
    outer loop
      vertex 51.3713 -45.3659 -19.15
      vertex 51.3107 -45.7096 12.4
      vertex 51.3107 -45.7096 -19.15
    endloop
  endfacet
  facet normal 0.207729 -0.978187 0
    outer loop
      vertex 47.2882 -49.594 -19.15
      vertex 47.6296 -49.5215 12.4
      vertex 47.2882 -49.594 12.4
    endloop
  endfacet
  facet normal 0.207729 -0.978187 0
    outer loop
      vertex 47.6296 -49.5215 12.4
      vertex 47.2882 -49.594 -19.15
      vertex 47.6296 -49.5215 -19.15
    endloop
  endfacet
  facet normal 0.406537 -0.913634 0
    outer loop
      vertex 48.293 -49.3059 -19.15
      vertex 48.6119 -49.164 12.4
      vertex 48.293 -49.3059 12.4
    endloop
  endfacet
  facet normal 0.406537 -0.913634 0
    outer loop
      vertex 48.6119 -49.164 12.4
      vertex 48.293 -49.3059 -19.15
      vertex 48.6119 -49.164 -19.15
    endloop
  endfacet
  facet normal 0.743237 -0.669028 0
    outer loop
      vertex 50.0167 -48.1433 12.4
      vertex 50.2502 -47.8839 -1.2
      vertex 50.2502 -47.8839 12.4
    endloop
  endfacet
  facet normal 0.743237 -0.669028 0
    outer loop
      vertex 50.2502 -47.8839 -1.2
      vertex 50.0167 -48.1433 12.4
      vertex 50.0167 -48.1433 -1.2
    endloop
  endfacet
  facet normal -0.898796 -0.438367 0
    outer loop
      vertex 42.0053 -47.0174 -19.15
      vertex 41.8523 -46.7037 12.4
      vertex 41.8523 -46.7037 -19.15
    endloop
  endfacet
  facet normal -0.898796 -0.438367 0
    outer loop
      vertex 41.8523 -46.7037 12.4
      vertex 42.0053 -47.0174 -19.15
      vertex 42.0053 -47.0174 12.4
    endloop
  endfacet
  facet normal 0.829084 0.559123 0
    outer loop
      vertex 50.6602 -42.0204 12.4
      vertex 50.4651 -41.7311 -19.15
      vertex 50.4651 -41.7311 12.4
    endloop
  endfacet
  facet normal 0.829084 0.559123 0
    outer loop
      vertex 50.4651 -41.7311 -19.15
      vertex 50.6602 -42.0204 12.4
      vertex 50.6602 -42.0204 -19.15
    endloop
  endfacet
  facet normal 0 -1 0
    outer loop
      vertex 46.2455 -49.667 -19.15
      vertex 46.5945 -49.667 12.4
      vertex 46.2455 -49.667 12.4
    endloop
  endfacet
  facet normal 0 -1 -0
    outer loop
      vertex 46.5945 -49.667 12.4
      vertex 46.2455 -49.667 -19.15
      vertex 46.5945 -49.667 -19.15
    endloop
  endfacet
  facet normal 0.406537 0.913634 -0
    outer loop
      vertex 48.6119 -40.176 -19.15
      vertex 48.293 -40.0341 12.4
      vertex 48.6119 -40.176 12.4
    endloop
  endfacet
  facet normal 0.406537 0.913634 0
    outer loop
      vertex 48.293 -40.0341 12.4
      vertex 48.6119 -40.176 -19.15
      vertex 48.293 -40.0341 -19.15
    endloop
  endfacet
  facet normal -0.406537 -0.913634 0
    outer loop
      vertex 44.2281 -49.164 -19.15
      vertex 44.547 -49.3059 12.4
      vertex 44.2281 -49.164 12.4
    endloop
  endfacet
  facet normal -0.406537 -0.913634 -0
    outer loop
      vertex 44.547 -49.3059 12.4
      vertex 44.2281 -49.164 -19.15
      vertex 44.547 -49.3059 -19.15
    endloop
  endfacet
  facet normal -0.999389 0.0349557 0
    outer loop
      vertex 41.42 -44.67 -19.15
      vertex 41.4322 -44.3212 12.4
      vertex 41.4322 -44.3212 -19.15
    endloop
  endfacet
  facet normal -0.999389 0.0349557 0
    outer loop
      vertex 41.4322 -44.3212 12.4
      vertex 41.42 -44.67 -19.15
      vertex 41.42 -44.67 12.4
    endloop
  endfacet
  facet normal -0.694676 0.719322 0
    outer loop
      vertex 43.0743 -40.9543 -19.15
      vertex 42.8233 -41.1967 12.4
      vertex 43.0743 -40.9543 12.4
    endloop
  endfacet
  facet normal -0.694676 0.719322 0
    outer loop
      vertex 42.8233 -41.1967 12.4
      vertex 43.0743 -40.9543 -19.15
      vertex 42.8233 -41.1967 -19.15
    endloop
  endfacet
  facet normal -0.275629 -0.961264 0
    outer loop
      vertex 44.8749 -49.4253 -19.15
      vertex 45.2104 -49.5215 12.4
      vertex 44.8749 -49.4253 12.4
    endloop
  endfacet
  facet normal -0.275629 -0.961264 -0
    outer loop
      vertex 45.2104 -49.5215 12.4
      vertex 44.8749 -49.4253 -19.15
      vertex 45.2104 -49.5215 -19.15
    endloop
  endfacet
  facet normal -0.642829 0.76601 0
    outer loop
      vertex 43.3417 -40.7299 -19.15
      vertex 43.0743 -40.9543 12.4
      vertex 43.3417 -40.7299 12.4
    endloop
  endfacet
  facet normal -0.642829 0.76601 0
    outer loop
      vertex 43.0743 -40.9543 12.4
      vertex 43.3417 -40.7299 -19.15
      vertex 43.0743 -40.9543 -19.15
    endloop
  endfacet
  facet normal -0.58778 0.809021 0
    outer loop
      vertex 43.624 -40.5248 -19.15
      vertex 43.3417 -40.7299 12.4
      vertex 43.624 -40.5248 12.4
    endloop
  endfacet
  facet normal -0.58778 0.809021 0
    outer loop
      vertex 43.3417 -40.7299 12.4
      vertex 43.624 -40.5248 -19.15
      vertex 43.3417 -40.7299 -19.15
    endloop
  endfacet
  facet normal 0.642829 0.76601 -0
    outer loop
      vertex 49.7657 -40.9543 -19.15
      vertex 49.4983 -40.7299 12.4
      vertex 49.7657 -40.9543 12.4
    endloop
  endfacet
  facet normal 0.642829 0.76601 0
    outer loop
      vertex 49.4983 -40.7299 12.4
      vertex 49.7657 -40.9543 -19.15
      vertex 49.4983 -40.7299 -19.15
    endloop
  endfacet
  facet normal 0.642829 -0.76601 0
    outer loop
      vertex 49.4983 -48.6101 -1.2
      vertex 49.7657 -48.3857 12.4
      vertex 49.4983 -48.6101 12.4
    endloop
  endfacet
  facet normal 0.642829 -0.76601 0
    outer loop
      vertex 49.7657 -48.3857 12.4
      vertex 49.4983 -48.6101 -1.2
      vertex 49.7657 -48.3857 -1.2
    endloop
  endfacet
  facet normal -0.927127 0.374747 0
    outer loop
      vertex 41.7215 -42.9599 -19.15
      vertex 41.8523 -42.6363 12.4
      vertex 41.8523 -42.6363 -19.15
    endloop
  endfacet
  facet normal -0.927127 0.374747 0
    outer loop
      vertex 41.8523 -42.6363 12.4
      vertex 41.7215 -42.9599 -19.15
      vertex 41.7215 -42.9599 12.4
    endloop
  endfacet
  facet normal 0.98481 0.173638 0
    outer loop
      vertex 51.3713 -43.9741 12.4
      vertex 51.3107 -43.6304 -19.15
      vertex 51.3107 -43.6304 12.4
    endloop
  endfacet
  facet normal 0.98481 0.173638 0
    outer loop
      vertex 51.3107 -43.6304 -19.15
      vertex 51.3713 -43.9741 12.4
      vertex 51.3713 -43.9741 -19.15
    endloop
  endfacet
  facet normal -0.994516 0.10458 0
    outer loop
      vertex 41.4322 -44.3212 -19.15
      vertex 41.4687 -43.9741 12.4
      vertex 41.4687 -43.9741 -19.15
    endloop
  endfacet
  facet normal -0.994516 0.10458 0
    outer loop
      vertex 41.4687 -43.9741 12.4
      vertex 41.4322 -44.3212 -19.15
      vertex 41.4322 -44.3212 12.4
    endloop
  endfacet
  facet normal 0.469651 -0.882852 -1.37163e-06
    outer loop
      vertex 48.6119 -49.164 12.4
      vertex 48.7301 -49.1011 -1.2
      vertex 48.92 -49.0001 12.4
    endloop
  endfacet
  facet normal 0.469774 -0.882787 0
    outer loop
      vertex 48.6119 -49.164 -19.15
      vertex 48.7301 -49.1011 -1.2
      vertex 48.6119 -49.164 12.4
    endloop
  endfacet
  facet normal 0.469774 -0.882787 0
    outer loop
      vertex 48.7301 -49.1011 -1.2
      vertex 48.6119 -49.164 -19.15
      vertex 48.7301 -49.1011 -19.15
    endloop
  endfacet
  facet normal 0.469574 -0.882893 0
    outer loop
      vertex 48.92 -49.0001 12.4
      vertex 48.7301 -49.1011 -1.2
      vertex 48.92 -49.0001 -1.2
    endloop
  endfacet
  facet normal 0.139255 -0.990257 0
    outer loop
      vertex 46.9426 -49.6426 -19.15
      vertex 47.2882 -49.594 12.4
      vertex 46.9426 -49.6426 12.4
    endloop
  endfacet
  facet normal 0.139255 -0.990257 0
    outer loop
      vertex 47.2882 -49.594 12.4
      vertex 46.9426 -49.6426 -19.15
      vertex 47.2882 -49.594 -19.15
    endloop
  endfacet
  facet normal 0.58778 0.809021 -0
    outer loop
      vertex 49.4983 -40.7299 -19.15
      vertex 49.216 -40.5248 12.4
      vertex 49.4983 -40.7299 12.4
    endloop
  endfacet
  facet normal 0.58778 0.809021 0
    outer loop
      vertex 49.216 -40.5248 12.4
      vertex 49.4983 -40.7299 -19.15
      vertex 49.216 -40.5248 -19.15
    endloop
  endfacet
  facet normal 0.529793 -0.848127 0
    outer loop
      vertex 48.92 -49.0001 -1.2
      vertex 49.216 -48.8152 12.4
      vertex 48.92 -49.0001 12.4
    endloop
  endfacet
  facet normal 0.529793 -0.848127 0
    outer loop
      vertex 49.216 -48.8152 12.4
      vertex 48.92 -49.0001 -1.2
      vertex 49.216 -48.8152 -1.2
    endloop
  endfacet
  facet normal 0.0699232 0.997552 -0
    outer loop
      vertex 46.9426 -39.6974 -19.15
      vertex 46.5945 -39.673 12.4
      vertex 46.9426 -39.6974 12.4
    endloop
  endfacet
  facet normal 0.0699232 0.997552 0
    outer loop
      vertex 46.5945 -39.673 12.4
      vertex 46.9426 -39.6974 -19.15
      vertex 46.5945 -39.673 -19.15
    endloop
  endfacet
  facet normal -0.951091 -0.308911 0
    outer loop
      vertex 41.7215 -46.3801 -19.15
      vertex 41.6137 -46.0482 12.4
      vertex 41.6137 -46.0482 -19.15
    endloop
  endfacet
  facet normal -0.951091 -0.308911 0
    outer loop
      vertex 41.6137 -46.0482 12.4
      vertex 41.7215 -46.3801 -19.15
      vertex 41.7215 -46.3801 12.4
    endloop
  endfacet
  facet normal -0.694676 -0.719322 0
    outer loop
      vertex 42.8233 -48.1433 -19.15
      vertex 43.0743 -48.3857 12.4
      vertex 42.8233 -48.1433 12.4
    endloop
  endfacet
  facet normal -0.694676 -0.719322 -0
    outer loop
      vertex 43.0743 -48.3857 12.4
      vertex 42.8233 -48.1433 -19.15
      vertex 43.0743 -48.3857 -19.15
    endloop
  endfacet
  facet normal 0.787946 -0.615744 0
    outer loop
      vertex 50.2502 -47.8839 12.4
      vertex 50.4651 -47.6089 -1.2
      vertex 50.4651 -47.6089 12.4
    endloop
  endfacet
  facet normal 0.787946 -0.615744 0
    outer loop
      vertex 50.4651 -47.6089 -1.2
      vertex 50.2502 -47.8839 12.4
      vertex 50.2502 -47.8839 -1.2
    endloop
  endfacet
  facet normal -0.743237 0.669028 0
    outer loop
      vertex 42.5898 -41.4561 -19.15
      vertex 42.8233 -41.1967 12.4
      vertex 42.8233 -41.1967 -19.15
    endloop
  endfacet
  facet normal -0.743237 0.669028 0
    outer loop
      vertex 42.8233 -41.1967 12.4
      vertex 42.5898 -41.4561 -19.15
      vertex 42.5898 -41.4561 12.4
    endloop
  endfacet
  facet normal 0.970311 -0.241861 0
    outer loop
      vertex 51.2263 -46.0482 12.4
      vertex 51.3107 -45.7096 -19.15
      vertex 51.3107 -45.7096 12.4
    endloop
  endfacet
  facet normal 0.970311 -0.241861 0
    outer loop
      vertex 51.3107 -45.7096 -19.15
      vertex 51.2263 -46.0482 12.4
      vertex 51.2263 -46.0482 -19.15
    endloop
  endfacet
  facet normal -0.469651 -0.882852 0
    outer loop
      vertex 43.92 -49.0001 -19.15
      vertex 44.2281 -49.164 12.4
      vertex 43.92 -49.0001 12.4
    endloop
  endfacet
  facet normal -0.469651 -0.882852 -0
    outer loop
      vertex 44.2281 -49.164 12.4
      vertex 43.92 -49.0001 -19.15
      vertex 44.2281 -49.164 -19.15
    endloop
  endfacet
  facet normal 0.469651 0.882852 -0
    outer loop
      vertex 48.92 -40.3399 -19.15
      vertex 48.6119 -40.176 12.4
      vertex 48.92 -40.3399 12.4
    endloop
  endfacet
  facet normal 0.469651 0.882852 0
    outer loop
      vertex 48.6119 -40.176 12.4
      vertex 48.92 -40.3399 -19.15
      vertex 48.6119 -40.176 -19.15
    endloop
  endfacet
  facet normal 0.342157 -0.939643 0
    outer loop
      vertex 47.9651 -49.4253 -19.15
      vertex 48.293 -49.3059 12.4
      vertex 47.9651 -49.4253 12.4
    endloop
  endfacet
  facet normal 0.342157 -0.939643 0
    outer loop
      vertex 48.293 -49.3059 12.4
      vertex 47.9651 -49.4253 -19.15
      vertex 48.293 -49.3059 -19.15
    endloop
  endfacet
  facet normal -0.0699232 0.997552 0
    outer loop
      vertex 46.2455 -39.673 -19.15
      vertex 45.8974 -39.6974 12.4
      vertex 46.2455 -39.673 12.4
    endloop
  endfacet
  facet normal -0.0699232 0.997552 0
    outer loop
      vertex 45.8974 -39.6974 12.4
      vertex 46.2455 -39.673 -19.15
      vertex 45.8974 -39.6974 -19.15
    endloop
  endfacet
  facet normal 0.207729 0.978187 -0
    outer loop
      vertex 47.6296 -39.8185 -19.15
      vertex 47.2882 -39.746 12.4
      vertex 47.6296 -39.8185 12.4
    endloop
  endfacet
  facet normal 0.207729 0.978187 0
    outer loop
      vertex 47.2882 -39.746 12.4
      vertex 47.6296 -39.8185 -19.15
      vertex 47.2882 -39.746 -19.15
    endloop
  endfacet
  facet normal 0.927127 0.374747 0
    outer loop
      vertex 51.1185 -42.9599 12.4
      vertex 50.9877 -42.6363 -19.15
      vertex 50.9877 -42.6363 12.4
    endloop
  endfacet
  facet normal 0.927127 0.374747 0
    outer loop
      vertex 50.9877 -42.6363 -19.15
      vertex 51.1185 -42.9599 12.4
      vertex 51.1185 -42.9599 -19.15
    endloop
  endfacet
  facet normal 0.829084 -0.559123 0
    outer loop
      vertex 50.4651 -47.6089 12.4
      vertex 50.6602 -47.3196 -1.2
      vertex 50.6602 -47.3196 12.4
    endloop
  endfacet
  facet normal 0.829084 -0.559123 0
    outer loop
      vertex 50.6602 -47.3196 -1.2
      vertex 50.4651 -47.6089 12.4
      vertex 50.4651 -47.6089 -1.2
    endloop
  endfacet
  facet normal 0.994516 0.10458 0
    outer loop
      vertex 51.4078 -44.3212 12.4
      vertex 51.3713 -43.9741 -19.15
      vertex 51.3713 -43.9741 12.4
    endloop
  endfacet
  facet normal 0.994516 0.10458 0
    outer loop
      vertex 51.3713 -43.9741 -19.15
      vertex 51.4078 -44.3212 12.4
      vertex 51.4078 -44.3212 -19.15
    endloop
  endfacet
  facet normal 0.694676 -0.719322 0
    outer loop
      vertex 49.7657 -48.3857 -1.2
      vertex 50.0167 -48.1433 12.4
      vertex 49.7657 -48.3857 12.4
    endloop
  endfacet
  facet normal 0.694676 -0.719322 0
    outer loop
      vertex 50.0167 -48.1433 12.4
      vertex 49.7657 -48.3857 -1.2
      vertex 50.0167 -48.1433 -1.2
    endloop
  endfacet
  facet normal -0.994516 -0.10458 0
    outer loop
      vertex 41.4687 -45.3659 -19.15
      vertex 41.4322 -45.0188 12.4
      vertex 41.4322 -45.0188 -19.15
    endloop
  endfacet
  facet normal -0.994516 -0.10458 0
    outer loop
      vertex 41.4322 -45.0188 12.4
      vertex 41.4687 -45.3659 -19.15
      vertex 41.4687 -45.3659 12.4
    endloop
  endfacet
  facet normal 0.898787 -0.438385 0
    outer loop
      vertex 50.9877 -46.7037 12.4
      vertex 50.8523 -46.9813 -1.2
      vertex 50.9877 -46.7037 -19.15
    endloop
  endfacet
  facet normal 0.898796 -0.438367 -4.59266e-07
    outer loop
      vertex 50.8347 -47.0174 12.4
      vertex 50.8523 -46.9813 -1.2
      vertex 50.9877 -46.7037 12.4
    endloop
  endfacet
  facet normal 0.898864 -0.438227 0
    outer loop
      vertex 50.8523 -46.9813 -1.2
      vertex 50.8347 -47.0174 12.4
      vertex 50.8347 -47.0174 -1.2
    endloop
  endfacet
  facet normal 0.898787 -0.438385 0
    outer loop
      vertex 50.9877 -46.7037 -19.15
      vertex 50.8523 -46.9813 -1.2
      vertex 50.8523 -46.9813 -19.15
    endloop
  endfacet
  facet normal 0.898796 0.438367 0
    outer loop
      vertex 50.9877 -42.6363 12.4
      vertex 50.8347 -42.3226 -19.15
      vertex 50.8347 -42.3226 12.4
    endloop
  endfacet
  facet normal 0.898796 0.438367 0
    outer loop
      vertex 50.8347 -42.3226 -19.15
      vertex 50.9877 -42.6363 12.4
      vertex 50.9877 -42.6363 -19.15
    endloop
  endfacet
  facet normal 0.970311 0.241861 0
    outer loop
      vertex 51.3107 -43.6304 12.4
      vertex 51.2263 -43.2918 -19.15
      vertex 51.2263 -43.2918 12.4
    endloop
  endfacet
  facet normal 0.970311 0.241861 0
    outer loop
      vertex 51.2263 -43.2918 -19.15
      vertex 51.3107 -43.6304 12.4
      vertex 51.3107 -43.6304 -19.15
    endloop
  endfacet
  facet normal -0.787946 0.615744 0
    outer loop
      vertex 42.3749 -41.7311 -19.15
      vertex 42.5898 -41.4561 12.4
      vertex 42.5898 -41.4561 -19.15
    endloop
  endfacet
  facet normal -0.787946 0.615744 0
    outer loop
      vertex 42.5898 -41.4561 12.4
      vertex 42.3749 -41.7311 -19.15
      vertex 42.3749 -41.7311 12.4
    endloop
  endfacet
  facet normal -0.898796 0.438367 0
    outer loop
      vertex 41.8523 -42.6363 -19.15
      vertex 42.0053 -42.3226 12.4
      vertex 42.0053 -42.3226 -19.15
    endloop
  endfacet
  facet normal -0.898796 0.438367 0
    outer loop
      vertex 42.0053 -42.3226 12.4
      vertex 41.8523 -42.6363 -19.15
      vertex 41.8523 -42.6363 12.4
    endloop
  endfacet
  facet normal -0.787946 -0.615744 0
    outer loop
      vertex 42.5898 -47.8839 -19.15
      vertex 42.3749 -47.6089 12.4
      vertex 42.3749 -47.6089 -19.15
    endloop
  endfacet
  facet normal -0.787946 -0.615744 0
    outer loop
      vertex 42.3749 -47.6089 12.4
      vertex 42.5898 -47.8839 -19.15
      vertex 42.5898 -47.8839 12.4
    endloop
  endfacet
  facet normal -0.207729 0.978187 0
    outer loop
      vertex 45.5518 -39.746 -19.15
      vertex 45.2104 -39.8185 12.4
      vertex 45.5518 -39.746 12.4
    endloop
  endfacet
  facet normal -0.207729 0.978187 0
    outer loop
      vertex 45.2104 -39.8185 12.4
      vertex 45.5518 -39.746 -19.15
      vertex 45.2104 -39.8185 -19.15
    endloop
  endfacet
  facet normal 0.865995 -0.500053 0
    outer loop
      vertex 50.6602 -47.3196 12.4
      vertex 50.8347 -47.0174 -1.2
      vertex 50.8347 -47.0174 12.4
    endloop
  endfacet
  facet normal 0.865995 -0.500053 0
    outer loop
      vertex 50.8347 -47.0174 -1.2
      vertex 50.6602 -47.3196 12.4
      vertex 50.6602 -47.3196 -1.2
    endloop
  endfacet
  facet normal 0.927127 -0.374747 0
    outer loop
      vertex 50.9877 -46.7037 12.4
      vertex 51.1185 -46.3801 -19.15
      vertex 51.1185 -46.3801 12.4
    endloop
  endfacet
  facet normal 0.927127 -0.374747 0
    outer loop
      vertex 51.1185 -46.3801 -19.15
      vertex 50.9877 -46.7037 12.4
      vertex 50.9877 -46.7037 -19.15
    endloop
  endfacet
  facet normal -0.865995 -0.500053 0
    outer loop
      vertex 42.1798 -47.3196 -19.15
      vertex 42.0053 -47.0174 12.4
      vertex 42.0053 -47.0174 -19.15
    endloop
  endfacet
  facet normal -0.865995 -0.500053 0
    outer loop
      vertex 42.0053 -47.0174 12.4
      vertex 42.1798 -47.3196 -19.15
      vertex 42.1798 -47.3196 12.4
    endloop
  endfacet
  facet normal -0.406537 0.913634 0
    outer loop
      vertex 44.547 -40.0341 -19.15
      vertex 44.2281 -40.176 12.4
      vertex 44.547 -40.0341 12.4
    endloop
  endfacet
  facet normal -0.406537 0.913634 0
    outer loop
      vertex 44.2281 -40.176 12.4
      vertex 44.547 -40.0341 -19.15
      vertex 44.2281 -40.176 -19.15
    endloop
  endfacet
  facet normal 0 1 -0
    outer loop
      vertex 46.5945 -39.673 -19.15
      vertex 46.2455 -39.673 12.4
      vertex 46.5945 -39.673 12.4
    endloop
  endfacet
  facet normal 0 1 0
    outer loop
      vertex 46.2455 -39.673 12.4
      vertex 46.5945 -39.673 -19.15
      vertex 46.2455 -39.673 -19.15
    endloop
  endfacet
  facet normal 0.694676 0.719322 -0
    outer loop
      vertex 50.0167 -41.1967 -19.15
      vertex 49.7657 -40.9543 12.4
      vertex 50.0167 -41.1967 12.4
    endloop
  endfacet
  facet normal 0.694676 0.719322 0
    outer loop
      vertex 49.7657 -40.9543 12.4
      vertex 50.0167 -41.1967 -19.15
      vertex 49.7657 -40.9543 -19.15
    endloop
  endfacet
  facet normal -0.207729 -0.978187 0
    outer loop
      vertex 45.2104 -49.5215 -19.15
      vertex 45.5518 -49.594 12.4
      vertex 45.2104 -49.5215 12.4
    endloop
  endfacet
  facet normal -0.207729 -0.978187 -0
    outer loop
      vertex 45.5518 -49.594 12.4
      vertex 45.2104 -49.5215 -19.15
      vertex 45.5518 -49.594 -19.15
    endloop
  endfacet
  facet normal 0.865995 0.500053 0
    outer loop
      vertex 50.8347 -42.3226 12.4
      vertex 50.6602 -42.0204 -19.15
      vertex 50.6602 -42.0204 12.4
    endloop
  endfacet
  facet normal 0.865995 0.500053 0
    outer loop
      vertex 50.6602 -42.0204 -19.15
      vertex 50.8347 -42.3226 12.4
      vertex 50.8347 -42.3226 -19.15
    endloop
  endfacet
  facet normal -0.529793 0.848127 0
    outer loop
      vertex 43.92 -40.3399 -19.15
      vertex 43.624 -40.5248 12.4
      vertex 43.92 -40.3399 12.4
    endloop
  endfacet
  facet normal -0.529793 0.848127 0
    outer loop
      vertex 43.624 -40.5248 12.4
      vertex 43.92 -40.3399 -19.15
      vertex 43.624 -40.5248 -19.15
    endloop
  endfacet
  facet normal -0.0699232 -0.997552 0
    outer loop
      vertex 45.8974 -49.6426 -19.15
      vertex 46.2455 -49.667 12.4
      vertex 45.8974 -49.6426 12.4
    endloop
  endfacet
  facet normal -0.0699232 -0.997552 -0
    outer loop
      vertex 46.2455 -49.667 12.4
      vertex 45.8974 -49.6426 -19.15
      vertex 46.2455 -49.667 -19.15
    endloop
  endfacet
  facet normal 0.999389 0.0349557 0
    outer loop
      vertex 51.42 -44.67 12.4
      vertex 51.4078 -44.3212 -19.15
      vertex 51.4078 -44.3212 12.4
    endloop
  endfacet
  facet normal 0.999389 0.0349557 0
    outer loop
      vertex 51.4078 -44.3212 -19.15
      vertex 51.42 -44.67 12.4
      vertex 51.42 -44.67 -19.15
    endloop
  endfacet
  facet normal -0.98481 0.173638 0
    outer loop
      vertex 41.4687 -43.9741 -19.15
      vertex 41.5293 -43.6304 12.4
      vertex 41.5293 -43.6304 -19.15
    endloop
  endfacet
  facet normal -0.98481 0.173638 0
    outer loop
      vertex 41.5293 -43.6304 12.4
      vertex 41.4687 -43.9741 -19.15
      vertex 41.4687 -43.9741 12.4
    endloop
  endfacet
  facet normal -0.829084 -0.559123 0
    outer loop
      vertex 42.3749 -47.6089 -19.15
      vertex 42.1798 -47.3196 12.4
      vertex 42.1798 -47.3196 -19.15
    endloop
  endfacet
  facet normal -0.829084 -0.559123 0
    outer loop
      vertex 42.1798 -47.3196 12.4
      vertex 42.3749 -47.6089 -19.15
      vertex 42.3749 -47.6089 12.4
    endloop
  endfacet
  facet normal 0.139255 0.990257 -0
    outer loop
      vertex 47.2882 -39.746 -19.15
      vertex 46.9426 -39.6974 12.4
      vertex 47.2882 -39.746 12.4
    endloop
  endfacet
  facet normal 0.139255 0.990257 0
    outer loop
      vertex 46.9426 -39.6974 12.4
      vertex 47.2882 -39.746 -19.15
      vertex 46.9426 -39.6974 -19.15
    endloop
  endfacet
  facet normal 0.342157 0.939643 -0
    outer loop
      vertex 48.293 -40.0341 -19.15
      vertex 47.9651 -39.9147 12.4
      vertex 48.293 -40.0341 12.4
    endloop
  endfacet
  facet normal 0.342157 0.939643 0
    outer loop
      vertex 47.9651 -39.9147 12.4
      vertex 48.293 -40.0341 -19.15
      vertex 47.9651 -39.9147 -19.15
    endloop
  endfacet
  facet normal -0.743237 -0.669028 0
    outer loop
      vertex 42.8233 -48.1433 -19.15
      vertex 42.5898 -47.8839 12.4
      vertex 42.5898 -47.8839 -19.15
    endloop
  endfacet
  facet normal -0.743237 -0.669028 0
    outer loop
      vertex 42.5898 -47.8839 12.4
      vertex 42.8233 -48.1433 -19.15
      vertex 42.8233 -48.1433 12.4
    endloop
  endfacet
  facet normal -0.342157 -0.939643 0
    outer loop
      vertex 44.547 -49.3059 -19.15
      vertex 44.8749 -49.4253 12.4
      vertex 44.547 -49.3059 12.4
    endloop
  endfacet
  facet normal -0.342157 -0.939643 -0
    outer loop
      vertex 44.8749 -49.4253 12.4
      vertex 44.547 -49.3059 -19.15
      vertex 44.8749 -49.4253 -19.15
    endloop
  endfacet
  facet normal -0.98481 -0.173638 0
    outer loop
      vertex 41.5293 -45.7096 -19.15
      vertex 41.4687 -45.3659 12.4
      vertex 41.4687 -45.3659 -19.15
    endloop
  endfacet
  facet normal -0.98481 -0.173638 0
    outer loop
      vertex 41.4687 -45.3659 12.4
      vertex 41.5293 -45.7096 -19.15
      vertex 41.5293 -45.7096 12.4
    endloop
  endfacet
  facet normal -0.970311 -0.241861 0
    outer loop
      vertex 41.6137 -46.0482 -19.15
      vertex 41.5293 -45.7096 12.4
      vertex 41.5293 -45.7096 -19.15
    endloop
  endfacet
  facet normal -0.970311 -0.241861 0
    outer loop
      vertex 41.5293 -45.7096 12.4
      vertex 41.6137 -46.0482 -19.15
      vertex 41.6137 -46.0482 12.4
    endloop
  endfacet
  facet normal 0.275629 0.961264 -0
    outer loop
      vertex 47.9651 -39.9147 -19.15
      vertex 47.6296 -39.8185 12.4
      vertex 47.9651 -39.9147 12.4
    endloop
  endfacet
  facet normal 0.275629 0.961264 0
    outer loop
      vertex 47.6296 -39.8185 12.4
      vertex 47.9651 -39.9147 -19.15
      vertex 47.6296 -39.8185 -19.15
    endloop
  endfacet
  facet normal -0.58778 -0.809021 0
    outer loop
      vertex 43.3417 -48.6101 -19.15
      vertex 43.624 -48.8152 12.4
      vertex 43.3417 -48.6101 12.4
    endloop
  endfacet
  facet normal -0.58778 -0.809021 -0
    outer loop
      vertex 43.624 -48.8152 12.4
      vertex 43.3417 -48.6101 -19.15
      vertex 43.624 -48.8152 -19.15
    endloop
  endfacet
  facet normal -0.139255 -0.990257 0
    outer loop
      vertex 45.5518 -49.594 -19.15
      vertex 45.8974 -49.6426 12.4
      vertex 45.5518 -49.594 12.4
    endloop
  endfacet
  facet normal -0.139255 -0.990257 -0
    outer loop
      vertex 45.8974 -49.6426 12.4
      vertex 45.5518 -49.594 -19.15
      vertex 45.8974 -49.6426 -19.15
    endloop
  endfacet
  facet normal -0.469651 0.882852 0
    outer loop
      vertex 44.2281 -40.176 -19.15
      vertex 43.92 -40.3399 12.4
      vertex 44.2281 -40.176 12.4
    endloop
  endfacet
  facet normal -0.469651 0.882852 0
    outer loop
      vertex 43.92 -40.3399 12.4
      vertex 44.2281 -40.176 -19.15
      vertex 43.92 -40.3399 -19.15
    endloop
  endfacet
  facet normal 0.0699232 -0.997552 0
    outer loop
      vertex 46.5945 -49.667 -19.15
      vertex 46.9426 -49.6426 12.4
      vertex 46.5945 -49.667 12.4
    endloop
  endfacet
  facet normal 0.0699232 -0.997552 0
    outer loop
      vertex 46.9426 -49.6426 12.4
      vertex 46.5945 -49.667 -19.15
      vertex 46.9426 -49.6426 -19.15
    endloop
  endfacet
  facet normal -0.999389 -0.0349557 0
    outer loop
      vertex 41.4322 -45.0188 -19.15
      vertex 41.42 -44.67 12.4
      vertex 41.42 -44.67 -19.15
    endloop
  endfacet
  facet normal -0.999389 -0.0349557 0
    outer loop
      vertex 41.42 -44.67 12.4
      vertex 41.4322 -45.0188 -19.15
      vertex 41.4322 -45.0188 12.4
    endloop
  endfacet
  facet normal 0.529793 0.848127 -0
    outer loop
      vertex 49.216 -40.5248 -19.15
      vertex 48.92 -40.3399 12.4
      vertex 49.216 -40.5248 12.4
    endloop
  endfacet
  facet normal 0.529793 0.848127 0
    outer loop
      vertex 48.92 -40.3399 12.4
      vertex 49.216 -40.5248 -19.15
      vertex 48.92 -40.3399 -19.15
    endloop
  endfacet
  facet normal 0.58778 -0.809021 0
    outer loop
      vertex 49.216 -48.8152 -1.2
      vertex 49.4983 -48.6101 12.4
      vertex 49.216 -48.8152 12.4
    endloop
  endfacet
  facet normal 0.58778 -0.809021 0
    outer loop
      vertex 49.4983 -48.6101 12.4
      vertex 49.216 -48.8152 -1.2
      vertex 49.4983 -48.6101 -1.2
    endloop
  endfacet
  facet normal 0.275629 -0.961264 0
    outer loop
      vertex 47.6296 -49.5215 -19.15
      vertex 47.9651 -49.4253 12.4
      vertex 47.6296 -49.5215 12.4
    endloop
  endfacet
  facet normal 0.275629 -0.961264 0
    outer loop
      vertex 47.9651 -49.4253 12.4
      vertex 47.6296 -49.5215 -19.15
      vertex 47.9651 -49.4253 -19.15
    endloop
  endfacet
  facet normal 0.743237 0.669028 0
    outer loop
      vertex 50.2502 -41.4561 12.4
      vertex 50.0167 -41.1967 -19.15
      vertex 50.0167 -41.1967 12.4
    endloop
  endfacet
  facet normal 0.743237 0.669028 0
    outer loop
      vertex 50.0167 -41.1967 -19.15
      vertex 50.2502 -41.4561 12.4
      vertex 50.2502 -41.4561 -19.15
    endloop
  endfacet
  facet normal -0.927127 -0.374747 0
    outer loop
      vertex 41.8523 -46.7037 -19.15
      vertex 41.7215 -46.3801 12.4
      vertex 41.7215 -46.3801 -19.15
    endloop
  endfacet
  facet normal -0.927127 -0.374747 0
    outer loop
      vertex 41.7215 -46.3801 12.4
      vertex 41.8523 -46.7037 -19.15
      vertex 41.8523 -46.7037 12.4
    endloop
  endfacet
  facet normal -0.970311 0.241861 0
    outer loop
      vertex 41.5293 -43.6304 -19.15
      vertex 41.6137 -43.2918 12.4
      vertex 41.6137 -43.2918 -19.15
    endloop
  endfacet
  facet normal -0.970311 0.241861 0
    outer loop
      vertex 41.6137 -43.2918 12.4
      vertex 41.5293 -43.6304 -19.15
      vertex 41.5293 -43.6304 12.4
    endloop
  endfacet
  facet normal -0.529793 -0.848127 0
    outer loop
      vertex 43.624 -48.8152 -19.15
      vertex 43.92 -49.0001 12.4
      vertex 43.624 -48.8152 12.4
    endloop
  endfacet
  facet normal -0.529793 -0.848127 -0
    outer loop
      vertex 43.92 -49.0001 12.4
      vertex 43.624 -48.8152 -19.15
      vertex 43.92 -49.0001 -19.15
    endloop
  endfacet
  facet normal 0.951091 0.308911 0
    outer loop
      vertex 51.2263 -43.2918 12.4
      vertex 51.1185 -42.9599 -19.15
      vertex 51.1185 -42.9599 12.4
    endloop
  endfacet
  facet normal 0.951091 0.308911 0
    outer loop
      vertex 51.1185 -42.9599 -19.15
      vertex 51.2263 -43.2918 12.4
      vertex 51.2263 -43.2918 -19.15
    endloop
  endfacet
  facet normal 0.787946 0.615744 0
    outer loop
      vertex 50.4651 -41.7311 12.4
      vertex 50.2502 -41.4561 -19.15
      vertex 50.2502 -41.4561 12.4
    endloop
  endfacet
  facet normal 0.787946 0.615744 0
    outer loop
      vertex 50.2502 -41.4561 -19.15
      vertex 50.4651 -41.7311 12.4
      vertex 50.4651 -41.7311 -19.15
    endloop
  endfacet
  facet normal -0.829084 0.559123 0
    outer loop
      vertex 42.1798 -42.0204 -19.15
      vertex 42.3749 -41.7311 12.4
      vertex 42.3749 -41.7311 -19.15
    endloop
  endfacet
  facet normal -0.829084 0.559123 0
    outer loop
      vertex 42.3749 -41.7311 12.4
      vertex 42.1798 -42.0204 -19.15
      vertex 42.1798 -42.0204 12.4
    endloop
  endfacet
  facet normal -0.275629 0.961264 0
    outer loop
      vertex 45.2104 -39.8185 -19.15
      vertex 44.8749 -39.9147 12.4
      vertex 45.2104 -39.8185 12.4
    endloop
  endfacet
  facet normal -0.275629 0.961264 0
    outer loop
      vertex 44.8749 -39.9147 12.4
      vertex 45.2104 -39.8185 -19.15
      vertex 44.8749 -39.9147 -19.15
    endloop
  endfacet
  facet normal -0.139255 0.990257 0
    outer loop
      vertex 45.8974 -39.6974 -19.15
      vertex 45.5518 -39.746 12.4
      vertex 45.8974 -39.6974 12.4
    endloop
  endfacet
  facet normal -0.139255 0.990257 0
    outer loop
      vertex 45.5518 -39.746 12.4
      vertex 45.8974 -39.6974 -19.15
      vertex 45.5518 -39.746 -19.15
    endloop
  endfacet
  facet normal 0.951091 -0.308911 0
    outer loop
      vertex 51.1185 -46.3801 12.4
      vertex 51.2263 -46.0482 -19.15
      vertex 51.2263 -46.0482 12.4
    endloop
  endfacet
  facet normal 0.951091 -0.308911 0
    outer loop
      vertex 51.2263 -46.0482 -19.15
      vertex 51.1185 -46.3801 12.4
      vertex 51.1185 -46.3801 -19.15
    endloop
  endfacet
  facet normal -0.642829 -0.76601 0
    outer loop
      vertex 43.0743 -48.3857 -19.15
      vertex 43.3417 -48.6101 12.4
      vertex 43.0743 -48.3857 12.4
    endloop
  endfacet
  facet normal -0.642829 -0.76601 -0
    outer loop
      vertex 43.3417 -48.6101 12.4
      vertex 43.0743 -48.3857 -19.15
      vertex 43.3417 -48.6101 -19.15
    endloop
  endfacet
  facet normal -0.342157 0.939643 0
    outer loop
      vertex 44.8749 -39.9147 -19.15
      vertex 44.547 -40.0341 12.4
      vertex 44.8749 -39.9147 12.4
    endloop
  endfacet
  facet normal -0.342157 0.939643 0
    outer loop
      vertex 44.547 -40.0341 12.4
      vertex 44.8749 -39.9147 -19.15
      vertex 44.547 -40.0341 -19.15
    endloop
  endfacet
  facet normal -0.865995 0.500053 0
    outer loop
      vertex 42.0053 -42.3226 -19.15
      vertex 42.1798 -42.0204 12.4
      vertex 42.1798 -42.0204 -19.15
    endloop
  endfacet
  facet normal -0.865995 0.500053 0
    outer loop
      vertex 42.1798 -42.0204 12.4
      vertex 42.0053 -42.3226 -19.15
      vertex 42.0053 -42.3226 12.4
    endloop
  endfacet
  facet normal 0 0 1
    outer loop
      vertex 48.2202 -44.67 12.4
      vertex 51.42 -44.67 12.4
      vertex 51.4078 -44.3212 12.4
    endloop
  endfacet
  facet normal 0 0 1
    outer loop
      vertex 48.2202 -44.67 12.4
      vertex 51.4078 -44.3212 12.4
      vertex 51.3713 -43.9741 12.4
    endloop
  endfacet
  facet normal 0 0 1
    outer loop
      vertex 51.42 -44.67 12.4
      vertex 48.2202 -44.67 12.4
      vertex 51.4078 -45.0188 12.4
    endloop
  endfacet
  facet normal 0 0 1
    outer loop
      vertex 48.1589 -44.2041 12.4
      vertex 51.3713 -43.9741 12.4
      vertex 51.3107 -43.6304 12.4
    endloop
  endfacet
  facet normal 0 0 1
    outer loop
      vertex 51.4078 -45.0188 12.4
      vertex 48.2202 -44.67 12.4
      vertex 51.3713 -45.3659 12.4
    endloop
  endfacet
  facet normal 0 0 1
    outer loop
      vertex 48.1589 -44.2041 12.4
      vertex 51.3107 -43.6304 12.4
      vertex 51.2263 -43.2918 12.4
    endloop
  endfacet
  facet normal -0 0 1
    outer loop
      vertex 48.1589 -45.1359 12.4
      vertex 51.3713 -45.3659 12.4
      vertex 48.2202 -44.67 12.4
    endloop
  endfacet
  facet normal 0 0 1
    outer loop
      vertex 48.1589 -44.2041 12.4
      vertex 51.2263 -43.2918 12.4
      vertex 51.1185 -42.9599 12.4
    endloop
  endfacet
  facet normal 0 0 1
    outer loop
      vertex 51.3713 -45.3659 12.4
      vertex 48.1589 -45.1359 12.4
      vertex 51.3107 -45.7096 12.4
    endloop
  endfacet
  facet normal 0 0 1
    outer loop
      vertex 48.1589 -44.2041 12.4
      vertex 51.1185 -42.9599 12.4
      vertex 50.9877 -42.6363 12.4
    endloop
  endfacet
  facet normal 0 0 1
    outer loop
      vertex 51.3107 -45.7096 12.4
      vertex 48.1589 -45.1359 12.4
      vertex 51.2263 -46.0482 12.4
    endloop
  endfacet
  facet normal 0 0 1
    outer loop
      vertex 47.979 -43.7699 12.4
      vertex 50.9877 -42.6363 12.4
      vertex 50.8347 -42.3226 12.4
    endloop
  endfacet
  facet normal 0 0 1
    outer loop
      vertex 51.2263 -46.0482 12.4
      vertex 48.1589 -45.1359 12.4
      vertex 51.1185 -46.3801 12.4
    endloop
  endfacet
  facet normal 0 0 1
    outer loop
      vertex 47.979 -43.7699 12.4
      vertex 50.8347 -42.3226 12.4
      vertex 50.6602 -42.0204 12.4
    endloop
  endfacet
  facet normal 0 0 1
    outer loop
      vertex 51.1185 -46.3801 12.4
      vertex 48.1589 -45.1359 12.4
      vertex 50.9877 -46.7037 12.4
    endloop
  endfacet
  facet normal 0 0 1
    outer loop
      vertex 47.979 -43.7699 12.4
      vertex 50.6602 -42.0204 12.4
      vertex 50.4651 -41.7311 12.4
    endloop
  endfacet
  facet normal -0 0 1
    outer loop
      vertex 47.979 -45.5701 12.4
      vertex 50.9877 -46.7037 12.4
      vertex 48.1589 -45.1359 12.4
    endloop
  endfacet
  facet normal 0 0 1
    outer loop
      vertex 47.6929 -43.3971 12.4
      vertex 50.4651 -41.7311 12.4
      vertex 50.2502 -41.4561 12.4
    endloop
  endfacet
  facet normal 0 0 1
    outer loop
      vertex 50.9877 -46.7037 12.4
      vertex 47.979 -45.5701 12.4
      vertex 50.8347 -47.0174 12.4
    endloop
  endfacet
  facet normal 0 0 1
    outer loop
      vertex 47.6929 -43.3971 12.4
      vertex 50.2502 -41.4561 12.4
      vertex 50.0167 -41.1967 12.4
    endloop
  endfacet
  facet normal 0 0 1
    outer loop
      vertex 50.8347 -47.0174 12.4
      vertex 47.979 -45.5701 12.4
      vertex 50.6602 -47.3196 12.4
    endloop
  endfacet
  facet normal 0 0 1
    outer loop
      vertex 47.6929 -43.3971 12.4
      vertex 50.0167 -41.1967 12.4
      vertex 49.7657 -40.9543 12.4
    endloop
  endfacet
  facet normal 0 0 1
    outer loop
      vertex 50.6602 -47.3196 12.4
      vertex 47.979 -45.5701 12.4
      vertex 50.4651 -47.6089 12.4
    endloop
  endfacet
  facet normal 0 0 1
    outer loop
      vertex 47.6929 -43.3971 12.4
      vertex 49.7657 -40.9543 12.4
      vertex 49.4983 -40.7299 12.4
    endloop
  endfacet
  facet normal -0 0 1
    outer loop
      vertex 47.6929 -45.9429 12.4
      vertex 50.4651 -47.6089 12.4
      vertex 47.979 -45.5701 12.4
    endloop
  endfacet
  facet normal 0 0 1
    outer loop
      vertex 47.3201 -43.111 12.4
      vertex 49.4983 -40.7299 12.4
      vertex 49.216 -40.5248 12.4
    endloop
  endfacet
  facet normal 0 0 1
    outer loop
      vertex 50.4651 -47.6089 12.4
      vertex 47.6929 -45.9429 12.4
      vertex 50.2502 -47.8839 12.4
    endloop
  endfacet
  facet normal 0 0 1
    outer loop
      vertex 47.3201 -43.111 12.4
      vertex 49.216 -40.5248 12.4
      vertex 48.92 -40.3399 12.4
    endloop
  endfacet
  facet normal 0 0 1
    outer loop
      vertex 50.2502 -47.8839 12.4
      vertex 47.6929 -45.9429 12.4
      vertex 50.0167 -48.1433 12.4
    endloop
  endfacet
  facet normal 0 0 1
    outer loop
      vertex 47.3201 -43.111 12.4
      vertex 48.92 -40.3399 12.4
      vertex 48.6119 -40.176 12.4
    endloop
  endfacet
  facet normal 0 0 1
    outer loop
      vertex 50.0167 -48.1433 12.4
      vertex 47.6929 -45.9429 12.4
      vertex 49.7657 -48.3857 12.4
    endloop
  endfacet
  facet normal 0 0 1
    outer loop
      vertex 47.3201 -43.111 12.4
      vertex 48.6119 -40.176 12.4
      vertex 48.293 -40.0341 12.4
    endloop
  endfacet
  facet normal 0 0 1
    outer loop
      vertex 49.7657 -48.3857 12.4
      vertex 47.6929 -45.9429 12.4
      vertex 49.4983 -48.6101 12.4
    endloop
  endfacet
  facet normal -0 0 1
    outer loop
      vertex 47.3201 -46.229 12.4
      vertex 49.4983 -48.6101 12.4
      vertex 47.6929 -45.9429 12.4
    endloop
  endfacet
  facet normal 0 0 1
    outer loop
      vertex 51.3713 -43.9741 12.4
      vertex 48.1589 -44.2041 12.4
      vertex 48.2202 -44.67 12.4
    endloop
  endfacet
  facet normal 0 0 1
    outer loop
      vertex 50.9877 -42.6363 12.4
      vertex 47.979 -43.7699 12.4
      vertex 48.1589 -44.2041 12.4
    endloop
  endfacet
  facet normal 0 0 1
    outer loop
      vertex 46.8859 -42.9311 12.4
      vertex 48.293 -40.0341 12.4
      vertex 47.9651 -39.9147 12.4
    endloop
  endfacet
  facet normal 0 0 1
    outer loop
      vertex 50.4651 -41.7311 12.4
      vertex 47.6929 -43.3971 12.4
      vertex 47.979 -43.7699 12.4
    endloop
  endfacet
  facet normal 0 0 1
    outer loop
      vertex 46.8859 -42.9311 12.4
      vertex 47.9651 -39.9147 12.4
      vertex 47.6296 -39.8185 12.4
    endloop
  endfacet
  facet normal 0 0 1
    outer loop
      vertex 49.4983 -40.7299 12.4
      vertex 47.3201 -43.111 12.4
      vertex 47.6929 -43.3971 12.4
    endloop
  endfacet
  facet normal 0 0 1
    outer loop
      vertex 46.8859 -42.9311 12.4
      vertex 47.6296 -39.8185 12.4
      vertex 47.2882 -39.746 12.4
    endloop
  endfacet
  facet normal 0 0 1
    outer loop
      vertex 46.8859 -42.9311 12.4
      vertex 47.2882 -39.746 12.4
      vertex 46.9426 -39.6974 12.4
    endloop
  endfacet
  facet normal 0 0 1
    outer loop
      vertex 48.293 -40.0341 12.4
      vertex 46.8859 -42.9311 12.4
      vertex 47.3201 -43.111 12.4
    endloop
  endfacet
  facet normal 0 0 1
    outer loop
      vertex 46.42 -42.8698 12.4
      vertex 46.9426 -39.6974 12.4
      vertex 46.5945 -39.673 12.4
    endloop
  endfacet
  facet normal 0 0 1
    outer loop
      vertex 46.9426 -39.6974 12.4
      vertex 46.42 -42.8698 12.4
      vertex 46.8859 -42.9311 12.4
    endloop
  endfacet
  facet normal -0 0 1
    outer loop
      vertex 46.2455 -39.673 12.4
      vertex 46.42 -42.8698 12.4
      vertex 46.5945 -39.673 12.4
    endloop
  endfacet
  facet normal -0 0 1
    outer loop
      vertex 45.8974 -39.6974 12.4
      vertex 46.42 -42.8698 12.4
      vertex 46.2455 -39.673 12.4
    endloop
  endfacet
  facet normal 0 0 1
    outer loop
      vertex 46.42 -42.8698 12.4
      vertex 45.8974 -39.6974 12.4
      vertex 45.9541 -42.9311 12.4
    endloop
  endfacet
  facet normal -0 0 1
    outer loop
      vertex 45.5518 -39.746 12.4
      vertex 45.9541 -42.9311 12.4
      vertex 45.8974 -39.6974 12.4
    endloop
  endfacet
  facet normal -0 0 1
    outer loop
      vertex 45.2104 -39.8185 12.4
      vertex 45.9541 -42.9311 12.4
      vertex 45.5518 -39.746 12.4
    endloop
  endfacet
  facet normal -0 0 1
    outer loop
      vertex 44.8749 -39.9147 12.4
      vertex 45.9541 -42.9311 12.4
      vertex 45.2104 -39.8185 12.4
    endloop
  endfacet
  facet normal -0 0 1
    outer loop
      vertex 44.547 -40.0341 12.4
      vertex 45.9541 -42.9311 12.4
      vertex 44.8749 -39.9147 12.4
    endloop
  endfacet
  facet normal 0 0 1
    outer loop
      vertex 45.9541 -42.9311 12.4
      vertex 44.547 -40.0341 12.4
      vertex 45.5199 -43.111 12.4
    endloop
  endfacet
  facet normal -0 0 1
    outer loop
      vertex 44.2281 -40.176 12.4
      vertex 45.5199 -43.111 12.4
      vertex 44.547 -40.0341 12.4
    endloop
  endfacet
  facet normal -0 0 1
    outer loop
      vertex 43.92 -40.3399 12.4
      vertex 45.5199 -43.111 12.4
      vertex 44.2281 -40.176 12.4
    endloop
  endfacet
  facet normal -0 0 1
    outer loop
      vertex 43.624 -40.5248 12.4
      vertex 45.5199 -43.111 12.4
      vertex 43.92 -40.3399 12.4
    endloop
  endfacet
  facet normal -0 0 1
    outer loop
      vertex 43.3417 -40.7299 12.4
      vertex 45.5199 -43.111 12.4
      vertex 43.624 -40.5248 12.4
    endloop
  endfacet
  facet normal 0 0 1
    outer loop
      vertex 49.4983 -48.6101 12.4
      vertex 47.3201 -46.229 12.4
      vertex 49.216 -48.8152 12.4
    endloop
  endfacet
  facet normal 0 0 1
    outer loop
      vertex 49.216 -48.8152 12.4
      vertex 47.3201 -46.229 12.4
      vertex 48.92 -49.0001 12.4
    endloop
  endfacet
  facet normal 0 0 1
    outer loop
      vertex 48.92 -49.0001 12.4
      vertex 47.3201 -46.229 12.4
      vertex 48.6119 -49.164 12.4
    endloop
  endfacet
  facet normal 0 0 1
    outer loop
      vertex 48.6119 -49.164 12.4
      vertex 47.3201 -46.229 12.4
      vertex 48.293 -49.3059 12.4
    endloop
  endfacet
  facet normal -0 0 1
    outer loop
      vertex 46.8859 -46.4089 12.4
      vertex 48.293 -49.3059 12.4
      vertex 47.3201 -46.229 12.4
    endloop
  endfacet
  facet normal 0 0 1
    outer loop
      vertex 48.293 -49.3059 12.4
      vertex 46.8859 -46.4089 12.4
      vertex 47.9651 -49.4253 12.4
    endloop
  endfacet
  facet normal 0 0 1
    outer loop
      vertex 47.9651 -49.4253 12.4
      vertex 46.8859 -46.4089 12.4
      vertex 47.6296 -49.5215 12.4
    endloop
  endfacet
  facet normal 0 0 1
    outer loop
      vertex 47.6296 -49.5215 12.4
      vertex 46.8859 -46.4089 12.4
      vertex 47.2882 -49.594 12.4
    endloop
  endfacet
  facet normal 0 0 1
    outer loop
      vertex 47.2882 -49.594 12.4
      vertex 46.8859 -46.4089 12.4
      vertex 46.9426 -49.6426 12.4
    endloop
  endfacet
  facet normal -0 0 1
    outer loop
      vertex 46.42 -46.4702 12.4
      vertex 46.9426 -49.6426 12.4
      vertex 46.8859 -46.4089 12.4
    endloop
  endfacet
  facet normal 0 0 1
    outer loop
      vertex 46.9426 -49.6426 12.4
      vertex 46.42 -46.4702 12.4
      vertex 46.5945 -49.667 12.4
    endloop
  endfacet
  facet normal 0 0 1
    outer loop
      vertex 46.42 -46.4702 12.4
      vertex 46.2455 -49.667 12.4
      vertex 46.5945 -49.667 12.4
    endloop
  endfacet
  facet normal 0 0 1
    outer loop
      vertex 45.8974 -49.6426 12.4
      vertex 46.42 -46.4702 12.4
      vertex 45.9541 -46.4089 12.4
    endloop
  endfacet
  facet normal 0 0 1
    outer loop
      vertex 46.42 -46.4702 12.4
      vertex 45.8974 -49.6426 12.4
      vertex 46.2455 -49.667 12.4
    endloop
  endfacet
  facet normal 0 0 1
    outer loop
      vertex 45.9541 -46.4089 12.4
      vertex 45.5518 -49.594 12.4
      vertex 45.8974 -49.6426 12.4
    endloop
  endfacet
  facet normal 0 0 1
    outer loop
      vertex 44.547 -49.3059 12.4
      vertex 45.9541 -46.4089 12.4
      vertex 45.5199 -46.229 12.4
    endloop
  endfacet
  facet normal 0 0 1
    outer loop
      vertex 45.9541 -46.4089 12.4
      vertex 45.2104 -49.5215 12.4
      vertex 45.5518 -49.594 12.4
    endloop
  endfacet
  facet normal 0 0 1
    outer loop
      vertex 43.3417 -48.6101 12.4
      vertex 45.5199 -46.229 12.4
      vertex 45.1471 -45.9429 12.4
    endloop
  endfacet
  facet normal 0 0 1
    outer loop
      vertex 45.9541 -46.4089 12.4
      vertex 44.8749 -49.4253 12.4
      vertex 45.2104 -49.5215 12.4
    endloop
  endfacet
  facet normal 0 0 1
    outer loop
      vertex 42.3749 -47.6089 12.4
      vertex 45.1471 -45.9429 12.4
      vertex 44.861 -45.5701 12.4
    endloop
  endfacet
  facet normal 0 0 1
    outer loop
      vertex 41.8523 -46.7037 12.4
      vertex 44.861 -45.5701 12.4
      vertex 44.6811 -45.1359 12.4
    endloop
  endfacet
  facet normal 0 0 1
    outer loop
      vertex 41.4687 -45.3659 12.4
      vertex 44.6811 -45.1359 12.4
      vertex 44.6198 -44.67 12.4
    endloop
  endfacet
  facet normal 0 0 1
    outer loop
      vertex 45.9541 -46.4089 12.4
      vertex 44.547 -49.3059 12.4
      vertex 44.8749 -49.4253 12.4
    endloop
  endfacet
  facet normal 0 0 1
    outer loop
      vertex 45.5199 -43.111 12.4
      vertex 43.3417 -40.7299 12.4
      vertex 45.1471 -43.3971 12.4
    endloop
  endfacet
  facet normal -0 0 1
    outer loop
      vertex 43.0743 -40.9543 12.4
      vertex 45.1471 -43.3971 12.4
      vertex 43.3417 -40.7299 12.4
    endloop
  endfacet
  facet normal 0 0 1
    outer loop
      vertex 45.5199 -46.229 12.4
      vertex 44.2281 -49.164 12.4
      vertex 44.547 -49.3059 12.4
    endloop
  endfacet
  facet normal -0 0 1
    outer loop
      vertex 42.8233 -41.1967 12.4
      vertex 45.1471 -43.3971 12.4
      vertex 43.0743 -40.9543 12.4
    endloop
  endfacet
  facet normal 0 0 1
    outer loop
      vertex 45.5199 -46.229 12.4
      vertex 43.92 -49.0001 12.4
      vertex 44.2281 -49.164 12.4
    endloop
  endfacet
  facet normal -0 0 1
    outer loop
      vertex 42.5898 -41.4561 12.4
      vertex 45.1471 -43.3971 12.4
      vertex 42.8233 -41.1967 12.4
    endloop
  endfacet
  facet normal 0 0 1
    outer loop
      vertex 45.5199 -46.229 12.4
      vertex 43.624 -48.8152 12.4
      vertex 43.92 -49.0001 12.4
    endloop
  endfacet
  facet normal -0 0 1
    outer loop
      vertex 42.3749 -41.7311 12.4
      vertex 45.1471 -43.3971 12.4
      vertex 42.5898 -41.4561 12.4
    endloop
  endfacet
  facet normal 0 0 1
    outer loop
      vertex 45.5199 -46.229 12.4
      vertex 43.3417 -48.6101 12.4
      vertex 43.624 -48.8152 12.4
    endloop
  endfacet
  facet normal 0 0 1
    outer loop
      vertex 45.1471 -43.3971 12.4
      vertex 42.3749 -41.7311 12.4
      vertex 44.861 -43.7699 12.4
    endloop
  endfacet
  facet normal 0 0 1
    outer loop
      vertex 45.1471 -45.9429 12.4
      vertex 43.0743 -48.3857 12.4
      vertex 43.3417 -48.6101 12.4
    endloop
  endfacet
  facet normal -0 0 1
    outer loop
      vertex 42.1798 -42.0204 12.4
      vertex 44.861 -43.7699 12.4
      vertex 42.3749 -41.7311 12.4
    endloop
  endfacet
  facet normal 0 0 1
    outer loop
      vertex 45.1471 -45.9429 12.4
      vertex 42.8233 -48.1433 12.4
      vertex 43.0743 -48.3857 12.4
    endloop
  endfacet
  facet normal -0 0 1
    outer loop
      vertex 42.0053 -42.3226 12.4
      vertex 44.861 -43.7699 12.4
      vertex 42.1798 -42.0204 12.4
    endloop
  endfacet
  facet normal 0 0 1
    outer loop
      vertex 45.1471 -45.9429 12.4
      vertex 42.5898 -47.8839 12.4
      vertex 42.8233 -48.1433 12.4
    endloop
  endfacet
  facet normal -0 0 1
    outer loop
      vertex 41.8523 -42.6363 12.4
      vertex 44.861 -43.7699 12.4
      vertex 42.0053 -42.3226 12.4
    endloop
  endfacet
  facet normal 0 0 1
    outer loop
      vertex 45.1471 -45.9429 12.4
      vertex 42.3749 -47.6089 12.4
      vertex 42.5898 -47.8839 12.4
    endloop
  endfacet
  facet normal 0 0 1
    outer loop
      vertex 44.861 -43.7699 12.4
      vertex 41.8523 -42.6363 12.4
      vertex 44.6811 -44.2041 12.4
    endloop
  endfacet
  facet normal 0 0 1
    outer loop
      vertex 44.861 -45.5701 12.4
      vertex 42.1798 -47.3196 12.4
      vertex 42.3749 -47.6089 12.4
    endloop
  endfacet
  facet normal -0 0 1
    outer loop
      vertex 41.7215 -42.9599 12.4
      vertex 44.6811 -44.2041 12.4
      vertex 41.8523 -42.6363 12.4
    endloop
  endfacet
  facet normal 0 0 1
    outer loop
      vertex 44.861 -45.5701 12.4
      vertex 42.0053 -47.0174 12.4
      vertex 42.1798 -47.3196 12.4
    endloop
  endfacet
  facet normal -0 0 1
    outer loop
      vertex 41.6137 -43.2918 12.4
      vertex 44.6811 -44.2041 12.4
      vertex 41.7215 -42.9599 12.4
    endloop
  endfacet
  facet normal 0 0 1
    outer loop
      vertex 44.861 -45.5701 12.4
      vertex 41.8523 -46.7037 12.4
      vertex 42.0053 -47.0174 12.4
    endloop
  endfacet
  facet normal -0 0 1
    outer loop
      vertex 41.5293 -43.6304 12.4
      vertex 44.6811 -44.2041 12.4
      vertex 41.6137 -43.2918 12.4
    endloop
  endfacet
  facet normal 0 0 1
    outer loop
      vertex 44.6811 -45.1359 12.4
      vertex 41.7215 -46.3801 12.4
      vertex 41.8523 -46.7037 12.4
    endloop
  endfacet
  facet normal -0 0 1
    outer loop
      vertex 41.4687 -43.9741 12.4
      vertex 44.6811 -44.2041 12.4
      vertex 41.5293 -43.6304 12.4
    endloop
  endfacet
  facet normal 0 0 1
    outer loop
      vertex 44.6811 -45.1359 12.4
      vertex 41.6137 -46.0482 12.4
      vertex 41.7215 -46.3801 12.4
    endloop
  endfacet
  facet normal 0 0 1
    outer loop
      vertex 44.6811 -44.2041 12.4
      vertex 41.4687 -43.9741 12.4
      vertex 44.6198 -44.67 12.4
    endloop
  endfacet
  facet normal 0 0 1
    outer loop
      vertex 44.6811 -45.1359 12.4
      vertex 41.5293 -45.7096 12.4
      vertex 41.6137 -46.0482 12.4
    endloop
  endfacet
  facet normal -0 0 1
    outer loop
      vertex 41.4322 -44.3212 12.4
      vertex 44.6198 -44.67 12.4
      vertex 41.4687 -43.9741 12.4
    endloop
  endfacet
  facet normal 0 0 1
    outer loop
      vertex 44.6811 -45.1359 12.4
      vertex 41.4687 -45.3659 12.4
      vertex 41.5293 -45.7096 12.4
    endloop
  endfacet
  facet normal 0 0 1
    outer loop
      vertex 41.42 -44.67 12.4
      vertex 44.6198 -44.67 12.4
      vertex 41.4322 -44.3212 12.4
    endloop
  endfacet
  facet normal 0 0 1
    outer loop
      vertex 44.6198 -44.67 12.4
      vertex 41.4322 -45.0188 12.4
      vertex 41.4687 -45.3659 12.4
    endloop
  endfacet
  facet normal 0 0 1
    outer loop
      vertex 44.6198 -44.67 12.4
      vertex 41.42 -44.67 12.4
      vertex 41.4322 -45.0188 12.4
    endloop
  endfacet
  facet normal -0.951091 0.308911 0
    outer loop
      vertex 41.6137 -43.2918 -19.15
      vertex 41.7215 -42.9599 12.4
      vertex 41.7215 -42.9599 -19.15
    endloop
  endfacet
  facet normal -0.951091 0.308911 0
    outer loop
      vertex 41.7215 -42.9599 12.4
      vertex 41.6137 -43.2918 -19.15
      vertex 41.6137 -43.2918 12.4
    endloop
  endfacet
endsolid OpenSCAD_Model
