solid OpenSCAD_Model
  facet normal -0.0702285 0.997531 0
    outer loop
      vertex -51.5349 -40.5906 3
      vertex -51.6045 -40.5955 6
      vertex -51.5349 -40.5906 6
    endloop
  endfacet
  facet normal -0.0702285 0.997531 0
    outer loop
      vertex -51.6045 -40.5955 6
      vertex -51.5349 -40.5906 3
      vertex -51.6045 -40.5955 3
    endloop
  endfacet
  facet normal 0.342318 0.939584 -0
    outer loop
      vertex -42.9654 -40.6628 3
      vertex -43.031 -40.6389 6
      vertex -42.9654 -40.6628 6
    endloop
  endfacet
  facet normal 0.342318 0.939584 0
    outer loop
      vertex -43.031 -40.6389 6
      vertex -42.9654 -40.6628 3
      vertex -43.031 -40.6389 3
    endloop
  endfacet
  facet normal 0.469993 0.88267 -0
    outer loop
      vertex -42.84 -40.724 3
      vertex -42.9016 -40.6912 6
      vertex -42.84 -40.724 6
    endloop
  endfacet
  facet normal 0.469993 0.88267 0
    outer loop
      vertex -42.9016 -40.6912 6
      vertex -42.84 -40.724 3
      vertex -42.9016 -40.6912 3
    endloop
  endfacet
  facet normal 0.999409 0.0343636 0
    outer loop
      vertex -42.34 -41.59 6
      vertex -42.3424 -41.5202 3
      vertex -42.3424 -41.5202 6
    endloop
  endfacet
  facet normal 0.999409 0.0343636 0
    outer loop
      vertex -42.3424 -41.5202 3
      vertex -42.34 -41.59 6
      vertex -42.34 -41.59 3
    endloop
  endfacet
  facet normal -0.139013 0.990291 0
    outer loop
      vertex -51.6045 -40.5955 3
      vertex -51.6736 -40.6052 6
      vertex -51.6045 -40.5955 6
    endloop
  endfacet
  facet normal -0.139013 0.990291 0
    outer loop
      vertex -51.6736 -40.6052 6
      vertex -51.6045 -40.5955 3
      vertex -51.6736 -40.6052 3
    endloop
  endfacet
  facet normal 0.994513 0.10461 0
    outer loop
      vertex -42.3424 -41.5202 6
      vertex -42.3497 -41.4508 3
      vertex -42.3497 -41.4508 6
    endloop
  endfacet
  facet normal 0.994513 0.10461 0
    outer loop
      vertex -42.3497 -41.4508 3
      vertex -42.3424 -41.5202 6
      vertex -42.3424 -41.5202 3
    endloop
  endfacet
  facet normal 0.787807 0.615922 0
    outer loop
      vertex -42.531 -41.0022 6
      vertex -42.574 -40.9472 3
      vertex -42.574 -40.9472 6
    endloop
  endfacet
  facet normal 0.787807 0.615922 0
    outer loop
      vertex -42.574 -40.9472 3
      vertex -42.531 -41.0022 6
      vertex -42.531 -41.0022 3
    endloop
  endfacet
  facet normal 0.58732 0.809355 -0
    outer loop
      vertex -42.7243 -40.802 3
      vertex -42.7808 -40.761 6
      vertex -42.7243 -40.802 6
    endloop
  endfacet
  facet normal 0.58732 0.809355 0
    outer loop
      vertex -42.7808 -40.761 6
      vertex -42.7243 -40.802 3
      vertex -42.7808 -40.761 3
    endloop
  endfacet
  facet normal 0.999409 -0.0343636 0
    outer loop
      vertex -42.3424 -49.8198 6
      vertex -42.34 -49.75 3
      vertex -42.34 -49.75 6
    endloop
  endfacet
  facet normal 0.999409 -0.0343636 0
    outer loop
      vertex -42.34 -49.75 3
      vertex -42.3424 -49.8198 6
      vertex -42.3424 -49.8198 3
    endloop
  endfacet
  facet normal 0.829396 0.558661 0
    outer loop
      vertex -42.492 -41.0601 6
      vertex -42.531 -41.0022 3
      vertex -42.531 -41.0022 6
    endloop
  endfacet
  facet normal 0.829396 0.558661 0
    outer loop
      vertex -42.531 -41.0022 3
      vertex -42.492 -41.0601 6
      vertex -42.492 -41.0601 3
    endloop
  endfacet
  facet normal 0 1 -0
    outer loop
      vertex -43.3051 -40.5906 3
      vertex -51.5349 -40.5906 6
      vertex -43.3051 -40.5906 6
    endloop
  endfacet
  facet normal 0 1 0
    outer loop
      vertex -51.5349 -40.5906 6
      vertex -43.3051 -40.5906 3
      vertex -51.5349 -40.5906 3
    endloop
  endfacet
  facet normal 0.2751 0.961416 -0
    outer loop
      vertex -43.031 -40.6389 3
      vertex -43.0981 -40.6197 6
      vertex -43.031 -40.6389 6
    endloop
  endfacet
  facet normal 0.2751 0.961416 0
    outer loop
      vertex -43.0981 -40.6197 6
      vertex -43.031 -40.6389 3
      vertex -43.0981 -40.6197 3
    endloop
  endfacet
  facet normal -0.2751 0.961416 0
    outer loop
      vertex -51.7419 -40.6197 3
      vertex -51.809 -40.6389 6
      vertex -51.7419 -40.6197 6
    endloop
  endfacet
  facet normal -0.2751 0.961416 0
    outer loop
      vertex -51.809 -40.6389 6
      vertex -51.7419 -40.6197 3
      vertex -51.809 -40.6389 3
    endloop
  endfacet
  facet normal 0.529999 0.847998 -0
    outer loop
      vertex -42.7808 -40.761 3
      vertex -42.84 -40.724 6
      vertex -42.7808 -40.761 6
    endloop
  endfacet
  facet normal 0.529999 0.847998 0
    outer loop
      vertex -42.84 -40.724 6
      vertex -42.7808 -40.761 3
      vertex -42.84 -40.724 3
    endloop
  endfacet
  facet normal 1 -0 0
    outer loop
      vertex -42.34 -49.75 6
      vertex -42.34 -41.59 3
      vertex -42.34 -41.59 6
    endloop
  endfacet
  facet normal 1 0 0
    outer loop
      vertex -42.34 -41.59 3
      vertex -42.34 -49.75 6
      vertex -42.34 -49.75 3
    endloop
  endfacet
  facet normal 0.0702285 0.997531 -0
    outer loop
      vertex -43.2355 -40.5955 3
      vertex -43.3051 -40.5906 6
      vertex -43.2355 -40.5955 6
    endloop
  endfacet
  facet normal 0.0702285 0.997531 0
    outer loop
      vertex -43.3051 -40.5906 6
      vertex -43.2355 -40.5955 3
      vertex -43.3051 -40.5906 3
    endloop
  endfacet
  facet normal 0.970563 -0.240849 0
    outer loop
      vertex -42.3787 -50.0256 6
      vertex -42.3619 -49.9579 3
      vertex -42.3619 -49.9579 6
    endloop
  endfacet
  facet normal 0.970563 -0.240849 0
    outer loop
      vertex -42.3619 -49.9579 3
      vertex -42.3787 -50.0256 6
      vertex -42.3787 -50.0256 3
    endloop
  endfacet
  facet normal 0.643562 0.765394 -0
    outer loop
      vertex -42.6709 -40.8469 3
      vertex -42.7243 -40.802 6
      vertex -42.6709 -40.8469 6
    endloop
  endfacet
  facet normal 0.643562 0.765394 0
    outer loop
      vertex -42.7243 -40.802 6
      vertex -42.6709 -40.8469 3
      vertex -42.7243 -40.802 3
    endloop
  endfacet
  facet normal 0.994513 -0.10461 0
    outer loop
      vertex -42.3497 -49.8892 6
      vertex -42.3424 -49.8198 3
      vertex -42.3424 -49.8198 6
    endloop
  endfacet
  facet normal 0.994513 -0.10461 0
    outer loop
      vertex -42.3424 -49.8198 3
      vertex -42.3497 -49.8892 6
      vertex -42.3497 -49.8892 3
    endloop
  endfacet
  facet normal -0.342318 0.939584 0
    outer loop
      vertex -51.809 -40.6389 3
      vertex -51.8746 -40.6628 6
      vertex -51.809 -40.6389 6
    endloop
  endfacet
  facet normal -0.342318 0.939584 0
    outer loop
      vertex -51.8746 -40.6628 6
      vertex -51.809 -40.6389 3
      vertex -51.8746 -40.6628 3
    endloop
  endfacet
  facet normal -0.469993 0.88267 0
    outer loop
      vertex -51.9384 -40.6912 3
      vertex -52 -40.724 6
      vertex -51.9384 -40.6912 6
    endloop
  endfacet
  facet normal -0.469993 0.88267 0
    outer loop
      vertex -52 -40.724 6
      vertex -51.9384 -40.6912 3
      vertex -52 -40.724 3
    endloop
  endfacet
  facet normal 0.694082 0.719895 -0
    outer loop
      vertex -42.6207 -40.8953 3
      vertex -42.6709 -40.8469 6
      vertex -42.6207 -40.8953 6
    endloop
  endfacet
  facet normal 0.694082 0.719895 0
    outer loop
      vertex -42.6709 -40.8469 6
      vertex -42.6207 -40.8953 3
      vertex -42.6709 -40.8469 3
    endloop
  endfacet
  facet normal 0.984595 0.174848 0
    outer loop
      vertex -42.3497 -41.4508 6
      vertex -42.3619 -41.3821 3
      vertex -42.3619 -41.3821 6
    endloop
  endfacet
  facet normal 0.984595 0.174848 0
    outer loop
      vertex -42.3619 -41.3821 3
      vertex -42.3497 -41.4508 6
      vertex -42.3497 -41.4508 3
    endloop
  endfacet
  facet normal 0.926887 -0.375339 0
    outer loop
      vertex -42.4265 -50.1567 6
      vertex -42.4003 -50.092 3
      vertex -42.4003 -50.092 6
    endloop
  endfacet
  facet normal 0.926887 -0.375339 0
    outer loop
      vertex -42.4003 -50.092 3
      vertex -42.4265 -50.1567 6
      vertex -42.4265 -50.1567 3
    endloop
  endfacet
  facet normal 0 0 -1
    outer loop
      vertex -47.3607 43.7293 0
      vertex -54.5 49.25 0
      vertex -47.5721 44.0048 0
    endloop
  endfacet
  facet normal 0 0 -1
    outer loop
      vertex -47.5721 44.0048 0
      vertex -54.5 49.25 0
      vertex -47.705 44.3257 0
    endloop
  endfacet
  facet normal 0 0 -1
    outer loop
      vertex -54.5 -49.25 0
      vertex -51.1221 -52.7479 0
      vertex -51.3658 -52.7308 0
    endloop
  endfacet
  facet normal 0 0 -1
    outer loop
      vertex -47.705 44.3257 0
      vertex -54.5 49.25 0
      vertex -50.5 52.7479 0
    endloop
  endfacet
  facet normal 0 0 -1
    outer loop
      vertex -54.5 -49.25 0
      vertex -51.3658 -52.7308 0
      vertex -51.6078 -52.6968 0
    endloop
  endfacet
  facet normal -0 0 -1
    outer loop
      vertex -50.5 52.7479 0
      vertex -54.5 49.25 0
      vertex -51.1221 52.7479 0
    endloop
  endfacet
  facet normal 0 0 -1
    outer loop
      vertex -54.5 -49.25 0
      vertex -51.6078 -52.6968 0
      vertex -51.8467 -52.646 0
    endloop
  endfacet
  facet normal 0 0 -1
    outer loop
      vertex -51.1221 52.7479 0
      vertex -54.5 49.25 0
      vertex -51.3658 52.7308 0
    endloop
  endfacet
  facet normal 0 0 -1
    outer loop
      vertex -54.5 -49.25 0
      vertex -51.8467 -52.646 0
      vertex -52.0816 -52.5787 0
    endloop
  endfacet
  facet normal 0 0 -1
    outer loop
      vertex -51.3658 52.7308 0
      vertex -54.5 49.25 0
      vertex -51.6078 52.6968 0
    endloop
  endfacet
  facet normal 0 0 -1
    outer loop
      vertex -54.5 -49.25 0
      vertex -52.0816 -52.5787 0
      vertex -52.3111 -52.4951 0
    endloop
  endfacet
  facet normal 0 0 -1
    outer loop
      vertex -51.6078 52.6968 0
      vertex -54.5 49.25 0
      vertex -51.8467 52.646 0
    endloop
  endfacet
  facet normal 0 0 -1
    outer loop
      vertex -54.5 -49.25 0
      vertex -52.3111 -52.4951 0
      vertex -52.5343 -52.3958 0
    endloop
  endfacet
  facet normal 0 0 -1
    outer loop
      vertex -51.8467 52.646 0
      vertex -54.5 49.25 0
      vertex -52.0816 52.5787 0
    endloop
  endfacet
  facet normal 0 0 -1
    outer loop
      vertex -54.5 -49.25 0
      vertex -52.5343 -52.3958 0
      vertex -52.75 -52.2811 0
    endloop
  endfacet
  facet normal 0 0 -1
    outer loop
      vertex -52.0816 52.5787 0
      vertex -54.5 49.25 0
      vertex -52.3111 52.4951 0
    endloop
  endfacet
  facet normal 0 0 -1
    outer loop
      vertex -54.5 -49.25 0
      vertex -52.75 -52.2811 0
      vertex -52.9572 -52.1516 0
    endloop
  endfacet
  facet normal 0 0 -1
    outer loop
      vertex -52.3111 52.4951 0
      vertex -54.5 49.25 0
      vertex -52.5343 52.3958 0
    endloop
  endfacet
  facet normal 0 0 -1
    outer loop
      vertex -54.5 -49.25 0
      vertex -52.9572 -52.1516 0
      vertex -53.1548 -52.008 0
    endloop
  endfacet
  facet normal 0 0 -1
    outer loop
      vertex -52.5343 52.3958 0
      vertex -54.5 49.25 0
      vertex -52.75 52.2811 0
    endloop
  endfacet
  facet normal 0 0 -1
    outer loop
      vertex -54.5 -49.25 0
      vertex -53.1548 -52.008 0
      vertex -53.342 -51.851 0
    endloop
  endfacet
  facet normal 0 0 -1
    outer loop
      vertex -52.75 52.2811 0
      vertex -54.5 49.25 0
      vertex -52.9572 52.1516 0
    endloop
  endfacet
  facet normal 0 0 -1
    outer loop
      vertex -54.5 -49.25 0
      vertex -53.342 -51.851 0
      vertex -53.5177 -51.6813 0
    endloop
  endfacet
  facet normal 0 0 -1
    outer loop
      vertex -52.9572 52.1516 0
      vertex -54.5 49.25 0
      vertex -53.1548 52.008 0
    endloop
  endfacet
  facet normal 0 0 -1
    outer loop
      vertex -54.5 -49.25 0
      vertex -53.5177 -51.6813 0
      vertex -53.6812 -51.4998 0
    endloop
  endfacet
  facet normal 0 0 -1
    outer loop
      vertex -53.1548 52.008 0
      vertex -54.5 49.25 0
      vertex -53.342 51.851 0
    endloop
  endfacet
  facet normal 0 0 -1
    outer loop
      vertex -54.5 -49.25 0
      vertex -53.6812 -51.4998 0
      vertex -53.8316 -51.3072 0
    endloop
  endfacet
  facet normal 0 0 -1
    outer loop
      vertex -53.342 51.851 0
      vertex -54.5 49.25 0
      vertex -53.5177 51.6813 0
    endloop
  endfacet
  facet normal 0 0 -1
    outer loop
      vertex -54.5 -49.25 0
      vertex -53.8316 -51.3072 0
      vertex -53.9682 -51.1047 0
    endloop
  endfacet
  facet normal 0 0 -1
    outer loop
      vertex -53.5177 51.6813 0
      vertex -54.5 49.25 0
      vertex -53.6812 51.4998 0
    endloop
  endfacet
  facet normal 0 0 -1
    outer loop
      vertex -54.5 -49.25 0
      vertex -53.9682 -51.1047 0
      vertex -54.0903 -50.8932 0
    endloop
  endfacet
  facet normal 0 0 -1
    outer loop
      vertex -53.6812 51.4998 0
      vertex -54.5 49.25 0
      vertex -53.8316 51.3072 0
    endloop
  endfacet
  facet normal 0 0 -1
    outer loop
      vertex -54.5 -49.25 0
      vertex -54.0903 -50.8932 0
      vertex -54.1974 -50.6736 0
    endloop
  endfacet
  facet normal 0 0 -1
    outer loop
      vertex -53.8316 51.3072 0
      vertex -54.5 49.25 0
      vertex -53.9682 51.1047 0
    endloop
  endfacet
  facet normal 0 0 -1
    outer loop
      vertex -54.5 -49.25 0
      vertex -54.1974 -50.6736 0
      vertex -54.2889 -50.4471 0
    endloop
  endfacet
  facet normal 0 0 -1
    outer loop
      vertex -53.9682 51.1047 0
      vertex -54.5 49.25 0
      vertex -54.0903 50.8932 0
    endloop
  endfacet
  facet normal 0 0 -1
    outer loop
      vertex -54.5 -49.25 0
      vertex -54.2889 -50.4471 0
      vertex -54.3644 -50.2147 0
    endloop
  endfacet
  facet normal 0 0 -1
    outer loop
      vertex -54.0903 50.8932 0
      vertex -54.5 49.25 0
      vertex -54.1974 50.6736 0
    endloop
  endfacet
  facet normal 0 0 -1
    outer loop
      vertex -54.5 -49.25 0
      vertex -54.3644 -50.2147 0
      vertex -54.4235 -49.9777 0
    endloop
  endfacet
  facet normal 0 0 -1
    outer loop
      vertex -54.1974 50.6736 0
      vertex -54.5 49.25 0
      vertex -54.2889 50.4471 0
    endloop
  endfacet
  facet normal 0 0 -1
    outer loop
      vertex -54.5 -49.25 0
      vertex -54.4235 -49.9777 0
      vertex -54.4659 -49.7371 0
    endloop
  endfacet
  facet normal 0 0 -1
    outer loop
      vertex -54.2889 50.4471 0
      vertex -54.5 49.25 0
      vertex -54.3644 50.2147 0
    endloop
  endfacet
  facet normal 0 0 -1
    outer loop
      vertex -54.5 -49.25 0
      vertex -54.4659 -49.7371 0
      vertex -54.4915 -49.4941 0
    endloop
  endfacet
  facet normal 0 0 -1
    outer loop
      vertex -54.3644 50.2147 0
      vertex -54.5 49.25 0
      vertex -54.4235 49.9777 0
    endloop
  endfacet
  facet normal 0 0 -1
    outer loop
      vertex -54.4235 49.9777 0
      vertex -54.5 49.25 0
      vertex -54.4659 49.7371 0
    endloop
  endfacet
  facet normal 0 0 -1
    outer loop
      vertex -54.4659 49.7371 0
      vertex -54.5 49.25 0
      vertex -54.4915 49.4941 0
    endloop
  endfacet
  facet normal 0 0 -1
    outer loop
      vertex -45.4793 -43.7293 0
      vertex 38.5 -52.7479 0
      vertex -45.2679 -44.0048 0
    endloop
  endfacet
  facet normal 0 0 -1
    outer loop
      vertex 38.5 52.7479 0
      vertex -45.135 44.3257 0
      vertex -45.0897 44.67 0
    endloop
  endfacet
  facet normal 0 0 -1
    outer loop
      vertex 38.5 -52.7479 0
      vertex -45.4793 -43.7293 0
      vertex 38.5 52.7479 0
    endloop
  endfacet
  facet normal 0 0 -1
    outer loop
      vertex 38.5 52.7479 0
      vertex -45.2679 44.0048 0
      vertex -45.135 44.3257 0
    endloop
  endfacet
  facet normal 0 0 -1
    outer loop
      vertex -45.4793 43.7293 0
      vertex 38.5 52.7479 0
      vertex -45.4793 -43.7293 0
    endloop
  endfacet
  facet normal 0 0 -1
    outer loop
      vertex 38.5 52.7479 0
      vertex -45.4793 43.7293 0
      vertex -45.2679 44.0048 0
    endloop
  endfacet
  facet normal 0 0 -1
    outer loop
      vertex -45.7548 -43.5179 0
      vertex -45.4793 43.7293 0
      vertex -45.4793 -43.7293 0
    endloop
  endfacet
  facet normal 0 0 -1
    outer loop
      vertex -45.7548 -43.5179 0
      vertex -45.7548 43.5179 0
      vertex -45.4793 43.7293 0
    endloop
  endfacet
  facet normal 0 0 -1
    outer loop
      vertex -46.0757 -43.385 0
      vertex -45.7548 43.5179 0
      vertex -45.7548 -43.5179 0
    endloop
  endfacet
  facet normal 0 0 -1
    outer loop
      vertex -46.0757 -43.385 0
      vertex -46.0757 43.385 0
      vertex -45.7548 43.5179 0
    endloop
  endfacet
  facet normal 0 0 -1
    outer loop
      vertex -46.42 -43.3397 0
      vertex -46.0757 43.385 0
      vertex -46.0757 -43.385 0
    endloop
  endfacet
  facet normal 0 0 -1
    outer loop
      vertex -46.42 -43.3397 0
      vertex -46.42 43.3397 0
      vertex -46.0757 43.385 0
    endloop
  endfacet
  facet normal 0 0 -1
    outer loop
      vertex -46.7643 -43.385 0
      vertex -46.42 43.3397 0
      vertex -46.42 -43.3397 0
    endloop
  endfacet
  facet normal 0 0 -1
    outer loop
      vertex -46.7643 -43.385 0
      vertex -46.7643 43.385 0
      vertex -46.42 43.3397 0
    endloop
  endfacet
  facet normal 0 0 -1
    outer loop
      vertex -47.0852 -43.5179 0
      vertex -46.7643 43.385 0
      vertex -46.7643 -43.385 0
    endloop
  endfacet
  facet normal 0 0 -1
    outer loop
      vertex -47.0852 -43.5179 0
      vertex -47.0852 43.5179 0
      vertex -46.7643 43.385 0
    endloop
  endfacet
  facet normal 0 0 -1
    outer loop
      vertex -47.3607 -43.7293 0
      vertex -47.0852 43.5179 0
      vertex -47.0852 -43.5179 0
    endloop
  endfacet
  facet normal 0 0 -1
    outer loop
      vertex -47.3607 -43.7293 0
      vertex -47.3607 43.7293 0
      vertex -47.0852 43.5179 0
    endloop
  endfacet
  facet normal 0 0 -1
    outer loop
      vertex -54.5 -49.25 0
      vertex -47.3607 -43.7293 0
      vertex -47.5721 -44.0048 0
    endloop
  endfacet
  facet normal -0 0 -1
    outer loop
      vertex -47.3607 -43.7293 0
      vertex -54.5 -49.25 0
      vertex -47.3607 43.7293 0
    endloop
  endfacet
  facet normal 0 0 -1
    outer loop
      vertex -54.5 -49.25 0
      vertex -47.5721 -44.0048 0
      vertex -47.705 -44.3257 0
    endloop
  endfacet
  facet normal 0 0 -1
    outer loop
      vertex -54.5 49.25 0
      vertex -47.3607 43.7293 0
      vertex -54.5 -49.25 0
    endloop
  endfacet
  facet normal -0 0 -1
    outer loop
      vertex -47.5721 -45.3352 0
      vertex -54.5 -49.25 0
      vertex -47.705 -45.0143 0
    endloop
  endfacet
  facet normal -0 0 -1
    outer loop
      vertex -47.705 -45.0143 0
      vertex -54.5 -49.25 0
      vertex -47.7503 -44.67 0
    endloop
  endfacet
  facet normal 0 0 -1
    outer loop
      vertex -38.5 -52.7479 0
      vertex -45.2679 -44.0048 0
      vertex 38.5 -52.7479 0
    endloop
  endfacet
  facet normal 0 0 -1
    outer loop
      vertex -38.5 52.7479 0
      vertex -42.5158 58.2183 0
      vertex -42.4458 58.75 0
    endloop
  endfacet
  facet normal 0 0 -1
    outer loop
      vertex -45.0897 -44.67 0
      vertex -42.5158 -58.2183 0
      vertex -42.721 -57.7229 0
    endloop
  endfacet
  facet normal -0 0 -1
    outer loop
      vertex 38.5 52.7479 0
      vertex -45.0897 44.67 0
      vertex -38.5 52.7479 0
    endloop
  endfacet
  facet normal 0 0 -1
    outer loop
      vertex -45.135 -45.0143 0
      vertex -42.721 -57.7229 0
      vertex -43.0475 -57.2975 0
    endloop
  endfacet
  facet normal 0 0 -1
    outer loop
      vertex -45.135 45.0143 0
      vertex -38.5 52.7479 0
      vertex -45.0897 44.67 0
    endloop
  endfacet
  facet normal 0 0 -1
    outer loop
      vertex -45.2679 -45.3352 0
      vertex -43.0475 -57.2975 0
      vertex -43.4729 -56.971 0
    endloop
  endfacet
  facet normal 0 0 -1
    outer loop
      vertex -38.5 52.7479 0
      vertex -42.721 57.7229 0
      vertex -42.5158 58.2183 0
    endloop
  endfacet
  facet normal 0 0 -1
    outer loop
      vertex -45.4793 -45.6107 0
      vertex -43.4729 -56.971 0
      vertex -43.9683 -56.7658 0
    endloop
  endfacet
  facet normal 0 0 -1
    outer loop
      vertex -45.2679 45.3352 0
      vertex -38.5 52.7479 0
      vertex -45.135 45.0143 0
    endloop
  endfacet
  facet normal 0 0 -1
    outer loop
      vertex -45.7548 -45.8221 0
      vertex -43.9683 -56.7658 0
      vertex -44.5 -56.6958 0
    endloop
  endfacet
  facet normal 0 0 -1
    outer loop
      vertex -38.5 52.7479 0
      vertex -43.0475 57.2975 0
      vertex -42.721 57.7229 0
    endloop
  endfacet
  facet normal 0 0 -1
    outer loop
      vertex -50.5 -52.7479 0
      vertex -44.5 -56.6958 0
      vertex -45.0317 -56.7658 0
    endloop
  endfacet
  facet normal 0 0 -1
    outer loop
      vertex -45.4793 45.6107 0
      vertex -38.5 52.7479 0
      vertex -45.2679 45.3352 0
    endloop
  endfacet
  facet normal 0 0 -1
    outer loop
      vertex -38.5 52.7479 0
      vertex -43.4729 56.971 0
      vertex -43.0475 57.2975 0
    endloop
  endfacet
  facet normal 0 0 -1
    outer loop
      vertex -42.721 -57.7229 0
      vertex -45.135 -45.0143 0
      vertex -45.0897 -44.67 0
    endloop
  endfacet
  facet normal 0 0 -1
    outer loop
      vertex -43.0475 -57.2975 0
      vertex -45.2679 -45.3352 0
      vertex -45.135 -45.0143 0
    endloop
  endfacet
  facet normal 0 0 -1
    outer loop
      vertex -43.4729 -56.971 0
      vertex -45.4793 -45.6107 0
      vertex -45.2679 -45.3352 0
    endloop
  endfacet
  facet normal 0 0 -1
    outer loop
      vertex -50.5 -52.7479 0
      vertex -45.0317 -56.7658 0
      vertex -45.5271 -56.971 0
    endloop
  endfacet
  facet normal 0 0 -1
    outer loop
      vertex -43.9683 -56.7658 0
      vertex -45.7548 -45.8221 0
      vertex -45.4793 -45.6107 0
    endloop
  endfacet
  facet normal 0 0 -1
    outer loop
      vertex -50.5 -52.7479 0
      vertex -45.5271 -56.971 0
      vertex -45.9525 -57.2975 0
    endloop
  endfacet
  facet normal 0 0 -1
    outer loop
      vertex -44.5 -56.6958 0
      vertex -46.0757 -45.955 0
      vertex -45.7548 -45.8221 0
    endloop
  endfacet
  facet normal 0 0 -1
    outer loop
      vertex -50.5 -52.7479 0
      vertex -45.9525 -57.2975 0
      vertex -46.279 -57.7229 0
    endloop
  endfacet
  facet normal 0 0 -1
    outer loop
      vertex -44.5 -56.6958 0
      vertex -50.5 -52.7479 0
      vertex -46.0757 -45.955 0
    endloop
  endfacet
  facet normal 0 0 -1
    outer loop
      vertex -50.5 -58.75 0
      vertex -46.279 -57.7229 0
      vertex -46.4842 -58.2183 0
    endloop
  endfacet
  facet normal 0 0 -1
    outer loop
      vertex -50.5 -58.75 0
      vertex -46.4842 -58.2183 0
      vertex -46.5542 -58.75 0
    endloop
  endfacet
  facet normal -0 0 -1
    outer loop
      vertex -45.5271 -60.529 0
      vertex -48.194 -63.4781 0
      vertex -45.9525 -60.2025 0
    endloop
  endfacet
  facet normal 0 0 -1
    outer loop
      vertex -46.0757 -45.955 0
      vertex -50.5 -52.7479 0
      vertex -46.42 -46.0003 0
    endloop
  endfacet
  facet normal -0 0 -1
    outer loop
      vertex -46.42 -46.0003 0
      vertex -50.5 -52.7479 0
      vertex -46.7643 -45.955 0
    endloop
  endfacet
  facet normal 0 0 -1
    outer loop
      vertex -48.5148 -63.2089 0
      vertex -45.9525 -60.2025 0
      vertex -48.194 -63.4781 0
    endloop
  endfacet
  facet normal -0 0 -1
    outer loop
      vertex -46.7643 -45.955 0
      vertex -50.5 -52.7479 0
      vertex -47.0852 -45.8221 0
    endloop
  endfacet
  facet normal 0 0 -1
    outer loop
      vertex -48.816 -62.9179 0
      vertex -45.9525 -60.2025 0
      vertex -48.5148 -63.2089 0
    endloop
  endfacet
  facet normal -0 0 -1
    outer loop
      vertex -47.0852 -45.8221 0
      vertex -50.5 -52.7479 0
      vertex -47.3607 -45.6107 0
    endloop
  endfacet
  facet normal 0 0 -1
    outer loop
      vertex -54.5 -49.25 0
      vertex -50.5 -52.7479 0
      vertex -51.1221 -52.7479 0
    endloop
  endfacet
  facet normal 0 0 -1
    outer loop
      vertex -50.5 -52.7479 0
      vertex -54.5 -49.25 0
      vertex -47.3607 -45.6107 0
    endloop
  endfacet
  facet normal -0 0 -1
    outer loop
      vertex -47.3607 -45.6107 0
      vertex -54.5 -49.25 0
      vertex -47.5721 -45.3352 0
    endloop
  endfacet
  facet normal 0 0 -1
    outer loop
      vertex -49.0963 -62.6067 0
      vertex -45.9525 -60.2025 0
      vertex -48.816 -62.9179 0
    endloop
  endfacet
  facet normal 0 0 -1
    outer loop
      vertex -42.5158 -58.2183 0
      vertex -38.5 -58.75 0
      vertex -42.4458 -58.75 0
    endloop
  endfacet
  facet normal 0 0 -1
    outer loop
      vertex -38.5 -58.75 0
      vertex -42.5158 -58.2183 0
      vertex -38.5 -52.7479 0
    endloop
  endfacet
  facet normal 0 0 -1
    outer loop
      vertex -42.4458 -58.75 0
      vertex -38.5 -58.75 0
      vertex -38.5146 -59.1685 0
    endloop
  endfacet
  facet normal 0 0 -1
    outer loop
      vertex -45.0897 -44.67 0
      vertex -38.5 -52.7479 0
      vertex -42.5158 -58.2183 0
    endloop
  endfacet
  facet normal 0 0 -1
    outer loop
      vertex -42.4458 -58.75 0
      vertex -38.5146 -59.1685 0
      vertex -38.5584 -59.585 0
    endloop
  endfacet
  facet normal 0 0 -1
    outer loop
      vertex -38.5 52.7479 0
      vertex -42.4458 58.75 0
      vertex -38.5 58.75 0
    endloop
  endfacet
  facet normal 0 0 -1
    outer loop
      vertex -42.5158 -59.2817 0
      vertex -38.5584 -59.585 0
      vertex -38.6311 -59.9975 0
    endloop
  endfacet
  facet normal 0 0 -1
    outer loop
      vertex -38.5 58.75 0
      vertex -42.4458 58.75 0
      vertex -38.5146 59.1685 0
    endloop
  endfacet
  facet normal 0 0 -1
    outer loop
      vertex -42.5158 -59.2817 0
      vertex -38.6311 -59.9975 0
      vertex -38.7324 -60.4038 0
    endloop
  endfacet
  facet normal -0 0 -1
    outer loop
      vertex -38.5146 59.1685 0
      vertex -42.4458 58.75 0
      vertex -38.5584 59.585 0
    endloop
  endfacet
  facet normal 0 0 -1
    outer loop
      vertex -42.5158 -59.2817 0
      vertex -38.7324 -60.4038 0
      vertex -38.8618 -60.8021 0
    endloop
  endfacet
  facet normal 0 0 -1
    outer loop
      vertex -42.5158 59.2817 0
      vertex -38.5584 59.585 0
      vertex -42.4458 58.75 0
    endloop
  endfacet
  facet normal 0 0 -1
    outer loop
      vertex -42.5158 -59.2817 0
      vertex -38.8618 -60.8021 0
      vertex -39.0187 -61.1904 0
    endloop
  endfacet
  facet normal -0 0 -1
    outer loop
      vertex -38.5584 59.585 0
      vertex -42.5158 59.2817 0
      vertex -38.6311 59.9975 0
    endloop
  endfacet
  facet normal 0 0 -1
    outer loop
      vertex -42.721 -59.7771 0
      vertex -39.0187 -61.1904 0
      vertex -39.2023 -61.5668 0
    endloop
  endfacet
  facet normal -0 0 -1
    outer loop
      vertex -38.6311 59.9975 0
      vertex -42.5158 59.2817 0
      vertex -38.7324 60.4038 0
    endloop
  endfacet
  facet normal 0 0 -1
    outer loop
      vertex -42.721 -59.7771 0
      vertex -39.2023 -61.5668 0
      vertex -39.4117 -61.9295 0
    endloop
  endfacet
  facet normal -0 0 -1
    outer loop
      vertex -38.7324 60.4038 0
      vertex -42.5158 59.2817 0
      vertex -38.8618 60.8021 0
    endloop
  endfacet
  facet normal 0 0 -1
    outer loop
      vertex -42.721 -59.7771 0
      vertex -39.4117 -61.9295 0
      vertex -39.6459 -62.2767 0
    endloop
  endfacet
  facet normal -0 0 -1
    outer loop
      vertex -38.8618 60.8021 0
      vertex -42.5158 59.2817 0
      vertex -39.0187 61.1904 0
    endloop
  endfacet
  facet normal 0 0 -1
    outer loop
      vertex -43.0475 -60.2025 0
      vertex -39.6459 -62.2767 0
      vertex -39.9037 -62.6067 0
    endloop
  endfacet
  facet normal 0 0 -1
    outer loop
      vertex -42.721 59.7771 0
      vertex -39.0187 61.1904 0
      vertex -42.5158 59.2817 0
    endloop
  endfacet
  facet normal 0 0 -1
    outer loop
      vertex -43.0475 -60.2025 0
      vertex -39.9037 -62.6067 0
      vertex -40.184 -62.9179 0
    endloop
  endfacet
  facet normal -0 0 -1
    outer loop
      vertex -39.0187 61.1904 0
      vertex -42.721 59.7771 0
      vertex -39.2023 61.5668 0
    endloop
  endfacet
  facet normal 0 0 -1
    outer loop
      vertex -43.0475 -60.2025 0
      vertex -40.184 -62.9179 0
      vertex -40.4852 -63.2089 0
    endloop
  endfacet
  facet normal -0 0 -1
    outer loop
      vertex -39.2023 61.5668 0
      vertex -42.721 59.7771 0
      vertex -39.4117 61.9295 0
    endloop
  endfacet
  facet normal 0 0 -1
    outer loop
      vertex -43.0475 -60.2025 0
      vertex -40.4852 -63.2089 0
      vertex -40.806 -63.4781 0
    endloop
  endfacet
  facet normal -0 0 -1
    outer loop
      vertex -39.4117 61.9295 0
      vertex -42.721 59.7771 0
      vertex -39.6459 62.2767 0
    endloop
  endfacet
  facet normal 0 0 -1
    outer loop
      vertex -43.4729 -60.529 0
      vertex -40.806 -63.4781 0
      vertex -41.1448 -63.7242 0
    endloop
  endfacet
  facet normal 0 0 -1
    outer loop
      vertex -43.0475 60.2025 0
      vertex -39.6459 62.2767 0
      vertex -42.721 59.7771 0
    endloop
  endfacet
  facet normal 0 0 -1
    outer loop
      vertex -43.4729 -60.529 0
      vertex -41.1448 -63.7242 0
      vertex -41.5 -63.9462 0
    endloop
  endfacet
  facet normal -0 0 -1
    outer loop
      vertex -39.6459 62.2767 0
      vertex -43.0475 60.2025 0
      vertex -39.9037 62.6067 0
    endloop
  endfacet
  facet normal 0 0 -1
    outer loop
      vertex -43.4729 -60.529 0
      vertex -41.5 -63.9462 0
      vertex -41.8698 -64.1428 0
    endloop
  endfacet
  facet normal -0 0 -1
    outer loop
      vertex -39.9037 62.6067 0
      vertex -43.0475 60.2025 0
      vertex -40.184 62.9179 0
    endloop
  endfacet
  facet normal 0 0 -1
    outer loop
      vertex -43.4729 -60.529 0
      vertex -41.8698 -64.1428 0
      vertex -42.2524 -64.3131 0
    endloop
  endfacet
  facet normal -0 0 -1
    outer loop
      vertex -40.184 62.9179 0
      vertex -43.0475 60.2025 0
      vertex -40.4852 63.2089 0
    endloop
  endfacet
  facet normal -0 0 -1
    outer loop
      vertex -40.4852 63.2089 0
      vertex -43.0475 60.2025 0
      vertex -40.806 63.4781 0
    endloop
  endfacet
  facet normal 0 0 -1
    outer loop
      vertex -38.5584 -59.585 0
      vertex -42.5158 -59.2817 0
      vertex -42.4458 -58.75 0
    endloop
  endfacet
  facet normal 0 0 -1
    outer loop
      vertex -43.9683 -60.7342 0
      vertex -42.2524 -64.3131 0
      vertex -42.6459 -64.4563 0
    endloop
  endfacet
  facet normal 0 0 -1
    outer loop
      vertex -39.0187 -61.1904 0
      vertex -42.721 -59.7771 0
      vertex -42.5158 -59.2817 0
    endloop
  endfacet
  facet normal 0 0 -1
    outer loop
      vertex -39.6459 -62.2767 0
      vertex -43.0475 -60.2025 0
      vertex -42.721 -59.7771 0
    endloop
  endfacet
  facet normal 0 0 -1
    outer loop
      vertex -43.9683 -60.7342 0
      vertex -42.6459 -64.4563 0
      vertex -43.0485 -64.5718 0
    endloop
  endfacet
  facet normal 0 0 -1
    outer loop
      vertex -43.9683 -60.7342 0
      vertex -43.0485 -64.5718 0
      vertex -43.4581 -64.6588 0
    endloop
  endfacet
  facet normal 0 0 -1
    outer loop
      vertex -40.806 -63.4781 0
      vertex -43.4729 -60.529 0
      vertex -43.0475 -60.2025 0
    endloop
  endfacet
  facet normal 0 0 -1
    outer loop
      vertex -43.9683 -60.7342 0
      vertex -43.4581 -64.6588 0
      vertex -43.8728 -64.7171 0
    endloop
  endfacet
  facet normal 0 0 -1
    outer loop
      vertex -42.2524 -64.3131 0
      vertex -43.9683 -60.7342 0
      vertex -43.4729 -60.529 0
    endloop
  endfacet
  facet normal 0 0 -1
    outer loop
      vertex -44.5 -60.8042 0
      vertex -43.8728 -64.7171 0
      vertex -44.2906 -64.7463 0
    endloop
  endfacet
  facet normal 0 0 -1
    outer loop
      vertex -43.8728 -64.7171 0
      vertex -44.5 -60.8042 0
      vertex -43.9683 -60.7342 0
    endloop
  endfacet
  facet normal 0 0 -1
    outer loop
      vertex -44.7094 -64.7463 0
      vertex -44.5 -60.8042 0
      vertex -44.2906 -64.7463 0
    endloop
  endfacet
  facet normal 0 0 -1
    outer loop
      vertex -45.1272 -64.7171 0
      vertex -44.5 -60.8042 0
      vertex -44.7094 -64.7463 0
    endloop
  endfacet
  facet normal -0 0 -1
    outer loop
      vertex -44.5 -60.8042 0
      vertex -45.1272 -64.7171 0
      vertex -45.0317 -60.7342 0
    endloop
  endfacet
  facet normal 0 0 -1
    outer loop
      vertex -45.5419 -64.6588 0
      vertex -45.0317 -60.7342 0
      vertex -45.1272 -64.7171 0
    endloop
  endfacet
  facet normal 0 0 -1
    outer loop
      vertex -45.9515 -64.5718 0
      vertex -45.0317 -60.7342 0
      vertex -45.5419 -64.6588 0
    endloop
  endfacet
  facet normal 0 0 -1
    outer loop
      vertex -46.3541 -64.4563 0
      vertex -45.0317 -60.7342 0
      vertex -45.9515 -64.5718 0
    endloop
  endfacet
  facet normal 0 0 -1
    outer loop
      vertex -46.7476 -64.3131 0
      vertex -45.0317 -60.7342 0
      vertex -46.3541 -64.4563 0
    endloop
  endfacet
  facet normal -0 0 -1
    outer loop
      vertex -45.0317 -60.7342 0
      vertex -46.7476 -64.3131 0
      vertex -45.5271 -60.529 0
    endloop
  endfacet
  facet normal 0 0 -1
    outer loop
      vertex -47.1302 -64.1428 0
      vertex -45.5271 -60.529 0
      vertex -46.7476 -64.3131 0
    endloop
  endfacet
  facet normal 0 0 -1
    outer loop
      vertex -47.5 -63.9462 0
      vertex -45.5271 -60.529 0
      vertex -47.1302 -64.1428 0
    endloop
  endfacet
  facet normal 0 0 -1
    outer loop
      vertex -47.8552 -63.7242 0
      vertex -45.5271 -60.529 0
      vertex -47.5 -63.9462 0
    endloop
  endfacet
  facet normal 0 0 -1
    outer loop
      vertex -48.194 -63.4781 0
      vertex -45.5271 -60.529 0
      vertex -47.8552 -63.7242 0
    endloop
  endfacet
  facet normal 0 0 -1
    outer loop
      vertex -45.135 -44.3257 0
      vertex -38.5 -52.7479 0
      vertex -45.0897 -44.67 0
    endloop
  endfacet
  facet normal 0 0 -1
    outer loop
      vertex -45.2679 -44.0048 0
      vertex -38.5 -52.7479 0
      vertex -45.135 -44.3257 0
    endloop
  endfacet
  facet normal 0 0 -1
    outer loop
      vertex -43.4729 60.529 0
      vertex -40.806 63.4781 0
      vertex -43.0475 60.2025 0
    endloop
  endfacet
  facet normal -0 0 -1
    outer loop
      vertex -40.806 63.4781 0
      vertex -43.4729 60.529 0
      vertex -41.1448 63.7242 0
    endloop
  endfacet
  facet normal -0 0 -1
    outer loop
      vertex -41.1448 63.7242 0
      vertex -43.4729 60.529 0
      vertex -41.5 63.9462 0
    endloop
  endfacet
  facet normal -0 0 -1
    outer loop
      vertex -41.5 63.9462 0
      vertex -43.4729 60.529 0
      vertex -41.8698 64.1428 0
    endloop
  endfacet
  facet normal -0 0 -1
    outer loop
      vertex -41.8698 64.1428 0
      vertex -43.4729 60.529 0
      vertex -42.2524 64.3131 0
    endloop
  endfacet
  facet normal 0 0 -1
    outer loop
      vertex -43.9683 60.7342 0
      vertex -42.2524 64.3131 0
      vertex -43.4729 60.529 0
    endloop
  endfacet
  facet normal -0 0 -1
    outer loop
      vertex -42.2524 64.3131 0
      vertex -43.9683 60.7342 0
      vertex -42.6459 64.4563 0
    endloop
  endfacet
  facet normal -0 0 -1
    outer loop
      vertex -42.6459 64.4563 0
      vertex -43.9683 60.7342 0
      vertex -43.0485 64.5718 0
    endloop
  endfacet
  facet normal -0 0 -1
    outer loop
      vertex -43.0485 64.5718 0
      vertex -43.9683 60.7342 0
      vertex -43.4581 64.6588 0
    endloop
  endfacet
  facet normal -0 0 -1
    outer loop
      vertex -43.4581 64.6588 0
      vertex -43.9683 60.7342 0
      vertex -43.8728 64.7171 0
    endloop
  endfacet
  facet normal 0 0 -1
    outer loop
      vertex -44.5 60.8042 0
      vertex -43.8728 64.7171 0
      vertex -43.9683 60.7342 0
    endloop
  endfacet
  facet normal -0 0 -1
    outer loop
      vertex -43.8728 64.7171 0
      vertex -44.5 60.8042 0
      vertex -44.2906 64.7463 0
    endloop
  endfacet
  facet normal 0 0 -1
    outer loop
      vertex -44.5 60.8042 0
      vertex -44.7094 64.7463 0
      vertex -44.2906 64.7463 0
    endloop
  endfacet
  facet normal 0 0 -1
    outer loop
      vertex -45.1272 64.7171 0
      vertex -44.5 60.8042 0
      vertex -45.0317 60.7342 0
    endloop
  endfacet
  facet normal 0 0 -1
    outer loop
      vertex -44.5 60.8042 0
      vertex -45.1272 64.7171 0
      vertex -44.7094 64.7463 0
    endloop
  endfacet
  facet normal 0 0 -1
    outer loop
      vertex -46.7476 64.3131 0
      vertex -45.0317 60.7342 0
      vertex -45.5271 60.529 0
    endloop
  endfacet
  facet normal 0 0 -1
    outer loop
      vertex -45.0317 60.7342 0
      vertex -45.5419 64.6588 0
      vertex -45.1272 64.7171 0
    endloop
  endfacet
  facet normal 0 0 -1
    outer loop
      vertex -45.0317 60.7342 0
      vertex -45.9515 64.5718 0
      vertex -45.5419 64.6588 0
    endloop
  endfacet
  facet normal 0 0 -1
    outer loop
      vertex -48.194 63.4781 0
      vertex -45.5271 60.529 0
      vertex -45.9525 60.2025 0
    endloop
  endfacet
  facet normal 0 0 -1
    outer loop
      vertex -49.3541 62.2767 0
      vertex -45.9525 60.2025 0
      vertex -46.279 59.7771 0
    endloop
  endfacet
  facet normal 0 0 -1
    outer loop
      vertex -45.0317 60.7342 0
      vertex -46.3541 64.4563 0
      vertex -45.9515 64.5718 0
    endloop
  endfacet
  facet normal 0 0 -1
    outer loop
      vertex -49.9813 61.1904 0
      vertex -46.279 59.7771 0
      vertex -46.4842 59.2817 0
    endloop
  endfacet
  facet normal 0 0 -1
    outer loop
      vertex -50.4416 59.585 0
      vertex -46.4842 59.2817 0
      vertex -46.5542 58.75 0
    endloop
  endfacet
  facet normal 0 0 -1
    outer loop
      vertex -45.0317 60.7342 0
      vertex -46.7476 64.3131 0
      vertex -46.3541 64.4563 0
    endloop
  endfacet
  facet normal 0 0 -1
    outer loop
      vertex -45.7548 45.8221 0
      vertex -38.5 52.7479 0
      vertex -45.4793 45.6107 0
    endloop
  endfacet
  facet normal 0 0 -1
    outer loop
      vertex -38.5 52.7479 0
      vertex -43.9683 56.7658 0
      vertex -43.4729 56.971 0
    endloop
  endfacet
  facet normal 0 0 -1
    outer loop
      vertex -46.0757 45.955 0
      vertex -38.5 52.7479 0
      vertex -45.7548 45.8221 0
    endloop
  endfacet
  facet normal 0 0 -1
    outer loop
      vertex -38.5 52.7479 0
      vertex -44.5 56.6958 0
      vertex -43.9683 56.7658 0
    endloop
  endfacet
  facet normal -0 0 -1
    outer loop
      vertex -38.5 52.7479 0
      vertex -46.0757 45.955 0
      vertex -44.5 56.6958 0
    endloop
  endfacet
  facet normal 0 0 -1
    outer loop
      vertex -50.5 52.7479 0
      vertex -44.5 56.6958 0
      vertex -46.0757 45.955 0
    endloop
  endfacet
  facet normal -0 0 -1
    outer loop
      vertex -44.5 56.6958 0
      vertex -50.5 52.7479 0
      vertex -45.0317 56.7658 0
    endloop
  endfacet
  facet normal -0 0 -1
    outer loop
      vertex -45.0317 56.7658 0
      vertex -50.5 52.7479 0
      vertex -45.5271 56.971 0
    endloop
  endfacet
  facet normal -0 0 -1
    outer loop
      vertex -45.5271 56.971 0
      vertex -50.5 52.7479 0
      vertex -45.9525 57.2975 0
    endloop
  endfacet
  facet normal 0 0 -1
    outer loop
      vertex -50.5 52.7479 0
      vertex -46.0757 45.955 0
      vertex -46.42 46.0003 0
    endloop
  endfacet
  facet normal -0 0 -1
    outer loop
      vertex -45.9525 57.2975 0
      vertex -50.5 52.7479 0
      vertex -46.279 57.7229 0
    endloop
  endfacet
  facet normal 0 0 -1
    outer loop
      vertex -50.5 58.75 0
      vertex -46.279 57.7229 0
      vertex -50.5 52.7479 0
    endloop
  endfacet
  facet normal 0 0 -1
    outer loop
      vertex -46.279 57.7229 0
      vertex -50.5 58.75 0
      vertex -46.4842 58.2183 0
    endloop
  endfacet
  facet normal 0 0 -1
    outer loop
      vertex -50.5 52.7479 0
      vertex -46.42 46.0003 0
      vertex -46.7643 45.955 0
    endloop
  endfacet
  facet normal 0 0 -1
    outer loop
      vertex -50.5 52.7479 0
      vertex -46.7643 45.955 0
      vertex -47.0852 45.8221 0
    endloop
  endfacet
  facet normal 0 0 -1
    outer loop
      vertex -46.4842 58.2183 0
      vertex -50.5 58.75 0
      vertex -46.5542 58.75 0
    endloop
  endfacet
  facet normal 0 0 -1
    outer loop
      vertex -50.5 52.7479 0
      vertex -47.0852 45.8221 0
      vertex -47.3607 45.6107 0
    endloop
  endfacet
  facet normal 0 -0 -1
    outer loop
      vertex -50.4854 59.1685 0
      vertex -46.5542 58.75 0
      vertex -50.5 58.75 0
    endloop
  endfacet
  facet normal 0 0 -1
    outer loop
      vertex -50.5 52.7479 0
      vertex -47.3607 45.6107 0
      vertex -47.5721 45.3352 0
    endloop
  endfacet
  facet normal 0 0 -1
    outer loop
      vertex -50.5 52.7479 0
      vertex -47.5721 45.3352 0
      vertex -47.705 45.0143 0
    endloop
  endfacet
  facet normal 0 0 -1
    outer loop
      vertex -50.5 52.7479 0
      vertex -47.705 45.0143 0
      vertex -47.7503 44.67 0
    endloop
  endfacet
  facet normal 0 0 -1
    outer loop
      vertex -45.5271 60.529 0
      vertex -47.1302 64.1428 0
      vertex -46.7476 64.3131 0
    endloop
  endfacet
  facet normal -0 0 -1
    outer loop
      vertex -47.7503 -44.67 0
      vertex -54.5 -49.25 0
      vertex -47.705 -44.3257 0
    endloop
  endfacet
  facet normal 0 0 -1
    outer loop
      vertex -49.3541 -62.2767 0
      vertex -45.9525 -60.2025 0
      vertex -49.0963 -62.6067 0
    endloop
  endfacet
  facet normal 0 0 -1
    outer loop
      vertex -47.705 44.3257 0
      vertex -50.5 52.7479 0
      vertex -47.7503 44.67 0
    endloop
  endfacet
  facet normal -0 0 -1
    outer loop
      vertex -45.9525 -60.2025 0
      vertex -49.3541 -62.2767 0
      vertex -46.279 -59.7771 0
    endloop
  endfacet
  facet normal 0 0 -1
    outer loop
      vertex -45.5271 60.529 0
      vertex -47.5 63.9462 0
      vertex -47.1302 64.1428 0
    endloop
  endfacet
  facet normal 0 0 -1
    outer loop
      vertex -49.5883 -61.9295 0
      vertex -46.279 -59.7771 0
      vertex -49.3541 -62.2767 0
    endloop
  endfacet
  facet normal 0 0 -1
    outer loop
      vertex -45.5271 60.529 0
      vertex -47.8552 63.7242 0
      vertex -47.5 63.9462 0
    endloop
  endfacet
  facet normal 0 0 -1
    outer loop
      vertex -49.7977 -61.5668 0
      vertex -46.279 -59.7771 0
      vertex -49.5883 -61.9295 0
    endloop
  endfacet
  facet normal 0 0 -1
    outer loop
      vertex -45.5271 60.529 0
      vertex -48.194 63.4781 0
      vertex -47.8552 63.7242 0
    endloop
  endfacet
  facet normal 0 0 -1
    outer loop
      vertex -49.9813 -61.1904 0
      vertex -46.279 -59.7771 0
      vertex -49.7977 -61.5668 0
    endloop
  endfacet
  facet normal 0 0 -1
    outer loop
      vertex -45.9525 60.2025 0
      vertex -48.5148 63.2089 0
      vertex -48.194 63.4781 0
    endloop
  endfacet
  facet normal -0 0 -1
    outer loop
      vertex -46.279 -59.7771 0
      vertex -49.9813 -61.1904 0
      vertex -46.4842 -59.2817 0
    endloop
  endfacet
  facet normal 0 0 -1
    outer loop
      vertex -45.9525 60.2025 0
      vertex -48.816 62.9179 0
      vertex -48.5148 63.2089 0
    endloop
  endfacet
  facet normal 0 0 -1
    outer loop
      vertex -50.1382 -60.8021 0
      vertex -46.4842 -59.2817 0
      vertex -49.9813 -61.1904 0
    endloop
  endfacet
  facet normal 0 0 -1
    outer loop
      vertex -45.9525 60.2025 0
      vertex -49.0963 62.6067 0
      vertex -48.816 62.9179 0
    endloop
  endfacet
  facet normal 0 0 -1
    outer loop
      vertex -50.2676 -60.4038 0
      vertex -46.4842 -59.2817 0
      vertex -50.1382 -60.8021 0
    endloop
  endfacet
  facet normal 0 0 -1
    outer loop
      vertex -45.9525 60.2025 0
      vertex -49.3541 62.2767 0
      vertex -49.0963 62.6067 0
    endloop
  endfacet
  facet normal 0 0 -1
    outer loop
      vertex -50.3689 -59.9975 0
      vertex -46.4842 -59.2817 0
      vertex -50.2676 -60.4038 0
    endloop
  endfacet
  facet normal 0 0 -1
    outer loop
      vertex -46.279 59.7771 0
      vertex -49.5883 61.9295 0
      vertex -49.3541 62.2767 0
    endloop
  endfacet
  facet normal 0 0 -1
    outer loop
      vertex -50.4416 -59.585 0
      vertex -46.4842 -59.2817 0
      vertex -50.3689 -59.9975 0
    endloop
  endfacet
  facet normal 0 0 -1
    outer loop
      vertex -46.279 59.7771 0
      vertex -49.7977 61.5668 0
      vertex -49.5883 61.9295 0
    endloop
  endfacet
  facet normal -0 0 -1
    outer loop
      vertex -46.4842 -59.2817 0
      vertex -50.4416 -59.585 0
      vertex -46.5542 -58.75 0
    endloop
  endfacet
  facet normal 0 0 -1
    outer loop
      vertex -46.279 59.7771 0
      vertex -49.9813 61.1904 0
      vertex -49.7977 61.5668 0
    endloop
  endfacet
  facet normal 0 0 -1
    outer loop
      vertex -50.4854 -59.1685 0
      vertex -46.5542 -58.75 0
      vertex -50.4416 -59.585 0
    endloop
  endfacet
  facet normal 0 0 -1
    outer loop
      vertex -46.4842 59.2817 0
      vertex -50.1382 60.8021 0
      vertex -49.9813 61.1904 0
    endloop
  endfacet
  facet normal -0 0 -1
    outer loop
      vertex -46.5542 -58.75 0
      vertex -50.4854 -59.1685 0
      vertex -50.5 -58.75 0
    endloop
  endfacet
  facet normal 0 0 -1
    outer loop
      vertex -46.4842 59.2817 0
      vertex -50.2676 60.4038 0
      vertex -50.1382 60.8021 0
    endloop
  endfacet
  facet normal -0 0 -1
    outer loop
      vertex -46.279 -57.7229 0
      vertex -50.5 -58.75 0
      vertex -50.5 -52.7479 0
    endloop
  endfacet
  facet normal 0 0 -1
    outer loop
      vertex -46.4842 59.2817 0
      vertex -50.3689 59.9975 0
      vertex -50.2676 60.4038 0
    endloop
  endfacet
  facet normal 0 0 -1
    outer loop
      vertex -46.4842 59.2817 0
      vertex -50.4416 59.585 0
      vertex -50.3689 59.9975 0
    endloop
  endfacet
  facet normal 0 0 -1
    outer loop
      vertex -46.5542 58.75 0
      vertex -50.4854 59.1685 0
      vertex -50.4416 59.585 0
    endloop
  endfacet
  facet normal 0 0 -1
    outer loop
      vertex 50.4416 -59.585 0
      vertex 46.4842 -59.2817 0
      vertex 46.5542 -58.75 0
    endloop
  endfacet
  facet normal 0 0 -1
    outer loop
      vertex 45.0317 -60.7342 0
      vertex 46.7476 -64.3131 0
      vertex 46.3541 -64.4563 0
    endloop
  endfacet
  facet normal 0 0 -1
    outer loop
      vertex 47.1302 -64.1428 0
      vertex 46.279 -59.7771 0
      vertex 46.4842 -59.2817 0
    endloop
  endfacet
  facet normal 0 0 -1
    outer loop
      vertex 47.1302 -64.1428 0
      vertex 45.9525 -60.2025 0
      vertex 46.279 -59.7771 0
    endloop
  endfacet
  facet normal 0 0 -1
    outer loop
      vertex 45.0317 -60.7342 0
      vertex 46.3541 -64.4563 0
      vertex 45.9515 -64.5718 0
    endloop
  endfacet
  facet normal 0 0 -1
    outer loop
      vertex 45.0317 -60.7342 0
      vertex 45.9515 -64.5718 0
      vertex 45.5419 -64.6588 0
    endloop
  endfacet
  facet normal 0 0 -1
    outer loop
      vertex 47.1302 -64.1428 0
      vertex 45.5271 -60.529 0
      vertex 45.9525 -60.2025 0
    endloop
  endfacet
  facet normal 0 0 -1
    outer loop
      vertex 45.0317 -60.7342 0
      vertex 45.5419 -64.6588 0
      vertex 45.1272 -64.7171 0
    endloop
  endfacet
  facet normal 0 0 -1
    outer loop
      vertex 46.7476 -64.3131 0
      vertex 45.0317 -60.7342 0
      vertex 45.5271 -60.529 0
    endloop
  endfacet
  facet normal 0 0 -1
    outer loop
      vertex 44.5 -60.8042 0
      vertex 45.1272 -64.7171 0
      vertex 44.7094 -64.7463 0
    endloop
  endfacet
  facet normal 0 0 -1
    outer loop
      vertex 45.1272 -64.7171 0
      vertex 44.5 -60.8042 0
      vertex 45.0317 -60.7342 0
    endloop
  endfacet
  facet normal 0 0 -1
    outer loop
      vertex 44.2906 -64.7463 0
      vertex 44.5 -60.8042 0
      vertex 44.7094 -64.7463 0
    endloop
  endfacet
  facet normal 0 0 -1
    outer loop
      vertex 43.8728 -64.7171 0
      vertex 44.5 -60.8042 0
      vertex 44.2906 -64.7463 0
    endloop
  endfacet
  facet normal -0 0 -1
    outer loop
      vertex 44.5 -60.8042 0
      vertex 43.8728 -64.7171 0
      vertex 43.9683 -60.7342 0
    endloop
  endfacet
  facet normal 0 0 -1
    outer loop
      vertex 43.4581 -64.6588 0
      vertex 43.9683 -60.7342 0
      vertex 43.8728 -64.7171 0
    endloop
  endfacet
  facet normal 0 0 -1
    outer loop
      vertex 43.0485 -64.5718 0
      vertex 43.9683 -60.7342 0
      vertex 43.4581 -64.6588 0
    endloop
  endfacet
  facet normal 0 0 -1
    outer loop
      vertex 42.6459 -64.4563 0
      vertex 43.9683 -60.7342 0
      vertex 43.0485 -64.5718 0
    endloop
  endfacet
  facet normal 0 0 -1
    outer loop
      vertex 42.2524 -64.3131 0
      vertex 43.9683 -60.7342 0
      vertex 42.6459 -64.4563 0
    endloop
  endfacet
  facet normal -0 0 -1
    outer loop
      vertex 43.9683 -60.7342 0
      vertex 42.2524 -64.3131 0
      vertex 43.4729 -60.529 0
    endloop
  endfacet
  facet normal 0 0 -1
    outer loop
      vertex 41.8698 -64.1428 0
      vertex 43.4729 -60.529 0
      vertex 42.2524 -64.3131 0
    endloop
  endfacet
  facet normal 0 0 -1
    outer loop
      vertex 41.5 -63.9462 0
      vertex 43.4729 -60.529 0
      vertex 41.8698 -64.1428 0
    endloop
  endfacet
  facet normal 0 0 -1
    outer loop
      vertex 41.1448 -63.7242 0
      vertex 43.4729 -60.529 0
      vertex 41.5 -63.9462 0
    endloop
  endfacet
  facet normal -0 0 -1
    outer loop
      vertex 43.4729 -60.529 0
      vertex 40.806 -63.4781 0
      vertex 43.0475 -60.2025 0
    endloop
  endfacet
  facet normal 0 0 -1
    outer loop
      vertex 40.806 -63.4781 0
      vertex 43.4729 -60.529 0
      vertex 41.1448 -63.7242 0
    endloop
  endfacet
  facet normal 0 0 -1
    outer loop
      vertex 47.705 45.0143 0
      vertex 54.5 49.25 0
      vertex 47.7503 44.67 0
    endloop
  endfacet
  facet normal 0 0 -1
    outer loop
      vertex 54.5 49.25 0
      vertex 47.705 44.3257 0
      vertex 47.7503 44.67 0
    endloop
  endfacet
  facet normal 0 0 -1
    outer loop
      vertex 54.5 -49.25 0
      vertex 47.3607 -43.7293 0
      vertex 54.5 49.25 0
    endloop
  endfacet
  facet normal 0 0 -1
    outer loop
      vertex 54.5 49.25 0
      vertex 47.5721 44.0048 0
      vertex 47.705 44.3257 0
    endloop
  endfacet
  facet normal 0 0 -1
    outer loop
      vertex 47.3607 43.7293 0
      vertex 54.5 49.25 0
      vertex 47.3607 -43.7293 0
    endloop
  endfacet
  facet normal 0 0 -1
    outer loop
      vertex 54.5 49.25 0
      vertex 47.3607 43.7293 0
      vertex 47.5721 44.0048 0
    endloop
  endfacet
  facet normal 0 0 -1
    outer loop
      vertex 47.0852 -43.5179 0
      vertex 47.3607 43.7293 0
      vertex 47.3607 -43.7293 0
    endloop
  endfacet
  facet normal 0 0 -1
    outer loop
      vertex 47.0852 -43.5179 0
      vertex 47.0852 43.5179 0
      vertex 47.3607 43.7293 0
    endloop
  endfacet
  facet normal 0 0 -1
    outer loop
      vertex 46.7643 -43.385 0
      vertex 47.0852 43.5179 0
      vertex 47.0852 -43.5179 0
    endloop
  endfacet
  facet normal 0 0 -1
    outer loop
      vertex 46.7643 -43.385 0
      vertex 46.7643 43.385 0
      vertex 47.0852 43.5179 0
    endloop
  endfacet
  facet normal 0 0 -1
    outer loop
      vertex 46.42 -43.3397 0
      vertex 46.7643 43.385 0
      vertex 46.7643 -43.385 0
    endloop
  endfacet
  facet normal 0 0 -1
    outer loop
      vertex 46.42 -43.3397 0
      vertex 46.42 43.3397 0
      vertex 46.7643 43.385 0
    endloop
  endfacet
  facet normal 0 0 -1
    outer loop
      vertex 46.0757 -43.385 0
      vertex 46.42 43.3397 0
      vertex 46.42 -43.3397 0
    endloop
  endfacet
  facet normal 0 0 -1
    outer loop
      vertex 46.0757 -43.385 0
      vertex 46.0757 43.385 0
      vertex 46.42 43.3397 0
    endloop
  endfacet
  facet normal 0 0 -1
    outer loop
      vertex 45.7548 -43.5179 0
      vertex 46.0757 43.385 0
      vertex 46.0757 -43.385 0
    endloop
  endfacet
  facet normal 0 0 -1
    outer loop
      vertex 45.7548 -43.5179 0
      vertex 45.7548 43.5179 0
      vertex 46.0757 43.385 0
    endloop
  endfacet
  facet normal 0 0 -1
    outer loop
      vertex 45.4793 -43.7293 0
      vertex 45.7548 43.5179 0
      vertex 45.7548 -43.5179 0
    endloop
  endfacet
  facet normal 0 0 -1
    outer loop
      vertex 45.4793 -43.7293 0
      vertex 45.4793 43.7293 0
      vertex 45.7548 43.5179 0
    endloop
  endfacet
  facet normal 0 0 -1
    outer loop
      vertex 45.2679 -44.0048 0
      vertex 45.4793 43.7293 0
      vertex 45.4793 -43.7293 0
    endloop
  endfacet
  facet normal 0 0 -1
    outer loop
      vertex 45.2679 -44.0048 0
      vertex 45.2679 44.0048 0
      vertex 45.4793 43.7293 0
    endloop
  endfacet
  facet normal 0 0 -1
    outer loop
      vertex 45.135 -44.3257 0
      vertex 45.2679 44.0048 0
      vertex 45.2679 -44.0048 0
    endloop
  endfacet
  facet normal 0 0 -1
    outer loop
      vertex 45.135 -44.3257 0
      vertex 45.135 44.3257 0
      vertex 45.2679 44.0048 0
    endloop
  endfacet
  facet normal 0 0 -1
    outer loop
      vertex 42.5158 -58.2183 0
      vertex 45.135 -44.3257 0
      vertex 45.0897 -44.67 0
    endloop
  endfacet
  facet normal -0 0 -1
    outer loop
      vertex 45.135 -44.3257 0
      vertex 42.5158 -58.2183 0
      vertex 45.135 44.3257 0
    endloop
  endfacet
  facet normal 0 0 -1
    outer loop
      vertex 46.279 -57.7229 0
      vertex 50.5 -52.7479 0
      vertex 50.5 -58.75 0
    endloop
  endfacet
  facet normal 0 0 -1
    outer loop
      vertex 47.705 -44.3257 0
      vertex 50.5 -52.7479 0
      vertex 47.7503 -44.67 0
    endloop
  endfacet
  facet normal 0 0 -1
    outer loop
      vertex 46.5542 -58.75 0
      vertex 50.5 -58.75 0
      vertex 50.4854 -59.1685 0
    endloop
  endfacet
  facet normal 0 0 -1
    outer loop
      vertex 47.3607 -43.7293 0
      vertex 54.5 -49.25 0
      vertex 47.5721 -44.0048 0
    endloop
  endfacet
  facet normal 0 0 -1
    outer loop
      vertex 46.5542 -58.75 0
      vertex 50.4854 -59.1685 0
      vertex 50.4416 -59.585 0
    endloop
  endfacet
  facet normal 0 0 -1
    outer loop
      vertex 47.5721 45.3352 0
      vertex 54.5 49.25 0
      vertex 47.705 45.0143 0
    endloop
  endfacet
  facet normal 0 0 -1
    outer loop
      vertex 46.4842 -59.2817 0
      vertex 50.4416 -59.585 0
      vertex 50.3689 -59.9975 0
    endloop
  endfacet
  facet normal 0 0 -1
    outer loop
      vertex 47.3607 45.6107 0
      vertex 54.5 49.25 0
      vertex 47.5721 45.3352 0
    endloop
  endfacet
  facet normal 0 0 -1
    outer loop
      vertex 46.4842 -59.2817 0
      vertex 50.3689 -59.9975 0
      vertex 50.2676 -60.4038 0
    endloop
  endfacet
  facet normal -0 0 -1
    outer loop
      vertex 54.5 49.25 0
      vertex 47.3607 45.6107 0
      vertex 50.5 52.7479 0
    endloop
  endfacet
  facet normal 0 0 -1
    outer loop
      vertex 46.4842 -59.2817 0
      vertex 50.2676 -60.4038 0
      vertex 50.1382 -60.8021 0
    endloop
  endfacet
  facet normal 0 0 -1
    outer loop
      vertex 47.0852 45.8221 0
      vertex 50.5 52.7479 0
      vertex 47.3607 45.6107 0
    endloop
  endfacet
  facet normal 0 0 -1
    outer loop
      vertex 46.4842 -59.2817 0
      vertex 50.1382 -60.8021 0
      vertex 49.9813 -61.1904 0
    endloop
  endfacet
  facet normal 0 0 -1
    outer loop
      vertex 46.7643 45.955 0
      vertex 50.5 52.7479 0
      vertex 47.0852 45.8221 0
    endloop
  endfacet
  facet normal 0 0 -1
    outer loop
      vertex 46.4842 -59.2817 0
      vertex 49.9813 -61.1904 0
      vertex 49.7977 -61.5668 0
    endloop
  endfacet
  facet normal 0 -0 -1
    outer loop
      vertex 46.279 57.7229 0
      vertex 50.5 52.7479 0
      vertex 45.9525 57.2975 0
    endloop
  endfacet
  facet normal 0 0 -1
    outer loop
      vertex 46.4842 -59.2817 0
      vertex 49.7977 -61.5668 0
      vertex 49.5883 -61.9295 0
    endloop
  endfacet
  facet normal 0 0 -1
    outer loop
      vertex 50.5 52.7479 0
      vertex 46.279 57.7229 0
      vertex 50.5 58.75 0
    endloop
  endfacet
  facet normal 0 0 -1
    outer loop
      vertex 46.4842 -59.2817 0
      vertex 49.5883 -61.9295 0
      vertex 49.3541 -62.2767 0
    endloop
  endfacet
  facet normal 0 -0 -1
    outer loop
      vertex 46.5542 58.75 0
      vertex 50.5 58.75 0
      vertex 46.4842 58.2183 0
    endloop
  endfacet
  facet normal 0 0 -1
    outer loop
      vertex 46.4842 -59.2817 0
      vertex 49.3541 -62.2767 0
      vertex 49.0963 -62.6067 0
    endloop
  endfacet
  facet normal 0 0 -1
    outer loop
      vertex 50.5 58.75 0
      vertex 46.5542 58.75 0
      vertex 50.4854 59.1685 0
    endloop
  endfacet
  facet normal 0 0 -1
    outer loop
      vertex 46.4842 -59.2817 0
      vertex 49.0963 -62.6067 0
      vertex 48.816 -62.9179 0
    endloop
  endfacet
  facet normal 0 0 -1
    outer loop
      vertex 46.4842 59.2817 0
      vertex 50.4416 59.585 0
      vertex 46.5542 58.75 0
    endloop
  endfacet
  facet normal 0 0 -1
    outer loop
      vertex 46.4842 -59.2817 0
      vertex 48.816 -62.9179 0
      vertex 48.5148 -63.2089 0
    endloop
  endfacet
  facet normal -0 0 -1
    outer loop
      vertex 50.4416 59.585 0
      vertex 46.4842 59.2817 0
      vertex 50.3689 59.9975 0
    endloop
  endfacet
  facet normal 0 0 -1
    outer loop
      vertex 46.4842 -59.2817 0
      vertex 48.5148 -63.2089 0
      vertex 48.194 -63.4781 0
    endloop
  endfacet
  facet normal -0 0 -1
    outer loop
      vertex 50.2676 60.4038 0
      vertex 46.4842 59.2817 0
      vertex 50.1382 60.8021 0
    endloop
  endfacet
  facet normal 0 0 -1
    outer loop
      vertex 46.4842 -59.2817 0
      vertex 48.194 -63.4781 0
      vertex 47.8552 -63.7242 0
    endloop
  endfacet
  facet normal -0 0 -1
    outer loop
      vertex 50.1382 60.8021 0
      vertex 46.4842 59.2817 0
      vertex 49.9813 61.1904 0
    endloop
  endfacet
  facet normal -0 0 -1
    outer loop
      vertex 49.9813 61.1904 0
      vertex 46.279 59.7771 0
      vertex 49.7977 61.5668 0
    endloop
  endfacet
  facet normal 0 0 -1
    outer loop
      vertex 50.5 -52.7479 0
      vertex 47.705 -45.0143 0
      vertex 47.7503 -44.67 0
    endloop
  endfacet
  facet normal 0 0 -1
    outer loop
      vertex 50.5 -58.75 0
      vertex 46.4842 -58.2183 0
      vertex 46.279 -57.7229 0
    endloop
  endfacet
  facet normal 0 0 -1
    outer loop
      vertex 46.4842 -59.2817 0
      vertex 47.8552 -63.7242 0
      vertex 47.5 -63.9462 0
    endloop
  endfacet
  facet normal 0 0 -1
    outer loop
      vertex 50.5 -58.75 0
      vertex 46.5542 -58.75 0
      vertex 46.4842 -58.2183 0
    endloop
  endfacet
  facet normal 0 0 -1
    outer loop
      vertex 46.4842 -59.2817 0
      vertex 47.5 -63.9462 0
      vertex 47.1302 -64.1428 0
    endloop
  endfacet
  facet normal 0 0 -1
    outer loop
      vertex 50.5 -52.7479 0
      vertex 47.5721 -45.3352 0
      vertex 47.705 -45.0143 0
    endloop
  endfacet
  facet normal 0 0 -1
    outer loop
      vertex 50.5 -52.7479 0
      vertex 46.279 -57.7229 0
      vertex 45.9525 -57.2975 0
    endloop
  endfacet
  facet normal 0 0 -1
    outer loop
      vertex 45.5271 -60.529 0
      vertex 47.1302 -64.1428 0
      vertex 46.7476 -64.3131 0
    endloop
  endfacet
  facet normal 0 0 -1
    outer loop
      vertex 50.5 -52.7479 0
      vertex 47.3607 -45.6107 0
      vertex 47.5721 -45.3352 0
    endloop
  endfacet
  facet normal 0 0 -1
    outer loop
      vertex 45.5271 -56.971 0
      vertex 50.5 -52.7479 0
      vertex 45.9525 -57.2975 0
    endloop
  endfacet
  facet normal 0 0 -1
    outer loop
      vertex 50.5 -52.7479 0
      vertex 47.0852 -45.8221 0
      vertex 47.3607 -45.6107 0
    endloop
  endfacet
  facet normal 0 0 -1
    outer loop
      vertex 45.0317 -56.7658 0
      vertex 50.5 -52.7479 0
      vertex 45.5271 -56.971 0
    endloop
  endfacet
  facet normal 0 0 -1
    outer loop
      vertex 50.5 -52.7479 0
      vertex 46.7643 -45.955 0
      vertex 47.0852 -45.8221 0
    endloop
  endfacet
  facet normal 0 0 -1
    outer loop
      vertex 44.5 -56.6958 0
      vertex 50.5 -52.7479 0
      vertex 45.0317 -56.7658 0
    endloop
  endfacet
  facet normal 0 0 -1
    outer loop
      vertex 50.5 -52.7479 0
      vertex 46.42 -46.0003 0
      vertex 46.7643 -45.955 0
    endloop
  endfacet
  facet normal 0 0 -1
    outer loop
      vertex 50.5 -52.7479 0
      vertex 46.0757 -45.955 0
      vertex 46.42 -46.0003 0
    endloop
  endfacet
  facet normal -0 0 -1
    outer loop
      vertex 50.5 -52.7479 0
      vertex 44.5 -56.6958 0
      vertex 46.0757 -45.955 0
    endloop
  endfacet
  facet normal -0 0 -1
    outer loop
      vertex 46.0757 -45.955 0
      vertex 44.5 -56.6958 0
      vertex 45.7548 -45.8221 0
    endloop
  endfacet
  facet normal 0 0 -1
    outer loop
      vertex 43.9683 -56.7658 0
      vertex 45.7548 -45.8221 0
      vertex 44.5 -56.6958 0
    endloop
  endfacet
  facet normal -0 0 -1
    outer loop
      vertex 45.7548 -45.8221 0
      vertex 43.9683 -56.7658 0
      vertex 45.4793 -45.6107 0
    endloop
  endfacet
  facet normal -0 0 -1
    outer loop
      vertex 45.4793 -45.6107 0
      vertex 43.4729 -56.971 0
      vertex 45.2679 -45.3352 0
    endloop
  endfacet
  facet normal 0 0 -1
    outer loop
      vertex 43.4729 -56.971 0
      vertex 45.4793 -45.6107 0
      vertex 43.9683 -56.7658 0
    endloop
  endfacet
  facet normal 0 0 -1
    outer loop
      vertex 51.1221 -52.7479 0
      vertex 54.5 -49.25 0
      vertex 54.4915 -49.4941 0
    endloop
  endfacet
  facet normal 0 0 -1
    outer loop
      vertex 47.705 -44.3257 0
      vertex 54.5 -49.25 0
      vertex 50.5 -52.7479 0
    endloop
  endfacet
  facet normal 0 0 -1
    outer loop
      vertex 51.1221 -52.7479 0
      vertex 54.4915 -49.4941 0
      vertex 54.4659 -49.7371 0
    endloop
  endfacet
  facet normal 0 0 -1
    outer loop
      vertex 47.5721 -44.0048 0
      vertex 54.5 -49.25 0
      vertex 47.705 -44.3257 0
    endloop
  endfacet
  facet normal 0 0 -1
    outer loop
      vertex 51.1221 -52.7479 0
      vertex 54.4659 -49.7371 0
      vertex 54.4235 -49.9777 0
    endloop
  endfacet
  facet normal -0 -0 -1
    outer loop
      vertex 51.1221 52.7479 0
      vertex 54.5 49.25 0
      vertex 50.5 52.7479 0
    endloop
  endfacet
  facet normal 0 0 -1
    outer loop
      vertex 51.1221 -52.7479 0
      vertex 54.4235 -49.9777 0
      vertex 54.3644 -50.2147 0
    endloop
  endfacet
  facet normal 0 0 -1
    outer loop
      vertex 54.5 49.25 0
      vertex 51.1221 52.7479 0
      vertex 54.4915 49.4941 0
    endloop
  endfacet
  facet normal 0 0 -1
    outer loop
      vertex 51.1221 -52.7479 0
      vertex 54.3644 -50.2147 0
      vertex 54.2889 -50.4471 0
    endloop
  endfacet
  facet normal 0 0 -1
    outer loop
      vertex 54.4915 49.4941 0
      vertex 51.1221 52.7479 0
      vertex 54.4659 49.7371 0
    endloop
  endfacet
  facet normal 0 0 -1
    outer loop
      vertex 51.1221 -52.7479 0
      vertex 54.2889 -50.4471 0
      vertex 54.1974 -50.6736 0
    endloop
  endfacet
  facet normal 0 0 -1
    outer loop
      vertex 54.4659 49.7371 0
      vertex 51.1221 52.7479 0
      vertex 54.4235 49.9777 0
    endloop
  endfacet
  facet normal 0 0 -1
    outer loop
      vertex 51.1221 -52.7479 0
      vertex 54.1974 -50.6736 0
      vertex 54.0903 -50.8932 0
    endloop
  endfacet
  facet normal 0 0 -1
    outer loop
      vertex 54.4235 49.9777 0
      vertex 51.1221 52.7479 0
      vertex 54.3644 50.2147 0
    endloop
  endfacet
  facet normal 0 0 -1
    outer loop
      vertex 51.1221 -52.7479 0
      vertex 54.0903 -50.8932 0
      vertex 53.9682 -51.1047 0
    endloop
  endfacet
  facet normal 0 0 -1
    outer loop
      vertex 54.3644 50.2147 0
      vertex 51.1221 52.7479 0
      vertex 54.2889 50.4471 0
    endloop
  endfacet
  facet normal 0 0 -1
    outer loop
      vertex 51.1221 -52.7479 0
      vertex 53.9682 -51.1047 0
      vertex 53.8316 -51.3072 0
    endloop
  endfacet
  facet normal 0 0 -1
    outer loop
      vertex 54.2889 50.4471 0
      vertex 51.1221 52.7479 0
      vertex 54.1974 50.6736 0
    endloop
  endfacet
  facet normal 0 0 -1
    outer loop
      vertex 51.1221 -52.7479 0
      vertex 53.8316 -51.3072 0
      vertex 53.6812 -51.4998 0
    endloop
  endfacet
  facet normal 0 0 -1
    outer loop
      vertex 54.1974 50.6736 0
      vertex 51.1221 52.7479 0
      vertex 54.0903 50.8932 0
    endloop
  endfacet
  facet normal 0 0 -1
    outer loop
      vertex 51.1221 -52.7479 0
      vertex 53.6812 -51.4998 0
      vertex 53.5177 -51.6813 0
    endloop
  endfacet
  facet normal 0 0 -1
    outer loop
      vertex 54.0903 50.8932 0
      vertex 51.1221 52.7479 0
      vertex 53.9682 51.1047 0
    endloop
  endfacet
  facet normal 0 0 -1
    outer loop
      vertex 51.1221 -52.7479 0
      vertex 53.5177 -51.6813 0
      vertex 53.342 -51.851 0
    endloop
  endfacet
  facet normal 0 0 -1
    outer loop
      vertex 53.9682 51.1047 0
      vertex 51.1221 52.7479 0
      vertex 53.8316 51.3072 0
    endloop
  endfacet
  facet normal 0 0 -1
    outer loop
      vertex 51.1221 -52.7479 0
      vertex 53.342 -51.851 0
      vertex 53.1548 -52.008 0
    endloop
  endfacet
  facet normal 0 0 -1
    outer loop
      vertex 53.8316 51.3072 0
      vertex 51.1221 52.7479 0
      vertex 53.6812 51.4998 0
    endloop
  endfacet
  facet normal 0 0 -1
    outer loop
      vertex 51.1221 -52.7479 0
      vertex 53.1548 -52.008 0
      vertex 52.9572 -52.1516 0
    endloop
  endfacet
  facet normal 0 0 -1
    outer loop
      vertex 53.6812 51.4998 0
      vertex 51.1221 52.7479 0
      vertex 53.5177 51.6813 0
    endloop
  endfacet
  facet normal 0 0 -1
    outer loop
      vertex 51.1221 -52.7479 0
      vertex 52.9572 -52.1516 0
      vertex 52.75 -52.2811 0
    endloop
  endfacet
  facet normal 0 0 -1
    outer loop
      vertex 53.5177 51.6813 0
      vertex 51.1221 52.7479 0
      vertex 53.342 51.851 0
    endloop
  endfacet
  facet normal 0 0 -1
    outer loop
      vertex 51.1221 -52.7479 0
      vertex 52.75 -52.2811 0
      vertex 52.5343 -52.3958 0
    endloop
  endfacet
  facet normal 0 0 -1
    outer loop
      vertex 53.342 51.851 0
      vertex 51.1221 52.7479 0
      vertex 53.1548 52.008 0
    endloop
  endfacet
  facet normal 0 0 -1
    outer loop
      vertex 51.1221 -52.7479 0
      vertex 52.5343 -52.3958 0
      vertex 52.3111 -52.4951 0
    endloop
  endfacet
  facet normal 0 0 -1
    outer loop
      vertex 53.1548 52.008 0
      vertex 51.1221 52.7479 0
      vertex 52.9572 52.1516 0
    endloop
  endfacet
  facet normal 0 0 -1
    outer loop
      vertex 51.1221 -52.7479 0
      vertex 52.3111 -52.4951 0
      vertex 52.0816 -52.5787 0
    endloop
  endfacet
  facet normal 0 0 -1
    outer loop
      vertex 52.9572 52.1516 0
      vertex 51.1221 52.7479 0
      vertex 52.75 52.2811 0
    endloop
  endfacet
  facet normal 0 0 -1
    outer loop
      vertex 51.1221 -52.7479 0
      vertex 52.0816 -52.5787 0
      vertex 51.8467 -52.646 0
    endloop
  endfacet
  facet normal 0 0 -1
    outer loop
      vertex 52.75 52.2811 0
      vertex 51.1221 52.7479 0
      vertex 52.5343 52.3958 0
    endloop
  endfacet
  facet normal 0 0 -1
    outer loop
      vertex 51.1221 -52.7479 0
      vertex 51.8467 -52.646 0
      vertex 51.6078 -52.6968 0
    endloop
  endfacet
  facet normal 0 0 -1
    outer loop
      vertex 52.5343 52.3958 0
      vertex 51.1221 52.7479 0
      vertex 52.3111 52.4951 0
    endloop
  endfacet
  facet normal 0 0 -1
    outer loop
      vertex 51.1221 -52.7479 0
      vertex 51.6078 -52.6968 0
      vertex 51.3658 -52.7308 0
    endloop
  endfacet
  facet normal 0 0 -1
    outer loop
      vertex 52.3111 52.4951 0
      vertex 51.1221 52.7479 0
      vertex 52.0816 52.5787 0
    endloop
  endfacet
  facet normal 0 0 -1
    outer loop
      vertex 54.5 -49.25 0
      vertex 51.1221 -52.7479 0
      vertex 50.5 -52.7479 0
    endloop
  endfacet
  facet normal 0 0 -1
    outer loop
      vertex 52.0816 52.5787 0
      vertex 51.1221 52.7479 0
      vertex 51.8467 52.646 0
    endloop
  endfacet
  facet normal 0 0 -1
    outer loop
      vertex 51.8467 52.646 0
      vertex 51.1221 52.7479 0
      vertex 51.6078 52.6968 0
    endloop
  endfacet
  facet normal 0 0 -1
    outer loop
      vertex 51.6078 52.6968 0
      vertex 51.1221 52.7479 0
      vertex 51.3658 52.7308 0
    endloop
  endfacet
  facet normal -0 0 -1
    outer loop
      vertex 49.7977 61.5668 0
      vertex 46.279 59.7771 0
      vertex 49.5883 61.9295 0
    endloop
  endfacet
  facet normal 0 0 -1
    outer loop
      vertex 45.9525 60.2025 0
      vertex 49.3541 62.2767 0
      vertex 46.279 59.7771 0
    endloop
  endfacet
  facet normal -0 0 -1
    outer loop
      vertex 49.5883 61.9295 0
      vertex 46.279 59.7771 0
      vertex 49.3541 62.2767 0
    endloop
  endfacet
  facet normal -0 0 -1
    outer loop
      vertex 49.3541 62.2767 0
      vertex 45.9525 60.2025 0
      vertex 49.0963 62.6067 0
    endloop
  endfacet
  facet normal -0 0 -1
    outer loop
      vertex 50.3689 59.9975 0
      vertex 46.4842 59.2817 0
      vertex 50.2676 60.4038 0
    endloop
  endfacet
  facet normal -0 0 -1
    outer loop
      vertex 48.816 62.9179 0
      vertex 45.9525 60.2025 0
      vertex 48.5148 63.2089 0
    endloop
  endfacet
  facet normal 0 -0 -1
    outer loop
      vertex 46.4842 58.2183 0
      vertex 50.5 58.75 0
      vertex 46.279 57.7229 0
    endloop
  endfacet
  facet normal 0 0 -1
    outer loop
      vertex 46.42 46.0003 0
      vertex 50.5 52.7479 0
      vertex 46.7643 45.955 0
    endloop
  endfacet
  facet normal -0 0 -1
    outer loop
      vertex 48.5148 63.2089 0
      vertex 45.9525 60.2025 0
      vertex 48.194 63.4781 0
    endloop
  endfacet
  facet normal 0 0 -1
    outer loop
      vertex 45.5271 60.529 0
      vertex 48.194 63.4781 0
      vertex 45.9525 60.2025 0
    endloop
  endfacet
  facet normal -0 0 -1
    outer loop
      vertex 49.0963 62.6067 0
      vertex 45.9525 60.2025 0
      vertex 48.816 62.9179 0
    endloop
  endfacet
  facet normal 0 0 -1
    outer loop
      vertex 46.0757 45.955 0
      vertex 50.5 52.7479 0
      vertex 46.42 46.0003 0
    endloop
  endfacet
  facet normal 0 0 -1
    outer loop
      vertex 46.279 59.7771 0
      vertex 49.9813 61.1904 0
      vertex 46.4842 59.2817 0
    endloop
  endfacet
  facet normal 0 0 -1
    outer loop
      vertex 44.5 56.6958 0
      vertex 50.5 52.7479 0
      vertex 46.0757 45.955 0
    endloop
  endfacet
  facet normal -0 0 -1
    outer loop
      vertex 50.4854 59.1685 0
      vertex 46.5542 58.75 0
      vertex 50.4416 59.585 0
    endloop
  endfacet
  facet normal 0 0 -1
    outer loop
      vertex 44.5 56.6958 0
      vertex 46.0757 45.955 0
      vertex 45.7548 45.8221 0
    endloop
  endfacet
  facet normal 0 0 -1
    outer loop
      vertex 50.5 52.7479 0
      vertex 45.5271 56.971 0
      vertex 45.9525 57.2975 0
    endloop
  endfacet
  facet normal 0 0 -1
    outer loop
      vertex 43.9683 56.7658 0
      vertex 45.7548 45.8221 0
      vertex 45.4793 45.6107 0
    endloop
  endfacet
  facet normal 0 0 -1
    outer loop
      vertex 43.4729 56.971 0
      vertex 45.4793 45.6107 0
      vertex 45.2679 45.3352 0
    endloop
  endfacet
  facet normal 0 0 -1
    outer loop
      vertex 43.0475 57.2975 0
      vertex 45.2679 45.3352 0
      vertex 45.135 45.0143 0
    endloop
  endfacet
  facet normal 0 0 -1
    outer loop
      vertex 42.721 57.7229 0
      vertex 45.135 45.0143 0
      vertex 45.0897 44.67 0
    endloop
  endfacet
  facet normal 0 0 -1
    outer loop
      vertex 50.5 52.7479 0
      vertex 45.0317 56.7658 0
      vertex 45.5271 56.971 0
    endloop
  endfacet
  facet normal 0 0 -1
    outer loop
      vertex 43.0475 -57.2975 0
      vertex 45.2679 -45.3352 0
      vertex 43.4729 -56.971 0
    endloop
  endfacet
  facet normal -0 0 -1
    outer loop
      vertex 45.2679 -45.3352 0
      vertex 43.0475 -57.2975 0
      vertex 45.135 -45.0143 0
    endloop
  endfacet
  facet normal 0 0 -1
    outer loop
      vertex 50.5 52.7479 0
      vertex 44.5 56.6958 0
      vertex 45.0317 56.7658 0
    endloop
  endfacet
  facet normal 0 0 -1
    outer loop
      vertex 42.721 -57.7229 0
      vertex 45.135 -45.0143 0
      vertex 43.0475 -57.2975 0
    endloop
  endfacet
  facet normal 0 0 -1
    outer loop
      vertex 45.7548 45.8221 0
      vertex 43.9683 56.7658 0
      vertex 44.5 56.6958 0
    endloop
  endfacet
  facet normal -0 0 -1
    outer loop
      vertex 45.135 -45.0143 0
      vertex 42.721 -57.7229 0
      vertex 45.0897 -44.67 0
    endloop
  endfacet
  facet normal 0 0 -1
    outer loop
      vertex 45.4793 45.6107 0
      vertex 43.4729 56.971 0
      vertex 43.9683 56.7658 0
    endloop
  endfacet
  facet normal 0 0 -1
    outer loop
      vertex 42.5158 -58.2183 0
      vertex 45.0897 -44.67 0
      vertex 42.721 -57.7229 0
    endloop
  endfacet
  facet normal 0 0 -1
    outer loop
      vertex 45.2679 45.3352 0
      vertex 43.0475 57.2975 0
      vertex 43.4729 56.971 0
    endloop
  endfacet
  facet normal 0 0 -1
    outer loop
      vertex 42.5158 58.2183 0
      vertex 45.135 44.3257 0
      vertex 42.5158 -58.2183 0
    endloop
  endfacet
  facet normal 0 0 -1
    outer loop
      vertex 45.135 45.0143 0
      vertex 42.721 57.7229 0
      vertex 43.0475 57.2975 0
    endloop
  endfacet
  facet normal 0 0 -1
    outer loop
      vertex 45.135 44.3257 0
      vertex 42.5158 58.2183 0
      vertex 45.0897 44.67 0
    endloop
  endfacet
  facet normal 0 0 -1
    outer loop
      vertex 45.0897 44.67 0
      vertex 42.5158 58.2183 0
      vertex 42.721 57.7229 0
    endloop
  endfacet
  facet normal 0 0 -1
    outer loop
      vertex 42.4458 -58.75 0
      vertex 42.5158 58.2183 0
      vertex 42.5158 -58.2183 0
    endloop
  endfacet
  facet normal -0 0 -1
    outer loop
      vertex 42.5158 58.2183 0
      vertex 42.4458 -58.75 0
      vertex 42.4458 58.75 0
    endloop
  endfacet
  facet normal -0 0 -1
    outer loop
      vertex 48.194 63.4781 0
      vertex 45.5271 60.529 0
      vertex 47.8552 63.7242 0
    endloop
  endfacet
  facet normal -0 0 -1
    outer loop
      vertex 47.8552 63.7242 0
      vertex 45.5271 60.529 0
      vertex 47.5 63.9462 0
    endloop
  endfacet
  facet normal -0 0 -1
    outer loop
      vertex 47.5 63.9462 0
      vertex 45.5271 60.529 0
      vertex 47.1302 64.1428 0
    endloop
  endfacet
  facet normal -0 0 -1
    outer loop
      vertex 47.1302 64.1428 0
      vertex 45.5271 60.529 0
      vertex 46.7476 64.3131 0
    endloop
  endfacet
  facet normal 0 0 -1
    outer loop
      vertex 45.0317 60.7342 0
      vertex 46.7476 64.3131 0
      vertex 45.5271 60.529 0
    endloop
  endfacet
  facet normal -0 0 -1
    outer loop
      vertex 46.7476 64.3131 0
      vertex 45.0317 60.7342 0
      vertex 46.3541 64.4563 0
    endloop
  endfacet
  facet normal -0 0 -1
    outer loop
      vertex 46.3541 64.4563 0
      vertex 45.0317 60.7342 0
      vertex 45.9515 64.5718 0
    endloop
  endfacet
  facet normal -0 0 -1
    outer loop
      vertex 45.9515 64.5718 0
      vertex 45.0317 60.7342 0
      vertex 45.5419 64.6588 0
    endloop
  endfacet
  facet normal -0 0 -1
    outer loop
      vertex 45.5419 64.6588 0
      vertex 45.0317 60.7342 0
      vertex 45.1272 64.7171 0
    endloop
  endfacet
  facet normal 0 0 -1
    outer loop
      vertex 44.5 60.8042 0
      vertex 45.1272 64.7171 0
      vertex 45.0317 60.7342 0
    endloop
  endfacet
  facet normal -0 0 -1
    outer loop
      vertex 45.1272 64.7171 0
      vertex 44.5 60.8042 0
      vertex 44.7094 64.7463 0
    endloop
  endfacet
  facet normal 0 0 -1
    outer loop
      vertex 44.5 60.8042 0
      vertex 44.2906 64.7463 0
      vertex 44.7094 64.7463 0
    endloop
  endfacet
  facet normal 0 0 -1
    outer loop
      vertex 43.8728 64.7171 0
      vertex 44.5 60.8042 0
      vertex 43.9683 60.7342 0
    endloop
  endfacet
  facet normal 0 0 -1
    outer loop
      vertex 44.5 60.8042 0
      vertex 43.8728 64.7171 0
      vertex 44.2906 64.7463 0
    endloop
  endfacet
  facet normal 0 0 -1
    outer loop
      vertex 42.2524 64.3131 0
      vertex 43.9683 60.7342 0
      vertex 43.4729 60.529 0
    endloop
  endfacet
  facet normal 0 0 -1
    outer loop
      vertex 43.9683 60.7342 0
      vertex 43.4581 64.6588 0
      vertex 43.8728 64.7171 0
    endloop
  endfacet
  facet normal 0 0 -1
    outer loop
      vertex 43.9683 60.7342 0
      vertex 43.0485 64.5718 0
      vertex 43.4581 64.6588 0
    endloop
  endfacet
  facet normal 0 0 -1
    outer loop
      vertex 40.806 63.4781 0
      vertex 43.4729 60.529 0
      vertex 43.0475 60.2025 0
    endloop
  endfacet
  facet normal 0 0 -1
    outer loop
      vertex 39.6459 62.2767 0
      vertex 43.0475 60.2025 0
      vertex 42.721 59.7771 0
    endloop
  endfacet
  facet normal 0 0 -1
    outer loop
      vertex 43.9683 60.7342 0
      vertex 42.6459 64.4563 0
      vertex 43.0485 64.5718 0
    endloop
  endfacet
  facet normal 0 0 -1
    outer loop
      vertex 39.0187 61.1904 0
      vertex 42.721 59.7771 0
      vertex 42.5158 59.2817 0
    endloop
  endfacet
  facet normal 0 0 -1
    outer loop
      vertex 38.5584 59.585 0
      vertex 42.5158 59.2817 0
      vertex 42.4458 58.75 0
    endloop
  endfacet
  facet normal 0 0 -1
    outer loop
      vertex 43.9683 60.7342 0
      vertex 42.2524 64.3131 0
      vertex 42.6459 64.4563 0
    endloop
  endfacet
  facet normal 0 0 -1
    outer loop
      vertex 42.4458 -58.75 0
      vertex 38.5 -52.7479 0
      vertex 42.4458 58.75 0
    endloop
  endfacet
  facet normal 0 0 -1
    outer loop
      vertex 40.4852 -63.2089 0
      vertex 43.0475 -60.2025 0
      vertex 40.806 -63.4781 0
    endloop
  endfacet
  facet normal 0 0 -1
    outer loop
      vertex 38.5 52.7479 0
      vertex 42.4458 58.75 0
      vertex 38.5 -52.7479 0
    endloop
  endfacet
  facet normal 0 0 -1
    outer loop
      vertex 40.184 -62.9179 0
      vertex 43.0475 -60.2025 0
      vertex 40.4852 -63.2089 0
    endloop
  endfacet
  facet normal 0 0 -1
    outer loop
      vertex 38.5 58.75 0
      vertex 42.4458 58.75 0
      vertex 38.5 52.7479 0
    endloop
  endfacet
  facet normal 0 0 -1
    outer loop
      vertex 39.9037 -62.6067 0
      vertex 43.0475 -60.2025 0
      vertex 40.184 -62.9179 0
    endloop
  endfacet
  facet normal 0 -0 -1
    outer loop
      vertex 38.5146 59.1685 0
      vertex 42.4458 58.75 0
      vertex 38.5 58.75 0
    endloop
  endfacet
  facet normal 0 0 -1
    outer loop
      vertex 39.6459 -62.2767 0
      vertex 43.0475 -60.2025 0
      vertex 39.9037 -62.6067 0
    endloop
  endfacet
  facet normal 0 0 -1
    outer loop
      vertex 43.4729 60.529 0
      vertex 41.8698 64.1428 0
      vertex 42.2524 64.3131 0
    endloop
  endfacet
  facet normal -0 0 -1
    outer loop
      vertex 43.0475 -60.2025 0
      vertex 39.6459 -62.2767 0
      vertex 42.721 -59.7771 0
    endloop
  endfacet
  facet normal 0 0 -1
    outer loop
      vertex 43.4729 60.529 0
      vertex 41.5 63.9462 0
      vertex 41.8698 64.1428 0
    endloop
  endfacet
  facet normal 0 0 -1
    outer loop
      vertex 39.4117 -61.9295 0
      vertex 42.721 -59.7771 0
      vertex 39.6459 -62.2767 0
    endloop
  endfacet
  facet normal 0 0 -1
    outer loop
      vertex 43.4729 60.529 0
      vertex 41.1448 63.7242 0
      vertex 41.5 63.9462 0
    endloop
  endfacet
  facet normal 0 0 -1
    outer loop
      vertex 39.2023 -61.5668 0
      vertex 42.721 -59.7771 0
      vertex 39.4117 -61.9295 0
    endloop
  endfacet
  facet normal 0 0 -1
    outer loop
      vertex 43.4729 60.529 0
      vertex 40.806 63.4781 0
      vertex 41.1448 63.7242 0
    endloop
  endfacet
  facet normal 0 0 -1
    outer loop
      vertex 39.0187 -61.1904 0
      vertex 42.721 -59.7771 0
      vertex 39.2023 -61.5668 0
    endloop
  endfacet
  facet normal 0 0 -1
    outer loop
      vertex 43.0475 60.2025 0
      vertex 40.4852 63.2089 0
      vertex 40.806 63.4781 0
    endloop
  endfacet
  facet normal -0 0 -1
    outer loop
      vertex 42.721 -59.7771 0
      vertex 39.0187 -61.1904 0
      vertex 42.5158 -59.2817 0
    endloop
  endfacet
  facet normal 0 0 -1
    outer loop
      vertex 43.0475 60.2025 0
      vertex 40.184 62.9179 0
      vertex 40.4852 63.2089 0
    endloop
  endfacet
  facet normal 0 0 -1
    outer loop
      vertex 38.8618 -60.8021 0
      vertex 42.5158 -59.2817 0
      vertex 39.0187 -61.1904 0
    endloop
  endfacet
  facet normal 0 0 -1
    outer loop
      vertex 43.0475 60.2025 0
      vertex 39.9037 62.6067 0
      vertex 40.184 62.9179 0
    endloop
  endfacet
  facet normal 0 0 -1
    outer loop
      vertex 38.7324 -60.4038 0
      vertex 42.5158 -59.2817 0
      vertex 38.8618 -60.8021 0
    endloop
  endfacet
  facet normal 0 0 -1
    outer loop
      vertex 43.0475 60.2025 0
      vertex 39.6459 62.2767 0
      vertex 39.9037 62.6067 0
    endloop
  endfacet
  facet normal 0 0 -1
    outer loop
      vertex 38.6311 -59.9975 0
      vertex 42.5158 -59.2817 0
      vertex 38.7324 -60.4038 0
    endloop
  endfacet
  facet normal 0 0 -1
    outer loop
      vertex 42.721 59.7771 0
      vertex 39.4117 61.9295 0
      vertex 39.6459 62.2767 0
    endloop
  endfacet
  facet normal 0 0 -1
    outer loop
      vertex 38.5584 -59.585 0
      vertex 42.5158 -59.2817 0
      vertex 38.6311 -59.9975 0
    endloop
  endfacet
  facet normal 0 0 -1
    outer loop
      vertex 42.721 59.7771 0
      vertex 39.2023 61.5668 0
      vertex 39.4117 61.9295 0
    endloop
  endfacet
  facet normal -0 0 -1
    outer loop
      vertex 42.5158 -59.2817 0
      vertex 38.5584 -59.585 0
      vertex 42.4458 -58.75 0
    endloop
  endfacet
  facet normal 0 0 -1
    outer loop
      vertex 42.721 59.7771 0
      vertex 39.0187 61.1904 0
      vertex 39.2023 61.5668 0
    endloop
  endfacet
  facet normal 0 0 -1
    outer loop
      vertex 38.5146 -59.1685 0
      vertex 42.4458 -58.75 0
      vertex 38.5584 -59.585 0
    endloop
  endfacet
  facet normal 0 0 -1
    outer loop
      vertex 42.5158 59.2817 0
      vertex 38.8618 60.8021 0
      vertex 39.0187 61.1904 0
    endloop
  endfacet
  facet normal -0 0 -1
    outer loop
      vertex 42.4458 -58.75 0
      vertex 38.5146 -59.1685 0
      vertex 38.5 -58.75 0
    endloop
  endfacet
  facet normal 0 0 -1
    outer loop
      vertex 42.5158 59.2817 0
      vertex 38.7324 60.4038 0
      vertex 38.8618 60.8021 0
    endloop
  endfacet
  facet normal 0 0 -1
    outer loop
      vertex 42.4458 -58.75 0
      vertex 38.5 -58.75 0
      vertex 38.5 -52.7479 0
    endloop
  endfacet
  facet normal 0 0 -1
    outer loop
      vertex 42.5158 59.2817 0
      vertex 38.6311 59.9975 0
      vertex 38.7324 60.4038 0
    endloop
  endfacet
  facet normal 0 0 -1
    outer loop
      vertex 42.5158 59.2817 0
      vertex 38.5584 59.585 0
      vertex 38.6311 59.9975 0
    endloop
  endfacet
  facet normal 0 0 -1
    outer loop
      vertex 42.4458 58.75 0
      vertex 38.5146 59.1685 0
      vertex 38.5584 59.585 0
    endloop
  endfacet
  facet normal 0.20767 0.978199 -0
    outer loop
      vertex -43.0981 -40.6197 3
      vertex -43.1664 -40.6052 6
      vertex -43.0981 -40.6197 6
    endloop
  endfacet
  facet normal 0.20767 0.978199 0
    outer loop
      vertex -43.1664 -40.6052 6
      vertex -43.0981 -40.6197 3
      vertex -43.1664 -40.6052 3
    endloop
  endfacet
  facet normal 0.743365 0.668886 0
    outer loop
      vertex -42.574 -40.9472 6
      vertex -42.6207 -40.8953 3
      vertex -42.6207 -40.8953 6
    endloop
  endfacet
  facet normal 0.743365 0.668886 0
    outer loop
      vertex -42.6207 -40.8953 3
      vertex -42.574 -40.9472 6
      vertex -42.574 -40.9472 3
    endloop
  endfacet
  facet normal 0.95095 0.309345 0
    outer loop
      vertex -42.3787 -41.3144 6
      vertex -42.4003 -41.248 3
      vertex -42.4003 -41.248 6
    endloop
  endfacet
  facet normal 0.95095 0.309345 0
    outer loop
      vertex -42.4003 -41.248 3
      vertex -42.3787 -41.3144 6
      vertex -42.3787 -41.3144 3
    endloop
  endfacet
  facet normal 0.40667 0.913575 -0
    outer loop
      vertex -42.9016 -40.6912 3
      vertex -42.9654 -40.6628 6
      vertex -42.9016 -40.6912 6
    endloop
  endfacet
  facet normal 0.40667 0.913575 0
    outer loop
      vertex -42.9654 -40.6628 6
      vertex -42.9016 -40.6912 3
      vertex -42.9654 -40.6628 3
    endloop
  endfacet
  facet normal 0.970563 0.240849 0
    outer loop
      vertex -42.3619 -41.3821 6
      vertex -42.3787 -41.3144 3
      vertex -42.3787 -41.3144 6
    endloop
  endfacet
  facet normal 0.970563 0.240849 0
    outer loop
      vertex -42.3787 -41.3144 3
      vertex -42.3619 -41.3821 6
      vertex -42.3619 -41.3821 3
    endloop
  endfacet
  facet normal 0.865851 0.500301 0
    outer loop
      vertex -42.4571 -41.1205 6
      vertex -42.492 -41.0601 3
      vertex -42.492 -41.0601 6
    endloop
  endfacet
  facet normal 0.865851 0.500301 0
    outer loop
      vertex -42.492 -41.0601 3
      vertex -42.4571 -41.1205 6
      vertex -42.4571 -41.1205 3
    endloop
  endfacet
  facet normal 0.898961 0.438029 0
    outer loop
      vertex -42.4265 -41.1833 6
      vertex -42.4571 -41.1205 3
      vertex -42.4571 -41.1205 6
    endloop
  endfacet
  facet normal 0.898961 0.438029 0
    outer loop
      vertex -42.4571 -41.1205 3
      vertex -42.4265 -41.1833 6
      vertex -42.4265 -41.1833 3
    endloop
  endfacet
  facet normal 0.866812 -0.498635 0
    outer loop
      vertex -42.4743 -50.2494 6
      vertex -42.4571 -50.2195 3
      vertex -42.4571 -50.2195 6
    endloop
  endfacet
  facet normal 0.866812 -0.498635 0
    outer loop
      vertex -42.4571 -50.2195 3
      vertex -42.4743 -50.2494 6
      vertex -42.4743 -50.2494 3
    endloop
  endfacet
  facet normal 0.139013 0.990291 -0
    outer loop
      vertex -43.1664 -40.6052 3
      vertex -43.2355 -40.5955 6
      vertex -43.1664 -40.6052 6
    endloop
  endfacet
  facet normal 0.139013 0.990291 0
    outer loop
      vertex -43.2355 -40.5955 6
      vertex -43.1664 -40.6052 3
      vertex -43.2355 -40.5955 3
    endloop
  endfacet
  facet normal 0.95095 -0.309345 0
    outer loop
      vertex -42.4003 -50.092 6
      vertex -42.3787 -50.0256 3
      vertex -42.3787 -50.0256 6
    endloop
  endfacet
  facet normal 0.95095 -0.309345 0
    outer loop
      vertex -42.3787 -50.0256 3
      vertex -42.4003 -50.092 6
      vertex -42.4003 -50.092 3
    endloop
  endfacet
  facet normal -0.20767 0.978199 0
    outer loop
      vertex -51.6736 -40.6052 3
      vertex -51.7419 -40.6197 6
      vertex -51.6736 -40.6052 6
    endloop
  endfacet
  facet normal -0.20767 0.978199 0
    outer loop
      vertex -51.7419 -40.6197 6
      vertex -51.6736 -40.6052 3
      vertex -51.7419 -40.6197 3
    endloop
  endfacet
  facet normal -0.40667 0.913575 0
    outer loop
      vertex -51.8746 -40.6628 3
      vertex -51.9384 -40.6912 6
      vertex -51.8746 -40.6628 6
    endloop
  endfacet
  facet normal -0.40667 0.913575 0
    outer loop
      vertex -51.9384 -40.6912 6
      vertex -51.8746 -40.6628 3
      vertex -51.9384 -40.6912 3
    endloop
  endfacet
  facet normal 0.984595 -0.174848 0
    outer loop
      vertex -42.3619 -49.9579 6
      vertex -42.3497 -49.8892 3
      vertex -42.3497 -49.8892 6
    endloop
  endfacet
  facet normal 0.984595 -0.174848 0
    outer loop
      vertex -42.3497 -49.8892 3
      vertex -42.3619 -49.9579 6
      vertex -42.3619 -49.9579 3
    endloop
  endfacet
  facet normal 0.898961 -0.438029 0
    outer loop
      vertex -42.4571 -50.2195 6
      vertex -42.4265 -50.1567 3
      vertex -42.4265 -50.1567 6
    endloop
  endfacet
  facet normal 0.898961 -0.438029 0
    outer loop
      vertex -42.4265 -50.1567 3
      vertex -42.4571 -50.2195 6
      vertex -42.4571 -50.2195 3
    endloop
  endfacet
  facet normal 0 0 1
    outer loop
      vertex -42.34 -41.59 6
      vertex -45.135 -44.3257 6
      vertex -45.0897 -44.67 6
    endloop
  endfacet
  facet normal 0 0 1
    outer loop
      vertex -42.34 -41.59 6
      vertex -45.2679 -44.0048 6
      vertex -45.135 -44.3257 6
    endloop
  endfacet
  facet normal 0 0 1
    outer loop
      vertex -42.34 -41.59 6
      vertex -45.4793 -43.7293 6
      vertex -45.2679 -44.0048 6
    endloop
  endfacet
  facet normal 0 0 1
    outer loop
      vertex -43.3051 -40.5906 6
      vertex -45.7548 -43.5179 6
      vertex -45.4793 -43.7293 6
    endloop
  endfacet
  facet normal 0 0 1
    outer loop
      vertex -43.3051 -40.5906 6
      vertex -46.0757 -43.385 6
      vertex -45.7548 -43.5179 6
    endloop
  endfacet
  facet normal 0 0 1
    outer loop
      vertex -43.3051 -40.5906 6
      vertex -46.42 -43.3397 6
      vertex -46.0757 -43.385 6
    endloop
  endfacet
  facet normal 0 0 1
    outer loop
      vertex -43.3051 -40.5906 6
      vertex -46.7643 -43.385 6
      vertex -46.42 -43.3397 6
    endloop
  endfacet
  facet normal -0 0 1
    outer loop
      vertex -51.5349 -40.5906 6
      vertex -46.7643 -43.385 6
      vertex -43.3051 -40.5906 6
    endloop
  endfacet
  facet normal 0 0 1
    outer loop
      vertex -46.7643 -43.385 6
      vertex -51.5349 -40.5906 6
      vertex -47.0852 -43.5179 6
    endloop
  endfacet
  facet normal 0 0 1
    outer loop
      vertex -52 -40.724 6
      vertex -47.7503 -44.67 6
      vertex -47.705 -44.3257 6
    endloop
  endfacet
  facet normal 0 0 1
    outer loop
      vertex -51.5349 -40.5906 6
      vertex -47.705 -44.3257 6
      vertex -47.5721 -44.0048 6
    endloop
  endfacet
  facet normal 0 0 1
    outer loop
      vertex -47.7503 -44.67 6
      vertex -52 -49.25 6
      vertex -51.0349 -50.2494 6
    endloop
  endfacet
  facet normal 0 0 1
    outer loop
      vertex -51.0349 -50.2494 6
      vertex -52 -49.25 6
      vertex -51.1045 -50.2445 6
    endloop
  endfacet
  facet normal 0 0 1
    outer loop
      vertex -51.1045 -50.2445 6
      vertex -52 -49.25 6
      vertex -51.1736 -50.2348 6
    endloop
  endfacet
  facet normal 0 0 1
    outer loop
      vertex -51.1736 -50.2348 6
      vertex -52 -49.25 6
      vertex -51.2419 -50.2203 6
    endloop
  endfacet
  facet normal 0 0 1
    outer loop
      vertex -51.2419 -50.2203 6
      vertex -52 -49.25 6
      vertex -51.309 -50.2011 6
    endloop
  endfacet
  facet normal 0 0 1
    outer loop
      vertex -51.309 -50.2011 6
      vertex -52 -49.25 6
      vertex -51.3746 -50.1772 6
    endloop
  endfacet
  facet normal 0 0 1
    outer loop
      vertex -51.3746 -50.1772 6
      vertex -52 -49.25 6
      vertex -51.4384 -50.1488 6
    endloop
  endfacet
  facet normal 0 0 1
    outer loop
      vertex -47.0852 -43.5179 6
      vertex -51.5349 -40.5906 6
      vertex -47.3607 -43.7293 6
    endloop
  endfacet
  facet normal 0 0 1
    outer loop
      vertex -51.5349 -40.5906 6
      vertex -47.5721 -44.0048 6
      vertex -47.3607 -43.7293 6
    endloop
  endfacet
  facet normal 0 0 1
    outer loop
      vertex -47.705 -44.3257 6
      vertex -51.5349 -40.5906 6
      vertex -52 -40.724 6
    endloop
  endfacet
  facet normal 0 0 1
    outer loop
      vertex -51.4384 -50.1488 6
      vertex -52 -49.25 6
      vertex -51.5 -50.116 6
    endloop
  endfacet
  facet normal 0 0 1
    outer loop
      vertex -52 -40.724 6
      vertex -51.5349 -40.5906 6
      vertex -51.6045 -40.5955 6
    endloop
  endfacet
  facet normal 0 0 1
    outer loop
      vertex -51.5 -50.116 6
      vertex -52 -49.25 6
      vertex -51.5592 -50.079 6
    endloop
  endfacet
  facet normal 0 0 1
    outer loop
      vertex -51.5592 -50.079 6
      vertex -52 -49.25 6
      vertex -51.6157 -50.038 6
    endloop
  endfacet
  facet normal 0 0 1
    outer loop
      vertex -52 -40.724 6
      vertex -51.6045 -40.5955 6
      vertex -51.6736 -40.6052 6
    endloop
  endfacet
  facet normal 0 0 1
    outer loop
      vertex -51.6157 -50.038 6
      vertex -52 -49.25 6
      vertex -51.6691 -49.9931 6
    endloop
  endfacet
  facet normal 0 0 1
    outer loop
      vertex -52 -40.724 6
      vertex -51.6736 -40.6052 6
      vertex -51.7419 -40.6197 6
    endloop
  endfacet
  facet normal 0 0 1
    outer loop
      vertex -51.6691 -49.9931 6
      vertex -52 -49.25 6
      vertex -51.7193 -49.9447 6
    endloop
  endfacet
  facet normal 0 0 1
    outer loop
      vertex -52 -40.724 6
      vertex -51.7419 -40.6197 6
      vertex -51.809 -40.6389 6
    endloop
  endfacet
  facet normal 0 0 1
    outer loop
      vertex -51.7193 -49.9447 6
      vertex -52 -49.25 6
      vertex -51.766 -49.8928 6
    endloop
  endfacet
  facet normal 0 0 1
    outer loop
      vertex -51.766 -49.8928 6
      vertex -52 -49.25 6
      vertex -51.809 -49.8378 6
    endloop
  endfacet
  facet normal 0 0 1
    outer loop
      vertex -52 -40.724 6
      vertex -51.809 -40.6389 6
      vertex -51.8746 -40.6628 6
    endloop
  endfacet
  facet normal 0 0 1
    outer loop
      vertex -51.809 -49.8378 6
      vertex -52 -49.25 6
      vertex -51.848 -49.7799 6
    endloop
  endfacet
  facet normal 0 0 1
    outer loop
      vertex -51.848 -49.7799 6
      vertex -52 -49.25 6
      vertex -51.8829 -49.7195 6
    endloop
  endfacet
  facet normal 0 0 1
    outer loop
      vertex -52 -40.724 6
      vertex -51.8746 -40.6628 6
      vertex -51.9384 -40.6912 6
    endloop
  endfacet
  facet normal 0 0 1
    outer loop
      vertex -51.8829 -49.7195 6
      vertex -52 -49.25 6
      vertex -51.9135 -49.6567 6
    endloop
  endfacet
  facet normal 0 0 1
    outer loop
      vertex -51.9135 -49.6567 6
      vertex -52 -49.25 6
      vertex -51.9397 -49.592 6
    endloop
  endfacet
  facet normal 0 0 1
    outer loop
      vertex -51.9397 -49.592 6
      vertex -52 -49.25 6
      vertex -51.9613 -49.5256 6
    endloop
  endfacet
  facet normal 0 0 1
    outer loop
      vertex -51.9613 -49.5256 6
      vertex -52 -49.25 6
      vertex -51.9781 -49.4579 6
    endloop
  endfacet
  facet normal 0 0 1
    outer loop
      vertex -51.9781 -49.4579 6
      vertex -52 -49.25 6
      vertex -51.9903 -49.3892 6
    endloop
  endfacet
  facet normal 0 0 1
    outer loop
      vertex -47.7503 -44.67 6
      vertex -52 -40.724 6
      vertex -52 -49.25 6
    endloop
  endfacet
  facet normal 0 0 1
    outer loop
      vertex -51.9903 -49.3892 6
      vertex -52 -49.25 6
      vertex -51.9976 -49.3198 6
    endloop
  endfacet
  facet normal 0 0 1
    outer loop
      vertex -43.3051 -40.5906 6
      vertex -42.34 -41.59 6
      vertex -42.3424 -41.5202 6
    endloop
  endfacet
  facet normal 0 0 1
    outer loop
      vertex -42.34 -41.59 6
      vertex -45.135 -45.0143 6
      vertex -42.34 -49.75 6
    endloop
  endfacet
  facet normal 0 0 1
    outer loop
      vertex -43.3051 -40.5906 6
      vertex -42.3424 -41.5202 6
      vertex -42.3497 -41.4508 6
    endloop
  endfacet
  facet normal -0 0 1
    outer loop
      vertex -45.2679 -45.3352 6
      vertex -42.34 -49.75 6
      vertex -45.135 -45.0143 6
    endloop
  endfacet
  facet normal 0 0 1
    outer loop
      vertex -43.3051 -40.5906 6
      vertex -42.3497 -41.4508 6
      vertex -42.3619 -41.3821 6
    endloop
  endfacet
  facet normal -0 0 1
    outer loop
      vertex -45.4793 -45.6107 6
      vertex -42.34 -49.75 6
      vertex -45.2679 -45.3352 6
    endloop
  endfacet
  facet normal 0 0 1
    outer loop
      vertex -43.3051 -40.5906 6
      vertex -42.3619 -41.3821 6
      vertex -42.3787 -41.3144 6
    endloop
  endfacet
  facet normal -0 0 1
    outer loop
      vertex -45.7548 -45.8221 6
      vertex -42.34 -49.75 6
      vertex -45.4793 -45.6107 6
    endloop
  endfacet
  facet normal 0 0 1
    outer loop
      vertex -43.3051 -40.5906 6
      vertex -42.3787 -41.3144 6
      vertex -42.4003 -41.248 6
    endloop
  endfacet
  facet normal -0 0 1
    outer loop
      vertex -46.0757 -45.955 6
      vertex -42.34 -49.75 6
      vertex -45.7548 -45.8221 6
    endloop
  endfacet
  facet normal 0 0 1
    outer loop
      vertex -43.3051 -40.5906 6
      vertex -42.4003 -41.248 6
      vertex -42.4265 -41.1833 6
    endloop
  endfacet
  facet normal 0 -0 1
    outer loop
      vertex -42.4743 -50.2494 6
      vertex -42.34 -49.75 6
      vertex -46.0757 -45.955 6
    endloop
  endfacet
  facet normal 0 0 1
    outer loop
      vertex -43.3051 -40.5906 6
      vertex -42.4265 -41.1833 6
      vertex -42.4571 -41.1205 6
    endloop
  endfacet
  facet normal 0 0 1
    outer loop
      vertex -42.34 -49.75 6
      vertex -42.4743 -50.2494 6
      vertex -42.3424 -49.8198 6
    endloop
  endfacet
  facet normal 0 0 1
    outer loop
      vertex -42.3424 -49.8198 6
      vertex -42.4743 -50.2494 6
      vertex -42.3497 -49.8892 6
    endloop
  endfacet
  facet normal 0 0 1
    outer loop
      vertex -43.3051 -40.5906 6
      vertex -42.4571 -41.1205 6
      vertex -42.492 -41.0601 6
    endloop
  endfacet
  facet normal 0 0 1
    outer loop
      vertex -43.3051 -40.5906 6
      vertex -42.492 -41.0601 6
      vertex -42.531 -41.0022 6
    endloop
  endfacet
  facet normal 0 0 1
    outer loop
      vertex -43.3051 -40.5906 6
      vertex -42.531 -41.0022 6
      vertex -42.574 -40.9472 6
    endloop
  endfacet
  facet normal 0 0 1
    outer loop
      vertex -43.3051 -40.5906 6
      vertex -42.574 -40.9472 6
      vertex -42.6207 -40.8953 6
    endloop
  endfacet
  facet normal 0 0 1
    outer loop
      vertex -43.3051 -40.5906 6
      vertex -42.6207 -40.8953 6
      vertex -42.6709 -40.8469 6
    endloop
  endfacet
  facet normal 0 0 1
    outer loop
      vertex -43.3051 -40.5906 6
      vertex -42.6709 -40.8469 6
      vertex -42.7243 -40.802 6
    endloop
  endfacet
  facet normal 0 0 1
    outer loop
      vertex -43.3051 -40.5906 6
      vertex -42.7243 -40.802 6
      vertex -42.7808 -40.761 6
    endloop
  endfacet
  facet normal 0 0 1
    outer loop
      vertex -43.3051 -40.5906 6
      vertex -42.7808 -40.761 6
      vertex -42.84 -40.724 6
    endloop
  endfacet
  facet normal 0 0 1
    outer loop
      vertex -43.3051 -40.5906 6
      vertex -42.84 -40.724 6
      vertex -42.9016 -40.6912 6
    endloop
  endfacet
  facet normal 0 0 1
    outer loop
      vertex -43.3051 -40.5906 6
      vertex -42.9016 -40.6912 6
      vertex -42.9654 -40.6628 6
    endloop
  endfacet
  facet normal 0 0 1
    outer loop
      vertex -43.3051 -40.5906 6
      vertex -42.9654 -40.6628 6
      vertex -43.031 -40.6389 6
    endloop
  endfacet
  facet normal 0 0 1
    outer loop
      vertex -43.3051 -40.5906 6
      vertex -43.031 -40.6389 6
      vertex -43.0981 -40.6197 6
    endloop
  endfacet
  facet normal 0 0 1
    outer loop
      vertex -43.3051 -40.5906 6
      vertex -43.0981 -40.6197 6
      vertex -43.1664 -40.6052 6
    endloop
  endfacet
  facet normal 0 0 1
    outer loop
      vertex -43.3051 -40.5906 6
      vertex -43.1664 -40.6052 6
      vertex -43.2355 -40.5955 6
    endloop
  endfacet
  facet normal 0 0 1
    outer loop
      vertex -45.4793 -43.7293 6
      vertex -42.34 -41.59 6
      vertex -43.3051 -40.5906 6
    endloop
  endfacet
  facet normal 0 0 1
    outer loop
      vertex -42.34 -41.59 6
      vertex -45.0897 -44.67 6
      vertex -45.135 -45.0143 6
    endloop
  endfacet
  facet normal 0 0 1
    outer loop
      vertex -42.3497 -49.8892 6
      vertex -42.4743 -50.2494 6
      vertex -42.3619 -49.9579 6
    endloop
  endfacet
  facet normal 0 0 1
    outer loop
      vertex -42.3619 -49.9579 6
      vertex -42.4743 -50.2494 6
      vertex -42.3787 -50.0256 6
    endloop
  endfacet
  facet normal 0 0 1
    outer loop
      vertex -42.3787 -50.0256 6
      vertex -42.4743 -50.2494 6
      vertex -42.4003 -50.092 6
    endloop
  endfacet
  facet normal 0 0 1
    outer loop
      vertex -42.4003 -50.092 6
      vertex -42.4743 -50.2494 6
      vertex -42.4265 -50.1567 6
    endloop
  endfacet
  facet normal 0 0 1
    outer loop
      vertex -42.4265 -50.1567 6
      vertex -42.4743 -50.2494 6
      vertex -42.4571 -50.2195 6
    endloop
  endfacet
  facet normal -0 0 1
    outer loop
      vertex -46.42 -46.0003 6
      vertex -42.4743 -50.2494 6
      vertex -46.0757 -45.955 6
    endloop
  endfacet
  facet normal 0 0 1
    outer loop
      vertex -51.0349 -50.2494 6
      vertex -46.42 -46.0003 6
      vertex -46.7643 -45.955 6
    endloop
  endfacet
  facet normal 0 0 1
    outer loop
      vertex -51.0349 -50.2494 6
      vertex -46.7643 -45.955 6
      vertex -47.0852 -45.8221 6
    endloop
  endfacet
  facet normal 0 0 1
    outer loop
      vertex -51.0349 -50.2494 6
      vertex -47.0852 -45.8221 6
      vertex -47.3607 -45.6107 6
    endloop
  endfacet
  facet normal 0 0 1
    outer loop
      vertex -46.42 -46.0003 6
      vertex -51.0349 -50.2494 6
      vertex -42.4743 -50.2494 6
    endloop
  endfacet
  facet normal 0 0 1
    outer loop
      vertex -47.5721 -45.3352 6
      vertex -51.0349 -50.2494 6
      vertex -47.3607 -45.6107 6
    endloop
  endfacet
  facet normal 0 0 1
    outer loop
      vertex -47.705 -45.0143 6
      vertex -51.0349 -50.2494 6
      vertex -47.5721 -45.3352 6
    endloop
  endfacet
  facet normal 0 0 1
    outer loop
      vertex -51.0349 -50.2494 6
      vertex -47.705 -45.0143 6
      vertex -47.7503 -44.67 6
    endloop
  endfacet
  facet normal 0.926887 0.375339 0
    outer loop
      vertex -42.4003 -41.248 6
      vertex -42.4265 -41.1833 3
      vertex -42.4265 -41.1833 6
    endloop
  endfacet
  facet normal 0.926887 0.375339 0
    outer loop
      vertex -42.4265 -41.1833 3
      vertex -42.4003 -41.248 6
      vertex -42.4003 -41.248 3
    endloop
  endfacet
  facet normal 1 -0 0
    outer loop
      vertex -42.34 41.59 6
      vertex -42.34 49.75 3
      vertex -42.34 49.75 6
    endloop
  endfacet
  facet normal 1 0 0
    outer loop
      vertex -42.34 49.75 3
      vertex -42.34 41.59 6
      vertex -42.34 41.59 3
    endloop
  endfacet
  facet normal 0.139013 -0.990291 0
    outer loop
      vertex -43.2355 40.5955 3
      vertex -43.1664 40.6052 6
      vertex -43.2355 40.5955 6
    endloop
  endfacet
  facet normal 0.139013 -0.990291 0
    outer loop
      vertex -43.1664 40.6052 6
      vertex -43.2355 40.5955 3
      vertex -43.1664 40.6052 3
    endloop
  endfacet
  facet normal 0.970563 -0.240849 0
    outer loop
      vertex -42.3787 41.3144 6
      vertex -42.3619 41.3821 3
      vertex -42.3619 41.3821 6
    endloop
  endfacet
  facet normal 0.970563 -0.240849 0
    outer loop
      vertex -42.3619 41.3821 3
      vertex -42.3787 41.3144 6
      vertex -42.3787 41.3144 3
    endloop
  endfacet
  facet normal 0.984595 -0.174848 0
    outer loop
      vertex -42.3619 41.3821 6
      vertex -42.3497 41.4508 3
      vertex -42.3497 41.4508 6
    endloop
  endfacet
  facet normal 0.984595 -0.174848 0
    outer loop
      vertex -42.3497 41.4508 3
      vertex -42.3619 41.3821 6
      vertex -42.3619 41.3821 3
    endloop
  endfacet
  facet normal 0 -1 0
    outer loop
      vertex -51.5349 40.5906 3
      vertex -43.3051 40.5906 6
      vertex -51.5349 40.5906 6
    endloop
  endfacet
  facet normal 0 -1 -0
    outer loop
      vertex -43.3051 40.5906 6
      vertex -51.5349 40.5906 3
      vertex -43.3051 40.5906 3
    endloop
  endfacet
  facet normal 0.58732 -0.809355 0
    outer loop
      vertex -42.7808 40.761 3
      vertex -42.7243 40.802 6
      vertex -42.7808 40.761 6
    endloop
  endfacet
  facet normal 0.58732 -0.809355 0
    outer loop
      vertex -42.7243 40.802 6
      vertex -42.7808 40.761 3
      vertex -42.7243 40.802 3
    endloop
  endfacet
  facet normal 0.95095 0.309345 0
    outer loop
      vertex -42.3787 50.0256 6
      vertex -42.4003 50.092 3
      vertex -42.4003 50.092 6
    endloop
  endfacet
  facet normal 0.95095 0.309345 0
    outer loop
      vertex -42.4003 50.092 3
      vertex -42.3787 50.0256 6
      vertex -42.3787 50.0256 3
    endloop
  endfacet
  facet normal 0.926887 0.375339 0
    outer loop
      vertex -42.4003 50.092 6
      vertex -42.4265 50.1567 3
      vertex -42.4265 50.1567 6
    endloop
  endfacet
  facet normal 0.926887 0.375339 0
    outer loop
      vertex -42.4265 50.1567 3
      vertex -42.4003 50.092 6
      vertex -42.4003 50.092 3
    endloop
  endfacet
  facet normal -0.20767 -0.978199 0
    outer loop
      vertex -51.7419 40.6197 3
      vertex -51.6736 40.6052 6
      vertex -51.7419 40.6197 6
    endloop
  endfacet
  facet normal -0.20767 -0.978199 -0
    outer loop
      vertex -51.6736 40.6052 6
      vertex -51.7419 40.6197 3
      vertex -51.6736 40.6052 3
    endloop
  endfacet
  facet normal 0.20767 -0.978199 0
    outer loop
      vertex -43.1664 40.6052 3
      vertex -43.0981 40.6197 6
      vertex -43.1664 40.6052 6
    endloop
  endfacet
  facet normal 0.20767 -0.978199 0
    outer loop
      vertex -43.0981 40.6197 6
      vertex -43.1664 40.6052 3
      vertex -43.0981 40.6197 3
    endloop
  endfacet
  facet normal -0.139013 -0.990291 0
    outer loop
      vertex -51.6736 40.6052 3
      vertex -51.6045 40.5955 6
      vertex -51.6736 40.6052 6
    endloop
  endfacet
  facet normal -0.139013 -0.990291 -0
    outer loop
      vertex -51.6045 40.5955 6
      vertex -51.6736 40.6052 3
      vertex -51.6045 40.5955 3
    endloop
  endfacet
  facet normal 0.999409 0.0343636 0
    outer loop
      vertex -42.34 49.75 6
      vertex -42.3424 49.8198 3
      vertex -42.3424 49.8198 6
    endloop
  endfacet
  facet normal 0.999409 0.0343636 0
    outer loop
      vertex -42.3424 49.8198 3
      vertex -42.34 49.75 6
      vertex -42.34 49.75 3
    endloop
  endfacet
  facet normal 0.829396 -0.558661 0
    outer loop
      vertex -42.531 41.0022 6
      vertex -42.492 41.0601 3
      vertex -42.492 41.0601 6
    endloop
  endfacet
  facet normal 0.829396 -0.558661 0
    outer loop
      vertex -42.492 41.0601 3
      vertex -42.531 41.0022 6
      vertex -42.531 41.0022 3
    endloop
  endfacet
  facet normal 0.0702285 -0.997531 0
    outer loop
      vertex -43.3051 40.5906 3
      vertex -43.2355 40.5955 6
      vertex -43.3051 40.5906 6
    endloop
  endfacet
  facet normal 0.0702285 -0.997531 0
    outer loop
      vertex -43.2355 40.5955 6
      vertex -43.3051 40.5906 3
      vertex -43.2355 40.5955 3
    endloop
  endfacet
  facet normal -0.40667 -0.913575 0
    outer loop
      vertex -51.9384 40.6912 3
      vertex -51.8746 40.6628 6
      vertex -51.9384 40.6912 6
    endloop
  endfacet
  facet normal -0.40667 -0.913575 -0
    outer loop
      vertex -51.8746 40.6628 6
      vertex -51.9384 40.6912 3
      vertex -51.8746 40.6628 3
    endloop
  endfacet
  facet normal -0.0702285 -0.997531 0
    outer loop
      vertex -51.6045 40.5955 3
      vertex -51.5349 40.5906 6
      vertex -51.6045 40.5955 6
    endloop
  endfacet
  facet normal -0.0702285 -0.997531 -0
    outer loop
      vertex -51.5349 40.5906 6
      vertex -51.6045 40.5955 3
      vertex -51.5349 40.5906 3
    endloop
  endfacet
  facet normal 0.694082 -0.719895 0
    outer loop
      vertex -42.6709 40.8469 3
      vertex -42.6207 40.8953 6
      vertex -42.6709 40.8469 6
    endloop
  endfacet
  facet normal 0.694082 -0.719895 0
    outer loop
      vertex -42.6207 40.8953 6
      vertex -42.6709 40.8469 3
      vertex -42.6207 40.8953 3
    endloop
  endfacet
  facet normal 0.984595 0.174848 0
    outer loop
      vertex -42.3497 49.8892 6
      vertex -42.3619 49.9579 3
      vertex -42.3619 49.9579 6
    endloop
  endfacet
  facet normal 0.984595 0.174848 0
    outer loop
      vertex -42.3619 49.9579 3
      vertex -42.3497 49.8892 6
      vertex -42.3497 49.8892 3
    endloop
  endfacet
  facet normal -0.2751 -0.961416 0
    outer loop
      vertex -51.809 40.6389 3
      vertex -51.7419 40.6197 6
      vertex -51.809 40.6389 6
    endloop
  endfacet
  facet normal -0.2751 -0.961416 -0
    outer loop
      vertex -51.7419 40.6197 6
      vertex -51.809 40.6389 3
      vertex -51.7419 40.6197 3
    endloop
  endfacet
  facet normal 0.342318 -0.939584 0
    outer loop
      vertex -43.031 40.6389 3
      vertex -42.9654 40.6628 6
      vertex -43.031 40.6389 6
    endloop
  endfacet
  facet normal 0.342318 -0.939584 0
    outer loop
      vertex -42.9654 40.6628 6
      vertex -43.031 40.6389 3
      vertex -42.9654 40.6628 3
    endloop
  endfacet
  facet normal 0.743365 -0.668886 0
    outer loop
      vertex -42.6207 40.8953 6
      vertex -42.574 40.9472 3
      vertex -42.574 40.9472 6
    endloop
  endfacet
  facet normal 0.743365 -0.668886 0
    outer loop
      vertex -42.574 40.9472 3
      vertex -42.6207 40.8953 6
      vertex -42.6207 40.8953 3
    endloop
  endfacet
  facet normal 0.529999 -0.847998 0
    outer loop
      vertex -42.84 40.724 3
      vertex -42.7808 40.761 6
      vertex -42.84 40.724 6
    endloop
  endfacet
  facet normal 0.529999 -0.847998 0
    outer loop
      vertex -42.7808 40.761 6
      vertex -42.84 40.724 3
      vertex -42.7808 40.761 3
    endloop
  endfacet
  facet normal 0.469993 -0.88267 0
    outer loop
      vertex -42.9016 40.6912 3
      vertex -42.84 40.724 6
      vertex -42.9016 40.6912 6
    endloop
  endfacet
  facet normal 0.469993 -0.88267 0
    outer loop
      vertex -42.84 40.724 6
      vertex -42.9016 40.6912 3
      vertex -42.84 40.724 3
    endloop
  endfacet
  facet normal 0.643562 -0.765394 0
    outer loop
      vertex -42.7243 40.802 3
      vertex -42.6709 40.8469 6
      vertex -42.7243 40.802 6
    endloop
  endfacet
  facet normal 0.643562 -0.765394 0
    outer loop
      vertex -42.6709 40.8469 6
      vertex -42.7243 40.802 3
      vertex -42.6709 40.8469 3
    endloop
  endfacet
  facet normal -0.342318 -0.939584 0
    outer loop
      vertex -51.8746 40.6628 3
      vertex -51.809 40.6389 6
      vertex -51.8746 40.6628 6
    endloop
  endfacet
  facet normal -0.342318 -0.939584 -0
    outer loop
      vertex -51.809 40.6389 6
      vertex -51.8746 40.6628 3
      vertex -51.809 40.6389 3
    endloop
  endfacet
  facet normal 0.994513 0.10461 0
    outer loop
      vertex -42.3424 49.8198 6
      vertex -42.3497 49.8892 3
      vertex -42.3497 49.8892 6
    endloop
  endfacet
  facet normal 0.994513 0.10461 0
    outer loop
      vertex -42.3497 49.8892 3
      vertex -42.3424 49.8198 6
      vertex -42.3424 49.8198 3
    endloop
  endfacet
  facet normal 0.2751 -0.961416 0
    outer loop
      vertex -43.0981 40.6197 3
      vertex -43.031 40.6389 6
      vertex -43.0981 40.6197 6
    endloop
  endfacet
  facet normal 0.2751 -0.961416 0
    outer loop
      vertex -43.031 40.6389 6
      vertex -43.0981 40.6197 3
      vertex -43.031 40.6389 3
    endloop
  endfacet
  facet normal 0.95095 -0.309345 0
    outer loop
      vertex -42.4003 41.248 6
      vertex -42.3787 41.3144 3
      vertex -42.3787 41.3144 6
    endloop
  endfacet
  facet normal 0.95095 -0.309345 0
    outer loop
      vertex -42.3787 41.3144 3
      vertex -42.4003 41.248 6
      vertex -42.4003 41.248 3
    endloop
  endfacet
  facet normal 0.926887 -0.375339 0
    outer loop
      vertex -42.4265 41.1833 6
      vertex -42.4003 41.248 3
      vertex -42.4003 41.248 6
    endloop
  endfacet
  facet normal 0.926887 -0.375339 0
    outer loop
      vertex -42.4003 41.248 3
      vertex -42.4265 41.1833 6
      vertex -42.4265 41.1833 3
    endloop
  endfacet
  facet normal 0.40667 -0.913575 0
    outer loop
      vertex -42.9654 40.6628 3
      vertex -42.9016 40.6912 6
      vertex -42.9654 40.6628 6
    endloop
  endfacet
  facet normal 0.40667 -0.913575 0
    outer loop
      vertex -42.9016 40.6912 6
      vertex -42.9654 40.6628 3
      vertex -42.9016 40.6912 3
    endloop
  endfacet
  facet normal 0.970563 0.240849 0
    outer loop
      vertex -42.3619 49.9579 6
      vertex -42.3787 50.0256 3
      vertex -42.3787 50.0256 6
    endloop
  endfacet
  facet normal 0.970563 0.240849 0
    outer loop
      vertex -42.3787 50.0256 3
      vertex -42.3619 49.9579 6
      vertex -42.3619 49.9579 3
    endloop
  endfacet
  facet normal 0.865851 -0.500301 0
    outer loop
      vertex -42.492 41.0601 6
      vertex -42.4571 41.1205 3
      vertex -42.4571 41.1205 6
    endloop
  endfacet
  facet normal 0.865851 -0.500301 0
    outer loop
      vertex -42.4571 41.1205 3
      vertex -42.492 41.0601 6
      vertex -42.492 41.0601 3
    endloop
  endfacet
  facet normal 0.787807 -0.615922 0
    outer loop
      vertex -42.574 40.9472 6
      vertex -42.531 41.0022 3
      vertex -42.531 41.0022 6
    endloop
  endfacet
  facet normal 0.787807 -0.615922 0
    outer loop
      vertex -42.531 41.0022 3
      vertex -42.574 40.9472 6
      vertex -42.574 40.9472 3
    endloop
  endfacet
  facet normal 0.866812 0.498635 0
    outer loop
      vertex -42.4571 50.2195 6
      vertex -42.4743 50.2494 3
      vertex -42.4743 50.2494 6
    endloop
  endfacet
  facet normal 0.866812 0.498635 0
    outer loop
      vertex -42.4743 50.2494 3
      vertex -42.4571 50.2195 6
      vertex -42.4571 50.2195 3
    endloop
  endfacet
  facet normal 0.898961 0.438029 0
    outer loop
      vertex -42.4265 50.1567 6
      vertex -42.4571 50.2195 3
      vertex -42.4571 50.2195 6
    endloop
  endfacet
  facet normal 0.898961 0.438029 0
    outer loop
      vertex -42.4571 50.2195 3
      vertex -42.4265 50.1567 6
      vertex -42.4265 50.1567 3
    endloop
  endfacet
  facet normal 0.999409 -0.0343636 0
    outer loop
      vertex -42.3424 41.5202 6
      vertex -42.34 41.59 3
      vertex -42.34 41.59 6
    endloop
  endfacet
  facet normal 0.999409 -0.0343636 0
    outer loop
      vertex -42.34 41.59 3
      vertex -42.3424 41.5202 6
      vertex -42.3424 41.5202 3
    endloop
  endfacet
  facet normal 0.898961 -0.438029 0
    outer loop
      vertex -42.4571 41.1205 6
      vertex -42.4265 41.1833 3
      vertex -42.4265 41.1833 6
    endloop
  endfacet
  facet normal 0.898961 -0.438029 0
    outer loop
      vertex -42.4265 41.1833 3
      vertex -42.4571 41.1205 6
      vertex -42.4571 41.1205 3
    endloop
  endfacet
  facet normal 0.994513 -0.10461 0
    outer loop
      vertex -42.3497 41.4508 6
      vertex -42.3424 41.5202 3
      vertex -42.3424 41.5202 6
    endloop
  endfacet
  facet normal 0.994513 -0.10461 0
    outer loop
      vertex -42.3424 41.5202 3
      vertex -42.3497 41.4508 6
      vertex -42.3497 41.4508 3
    endloop
  endfacet
  facet normal 0 0 1
    outer loop
      vertex -42.4743 50.2494 6
      vertex -42.34 49.75 6
      vertex -42.3424 49.8198 6
    endloop
  endfacet
  facet normal 0 0 1
    outer loop
      vertex -42.34 49.75 6
      vertex -45.135 45.0143 6
      vertex -42.34 41.59 6
    endloop
  endfacet
  facet normal 0 0 1
    outer loop
      vertex -42.4743 50.2494 6
      vertex -42.3424 49.8198 6
      vertex -42.3497 49.8892 6
    endloop
  endfacet
  facet normal -0 -0 1
    outer loop
      vertex -45.0897 44.67 6
      vertex -42.34 41.59 6
      vertex -45.135 45.0143 6
    endloop
  endfacet
  facet normal 0 0 1
    outer loop
      vertex -42.4743 50.2494 6
      vertex -42.3497 49.8892 6
      vertex -42.3619 49.9579 6
    endloop
  endfacet
  facet normal -0 0 1
    outer loop
      vertex -45.135 44.3257 6
      vertex -42.34 41.59 6
      vertex -45.0897 44.67 6
    endloop
  endfacet
  facet normal 0 0 1
    outer loop
      vertex -42.4743 50.2494 6
      vertex -42.3619 49.9579 6
      vertex -42.3787 50.0256 6
    endloop
  endfacet
  facet normal -0 0 1
    outer loop
      vertex -45.2679 44.0048 6
      vertex -42.34 41.59 6
      vertex -45.135 44.3257 6
    endloop
  endfacet
  facet normal 0 0 1
    outer loop
      vertex -42.4743 50.2494 6
      vertex -42.3787 50.0256 6
      vertex -42.4003 50.092 6
    endloop
  endfacet
  facet normal -0 0 1
    outer loop
      vertex -45.4793 43.7293 6
      vertex -42.34 41.59 6
      vertex -45.2679 44.0048 6
    endloop
  endfacet
  facet normal 0 0 1
    outer loop
      vertex -42.4743 50.2494 6
      vertex -42.4003 50.092 6
      vertex -42.4265 50.1567 6
    endloop
  endfacet
  facet normal 0 -0 1
    outer loop
      vertex -43.3051 40.5906 6
      vertex -42.34 41.59 6
      vertex -45.4793 43.7293 6
    endloop
  endfacet
  facet normal 0 0 1
    outer loop
      vertex -42.4743 50.2494 6
      vertex -42.4265 50.1567 6
      vertex -42.4571 50.2195 6
    endloop
  endfacet
  facet normal 0 0 1
    outer loop
      vertex -42.34 41.59 6
      vertex -43.3051 40.5906 6
      vertex -42.3424 41.5202 6
    endloop
  endfacet
  facet normal 0 0 1
    outer loop
      vertex -42.34 49.75 6
      vertex -42.4743 50.2494 6
      vertex -46.0757 45.955 6
    endloop
  endfacet
  facet normal 0 0 1
    outer loop
      vertex -42.3424 41.5202 6
      vertex -43.3051 40.5906 6
      vertex -42.3497 41.4508 6
    endloop
  endfacet
  facet normal 0 0 1
    outer loop
      vertex -42.3497 41.4508 6
      vertex -43.3051 40.5906 6
      vertex -42.3619 41.3821 6
    endloop
  endfacet
  facet normal 0 0 1
    outer loop
      vertex -42.3619 41.3821 6
      vertex -43.3051 40.5906 6
      vertex -42.3787 41.3144 6
    endloop
  endfacet
  facet normal 0 0 1
    outer loop
      vertex -42.4003 41.248 6
      vertex -43.3051 40.5906 6
      vertex -42.4265 41.1833 6
    endloop
  endfacet
  facet normal 0 0 1
    outer loop
      vertex -42.4265 41.1833 6
      vertex -43.3051 40.5906 6
      vertex -42.4571 41.1205 6
    endloop
  endfacet
  facet normal 0 0 1
    outer loop
      vertex -42.4571 41.1205 6
      vertex -43.3051 40.5906 6
      vertex -42.492 41.0601 6
    endloop
  endfacet
  facet normal 0 0 1
    outer loop
      vertex -42.492 41.0601 6
      vertex -43.3051 40.5906 6
      vertex -42.531 41.0022 6
    endloop
  endfacet
  facet normal 0 0 1
    outer loop
      vertex -42.531 41.0022 6
      vertex -43.3051 40.5906 6
      vertex -42.574 40.9472 6
    endloop
  endfacet
  facet normal 0 0 1
    outer loop
      vertex -42.6207 40.8953 6
      vertex -43.3051 40.5906 6
      vertex -42.6709 40.8469 6
    endloop
  endfacet
  facet normal 0 0 1
    outer loop
      vertex -42.6709 40.8469 6
      vertex -43.3051 40.5906 6
      vertex -42.7243 40.802 6
    endloop
  endfacet
  facet normal 0 0 1
    outer loop
      vertex -42.7243 40.802 6
      vertex -43.3051 40.5906 6
      vertex -42.7808 40.761 6
    endloop
  endfacet
  facet normal 0 0 1
    outer loop
      vertex -42.7808 40.761 6
      vertex -43.3051 40.5906 6
      vertex -42.84 40.724 6
    endloop
  endfacet
  facet normal 0 0 1
    outer loop
      vertex -42.84 40.724 6
      vertex -43.3051 40.5906 6
      vertex -42.9016 40.6912 6
    endloop
  endfacet
  facet normal 0 0 1
    outer loop
      vertex -42.9016 40.6912 6
      vertex -43.3051 40.5906 6
      vertex -42.9654 40.6628 6
    endloop
  endfacet
  facet normal 0 0 1
    outer loop
      vertex -42.9654 40.6628 6
      vertex -43.3051 40.5906 6
      vertex -43.031 40.6389 6
    endloop
  endfacet
  facet normal 0 0 1
    outer loop
      vertex -43.031 40.6389 6
      vertex -43.3051 40.5906 6
      vertex -43.0981 40.6197 6
    endloop
  endfacet
  facet normal 0 0 1
    outer loop
      vertex -42.3787 41.3144 6
      vertex -43.3051 40.5906 6
      vertex -42.4003 41.248 6
    endloop
  endfacet
  facet normal 0 0 1
    outer loop
      vertex -42.34 49.75 6
      vertex -45.2679 45.3352 6
      vertex -45.135 45.0143 6
    endloop
  endfacet
  facet normal 0 0 1
    outer loop
      vertex -42.34 49.75 6
      vertex -45.4793 45.6107 6
      vertex -45.2679 45.3352 6
    endloop
  endfacet
  facet normal 0 0 1
    outer loop
      vertex -42.34 49.75 6
      vertex -45.7548 45.8221 6
      vertex -45.4793 45.6107 6
    endloop
  endfacet
  facet normal 0 0 1
    outer loop
      vertex -42.34 49.75 6
      vertex -46.0757 45.955 6
      vertex -45.7548 45.8221 6
    endloop
  endfacet
  facet normal 0 0 1
    outer loop
      vertex -42.4743 50.2494 6
      vertex -46.42 46.0003 6
      vertex -46.0757 45.955 6
    endloop
  endfacet
  facet normal -0 0 1
    outer loop
      vertex -51.0349 50.2494 6
      vertex -46.42 46.0003 6
      vertex -42.4743 50.2494 6
    endloop
  endfacet
  facet normal 0 0 1
    outer loop
      vertex -46.42 46.0003 6
      vertex -51.0349 50.2494 6
      vertex -46.7643 45.955 6
    endloop
  endfacet
  facet normal 0 0 1
    outer loop
      vertex -46.7643 45.955 6
      vertex -51.0349 50.2494 6
      vertex -47.0852 45.8221 6
    endloop
  endfacet
  facet normal 0 0 1
    outer loop
      vertex -47.5721 45.3352 6
      vertex -52 49.25 6
      vertex -47.705 45.0143 6
    endloop
  endfacet
  facet normal 0 0 1
    outer loop
      vertex -47.3607 45.6107 6
      vertex -52 49.25 6
      vertex -47.5721 45.3352 6
    endloop
  endfacet
  facet normal -0 0 1
    outer loop
      vertex -52 49.25 6
      vertex -47.3607 45.6107 6
      vertex -51.0349 50.2494 6
    endloop
  endfacet
  facet normal 0 0 1
    outer loop
      vertex -47.0852 45.8221 6
      vertex -51.0349 50.2494 6
      vertex -47.3607 45.6107 6
    endloop
  endfacet
  facet normal 0 0 1
    outer loop
      vertex -43.0981 40.6197 6
      vertex -43.3051 40.5906 6
      vertex -43.1664 40.6052 6
    endloop
  endfacet
  facet normal 0 0 1
    outer loop
      vertex -43.1664 40.6052 6
      vertex -43.3051 40.5906 6
      vertex -43.2355 40.5955 6
    endloop
  endfacet
  facet normal 0 0 1
    outer loop
      vertex -42.574 40.9472 6
      vertex -43.3051 40.5906 6
      vertex -42.6207 40.8953 6
    endloop
  endfacet
  facet normal -0 0 1
    outer loop
      vertex -45.7548 43.5179 6
      vertex -43.3051 40.5906 6
      vertex -45.4793 43.7293 6
    endloop
  endfacet
  facet normal -0 0 1
    outer loop
      vertex -46.0757 43.385 6
      vertex -43.3051 40.5906 6
      vertex -45.7548 43.5179 6
    endloop
  endfacet
  facet normal -0 0 1
    outer loop
      vertex -46.42 43.3397 6
      vertex -43.3051 40.5906 6
      vertex -46.0757 43.385 6
    endloop
  endfacet
  facet normal 0 0 1
    outer loop
      vertex -46.7643 43.385 6
      vertex -43.3051 40.5906 6
      vertex -46.42 43.3397 6
    endloop
  endfacet
  facet normal 0 0 1
    outer loop
      vertex -51.5349 40.5906 6
      vertex -46.7643 43.385 6
      vertex -47.0852 43.5179 6
    endloop
  endfacet
  facet normal 0 0 1
    outer loop
      vertex -51.5349 40.5906 6
      vertex -47.0852 43.5179 6
      vertex -47.3607 43.7293 6
    endloop
  endfacet
  facet normal 0 0 1
    outer loop
      vertex -47.705 45.0143 6
      vertex -52 49.25 6
      vertex -47.7503 44.67 6
    endloop
  endfacet
  facet normal 0 0 1
    outer loop
      vertex -52 40.724 6
      vertex -47.7503 44.67 6
      vertex -52 49.25 6
    endloop
  endfacet
  facet normal 0 0 1
    outer loop
      vertex -52 49.25 6
      vertex -51.0349 50.2494 6
      vertex -51.1045 50.2445 6
    endloop
  endfacet
  facet normal 0 0 1
    outer loop
      vertex -52 49.25 6
      vertex -51.1045 50.2445 6
      vertex -51.1736 50.2348 6
    endloop
  endfacet
  facet normal 0 0 1
    outer loop
      vertex -52 49.25 6
      vertex -51.1736 50.2348 6
      vertex -51.2419 50.2203 6
    endloop
  endfacet
  facet normal 0 0 1
    outer loop
      vertex -52 49.25 6
      vertex -51.2419 50.2203 6
      vertex -51.309 50.2011 6
    endloop
  endfacet
  facet normal 0 0 1
    outer loop
      vertex -52 49.25 6
      vertex -51.309 50.2011 6
      vertex -51.3746 50.1772 6
    endloop
  endfacet
  facet normal 0 0 1
    outer loop
      vertex -52 49.25 6
      vertex -51.3746 50.1772 6
      vertex -51.4384 50.1488 6
    endloop
  endfacet
  facet normal 0 0 1
    outer loop
      vertex -52 49.25 6
      vertex -51.4384 50.1488 6
      vertex -51.5 50.116 6
    endloop
  endfacet
  facet normal 0 0 1
    outer loop
      vertex -46.7643 43.385 6
      vertex -51.5349 40.5906 6
      vertex -43.3051 40.5906 6
    endloop
  endfacet
  facet normal 0 0 1
    outer loop
      vertex -47.5721 44.0048 6
      vertex -51.5349 40.5906 6
      vertex -47.3607 43.7293 6
    endloop
  endfacet
  facet normal 0 0 1
    outer loop
      vertex -47.7503 44.67 6
      vertex -52 40.724 6
      vertex -47.705 44.3257 6
    endloop
  endfacet
  facet normal 0 0 1
    outer loop
      vertex -52 49.25 6
      vertex -51.5 50.116 6
      vertex -51.5592 50.079 6
    endloop
  endfacet
  facet normal 0 -0 1
    outer loop
      vertex -51.5349 40.5906 6
      vertex -47.705 44.3257 6
      vertex -52 40.724 6
    endloop
  endfacet
  facet normal 0 0 1
    outer loop
      vertex -52 49.25 6
      vertex -51.5592 50.079 6
      vertex -51.6157 50.038 6
    endloop
  endfacet
  facet normal 0 0 1
    outer loop
      vertex -52 49.25 6
      vertex -51.6157 50.038 6
      vertex -51.6691 49.9931 6
    endloop
  endfacet
  facet normal 0 0 1
    outer loop
      vertex -47.705 44.3257 6
      vertex -51.5349 40.5906 6
      vertex -47.5721 44.0048 6
    endloop
  endfacet
  facet normal 0 0 1
    outer loop
      vertex -52 49.25 6
      vertex -51.6691 49.9931 6
      vertex -51.7193 49.9447 6
    endloop
  endfacet
  facet normal 0 0 1
    outer loop
      vertex -51.5349 40.5906 6
      vertex -52 40.724 6
      vertex -51.6045 40.5955 6
    endloop
  endfacet
  facet normal 0 0 1
    outer loop
      vertex -52 49.25 6
      vertex -51.7193 49.9447 6
      vertex -51.766 49.8928 6
    endloop
  endfacet
  facet normal 0 0 1
    outer loop
      vertex -52 49.25 6
      vertex -51.766 49.8928 6
      vertex -51.809 49.8378 6
    endloop
  endfacet
  facet normal 0 0 1
    outer loop
      vertex -51.6045 40.5955 6
      vertex -52 40.724 6
      vertex -51.6736 40.6052 6
    endloop
  endfacet
  facet normal 0 0 1
    outer loop
      vertex -52 49.25 6
      vertex -51.809 49.8378 6
      vertex -51.848 49.7799 6
    endloop
  endfacet
  facet normal 0 0 1
    outer loop
      vertex -51.6736 40.6052 6
      vertex -52 40.724 6
      vertex -51.7419 40.6197 6
    endloop
  endfacet
  facet normal 0 0 1
    outer loop
      vertex -52 49.25 6
      vertex -51.848 49.7799 6
      vertex -51.8829 49.7195 6
    endloop
  endfacet
  facet normal 0 0 1
    outer loop
      vertex -52 49.25 6
      vertex -51.8829 49.7195 6
      vertex -51.9135 49.6567 6
    endloop
  endfacet
  facet normal 0 0 1
    outer loop
      vertex -51.7419 40.6197 6
      vertex -52 40.724 6
      vertex -51.809 40.6389 6
    endloop
  endfacet
  facet normal 0 0 1
    outer loop
      vertex -52 49.25 6
      vertex -51.9135 49.6567 6
      vertex -51.9397 49.592 6
    endloop
  endfacet
  facet normal 0 0 1
    outer loop
      vertex -52 49.25 6
      vertex -51.9397 49.592 6
      vertex -51.9613 49.5256 6
    endloop
  endfacet
  facet normal 0 0 1
    outer loop
      vertex -52 49.25 6
      vertex -51.9613 49.5256 6
      vertex -51.9781 49.4579 6
    endloop
  endfacet
  facet normal 0 0 1
    outer loop
      vertex -52 49.25 6
      vertex -51.9781 49.4579 6
      vertex -51.9903 49.3892 6
    endloop
  endfacet
  facet normal 0 0 1
    outer loop
      vertex -52 49.25 6
      vertex -51.9903 49.3892 6
      vertex -51.9976 49.3198 6
    endloop
  endfacet
  facet normal 0 0 1
    outer loop
      vertex -51.809 40.6389 6
      vertex -52 40.724 6
      vertex -51.8746 40.6628 6
    endloop
  endfacet
  facet normal 0 0 1
    outer loop
      vertex -51.8746 40.6628 6
      vertex -52 40.724 6
      vertex -51.9384 40.6912 6
    endloop
  endfacet
  facet normal -0.469993 -0.88267 0
    outer loop
      vertex -52 40.724 3
      vertex -51.9384 40.6912 6
      vertex -52 40.724 6
    endloop
  endfacet
  facet normal -0.469993 -0.88267 -0
    outer loop
      vertex -51.9384 40.6912 6
      vertex -52 40.724 3
      vertex -51.9384 40.6912 3
    endloop
  endfacet
  facet normal -0.694082 0.719895 0
    outer loop
      vertex 42.6709 -40.8469 3
      vertex 42.6207 -40.8953 6
      vertex 42.6709 -40.8469 6
    endloop
  endfacet
  facet normal -0.694082 0.719895 0
    outer loop
      vertex 42.6207 -40.8953 6
      vertex 42.6709 -40.8469 3
      vertex 42.6207 -40.8953 3
    endloop
  endfacet
  facet normal -0.898961 0.438029 0
    outer loop
      vertex 42.4265 -41.1833 3
      vertex 42.4571 -41.1205 6
      vertex 42.4571 -41.1205 3
    endloop
  endfacet
  facet normal -0.898961 0.438029 0
    outer loop
      vertex 42.4571 -41.1205 6
      vertex 42.4265 -41.1833 3
      vertex 42.4265 -41.1833 6
    endloop
  endfacet
  facet normal 0.469993 0.88267 -0
    outer loop
      vertex 52 -40.724 3
      vertex 51.9384 -40.6912 6
      vertex 52 -40.724 6
    endloop
  endfacet
  facet normal 0.469993 0.88267 0
    outer loop
      vertex 51.9384 -40.6912 6
      vertex 52 -40.724 3
      vertex 51.9384 -40.6912 3
    endloop
  endfacet
  facet normal -0.999409 -0.0343636 0
    outer loop
      vertex 42.3424 -49.8198 3
      vertex 42.34 -49.75 6
      vertex 42.34 -49.75 3
    endloop
  endfacet
  facet normal -0.999409 -0.0343636 0
    outer loop
      vertex 42.34 -49.75 6
      vertex 42.3424 -49.8198 3
      vertex 42.3424 -49.8198 6
    endloop
  endfacet
  facet normal -0.0702285 0.997531 0
    outer loop
      vertex 43.3051 -40.5906 3
      vertex 43.2355 -40.5955 6
      vertex 43.3051 -40.5906 6
    endloop
  endfacet
  facet normal -0.0702285 0.997531 0
    outer loop
      vertex 43.2355 -40.5955 6
      vertex 43.3051 -40.5906 3
      vertex 43.2355 -40.5955 3
    endloop
  endfacet
  facet normal 0.342318 0.939584 -0
    outer loop
      vertex 51.8746 -40.6628 3
      vertex 51.809 -40.6389 6
      vertex 51.8746 -40.6628 6
    endloop
  endfacet
  facet normal 0.342318 0.939584 0
    outer loop
      vertex 51.809 -40.6389 6
      vertex 51.8746 -40.6628 3
      vertex 51.809 -40.6389 3
    endloop
  endfacet
  facet normal -0.865851 0.500301 0
    outer loop
      vertex 42.4571 -41.1205 3
      vertex 42.492 -41.0601 6
      vertex 42.492 -41.0601 3
    endloop
  endfacet
  facet normal -0.865851 0.500301 0
    outer loop
      vertex 42.492 -41.0601 6
      vertex 42.4571 -41.1205 3
      vertex 42.4571 -41.1205 6
    endloop
  endfacet
  facet normal 0 1 -0
    outer loop
      vertex 51.5349 -40.5906 3
      vertex 43.3051 -40.5906 6
      vertex 51.5349 -40.5906 6
    endloop
  endfacet
  facet normal 0 1 0
    outer loop
      vertex 43.3051 -40.5906 6
      vertex 51.5349 -40.5906 3
      vertex 43.3051 -40.5906 3
    endloop
  endfacet
  facet normal -0.898961 -0.438029 0
    outer loop
      vertex 42.4571 -50.2195 3
      vertex 42.4265 -50.1567 6
      vertex 42.4265 -50.1567 3
    endloop
  endfacet
  facet normal -0.898961 -0.438029 0
    outer loop
      vertex 42.4265 -50.1567 6
      vertex 42.4571 -50.2195 3
      vertex 42.4571 -50.2195 6
    endloop
  endfacet
  facet normal -0.970563 0.240849 0
    outer loop
      vertex 42.3619 -41.3821 3
      vertex 42.3787 -41.3144 6
      vertex 42.3787 -41.3144 3
    endloop
  endfacet
  facet normal -0.970563 0.240849 0
    outer loop
      vertex 42.3787 -41.3144 6
      vertex 42.3619 -41.3821 3
      vertex 42.3619 -41.3821 6
    endloop
  endfacet
  facet normal -0.20767 0.978199 0
    outer loop
      vertex 43.1664 -40.6052 3
      vertex 43.0981 -40.6197 6
      vertex 43.1664 -40.6052 6
    endloop
  endfacet
  facet normal -0.20767 0.978199 0
    outer loop
      vertex 43.0981 -40.6197 6
      vertex 43.1664 -40.6052 3
      vertex 43.0981 -40.6197 3
    endloop
  endfacet
  facet normal -0.984595 -0.174848 0
    outer loop
      vertex 42.3619 -49.9579 3
      vertex 42.3497 -49.8892 6
      vertex 42.3497 -49.8892 3
    endloop
  endfacet
  facet normal -0.984595 -0.174848 0
    outer loop
      vertex 42.3497 -49.8892 6
      vertex 42.3619 -49.9579 3
      vertex 42.3619 -49.9579 6
    endloop
  endfacet
  facet normal -0.95095 0.309345 0
    outer loop
      vertex 42.3787 -41.3144 3
      vertex 42.4003 -41.248 6
      vertex 42.4003 -41.248 3
    endloop
  endfacet
  facet normal -0.95095 0.309345 0
    outer loop
      vertex 42.4003 -41.248 6
      vertex 42.3787 -41.3144 3
      vertex 42.3787 -41.3144 6
    endloop
  endfacet
  facet normal -1 0 0
    outer loop
      vertex 42.34 -49.75 3
      vertex 42.34 -41.59 6
      vertex 42.34 -41.59 3
    endloop
  endfacet
  facet normal -1 -0 0
    outer loop
      vertex 42.34 -41.59 6
      vertex 42.34 -49.75 3
      vertex 42.34 -49.75 6
    endloop
  endfacet
  facet normal -0.787807 0.615922 0
    outer loop
      vertex 42.531 -41.0022 3
      vertex 42.574 -40.9472 6
      vertex 42.574 -40.9472 3
    endloop
  endfacet
  facet normal -0.787807 0.615922 0
    outer loop
      vertex 42.574 -40.9472 6
      vertex 42.531 -41.0022 3
      vertex 42.531 -41.0022 6
    endloop
  endfacet
  facet normal -0.984595 0.174848 0
    outer loop
      vertex 42.3497 -41.4508 3
      vertex 42.3619 -41.3821 6
      vertex 42.3619 -41.3821 3
    endloop
  endfacet
  facet normal -0.984595 0.174848 0
    outer loop
      vertex 42.3619 -41.3821 6
      vertex 42.3497 -41.4508 3
      vertex 42.3497 -41.4508 6
    endloop
  endfacet
  facet normal 0.2751 0.961416 -0
    outer loop
      vertex 51.809 -40.6389 3
      vertex 51.7419 -40.6197 6
      vertex 51.809 -40.6389 6
    endloop
  endfacet
  facet normal 0.2751 0.961416 0
    outer loop
      vertex 51.7419 -40.6197 6
      vertex 51.809 -40.6389 3
      vertex 51.7419 -40.6197 3
    endloop
  endfacet
  facet normal -0.342318 0.939584 0
    outer loop
      vertex 43.031 -40.6389 3
      vertex 42.9654 -40.6628 6
      vertex 43.031 -40.6389 6
    endloop
  endfacet
  facet normal -0.342318 0.939584 0
    outer loop
      vertex 42.9654 -40.6628 6
      vertex 43.031 -40.6389 3
      vertex 42.9654 -40.6628 3
    endloop
  endfacet
  facet normal -0.994513 -0.10461 0
    outer loop
      vertex 42.3497 -49.8892 3
      vertex 42.3424 -49.8198 6
      vertex 42.3424 -49.8198 3
    endloop
  endfacet
  facet normal -0.994513 -0.10461 0
    outer loop
      vertex 42.3424 -49.8198 6
      vertex 42.3497 -49.8892 3
      vertex 42.3497 -49.8892 6
    endloop
  endfacet
  facet normal -0.926887 0.375339 0
    outer loop
      vertex 42.4003 -41.248 3
      vertex 42.4265 -41.1833 6
      vertex 42.4265 -41.1833 3
    endloop
  endfacet
  facet normal -0.926887 0.375339 0
    outer loop
      vertex 42.4265 -41.1833 6
      vertex 42.4003 -41.248 3
      vertex 42.4003 -41.248 6
    endloop
  endfacet
  facet normal -0.2751 0.961416 0
    outer loop
      vertex 43.0981 -40.6197 3
      vertex 43.031 -40.6389 6
      vertex 43.0981 -40.6197 6
    endloop
  endfacet
  facet normal -0.2751 0.961416 0
    outer loop
      vertex 43.031 -40.6389 6
      vertex 43.0981 -40.6197 3
      vertex 43.031 -40.6389 3
    endloop
  endfacet
  facet normal -0.999409 0.0343636 0
    outer loop
      vertex 42.34 -41.59 3
      vertex 42.3424 -41.5202 6
      vertex 42.3424 -41.5202 3
    endloop
  endfacet
  facet normal -0.999409 0.0343636 0
    outer loop
      vertex 42.3424 -41.5202 6
      vertex 42.34 -41.59 3
      vertex 42.34 -41.59 6
    endloop
  endfacet
  facet normal -0.643562 0.765394 0
    outer loop
      vertex 42.7243 -40.802 3
      vertex 42.6709 -40.8469 6
      vertex 42.7243 -40.802 6
    endloop
  endfacet
  facet normal -0.643562 0.765394 0
    outer loop
      vertex 42.6709 -40.8469 6
      vertex 42.7243 -40.802 3
      vertex 42.6709 -40.8469 3
    endloop
  endfacet
  facet normal 0.20767 0.978199 -0
    outer loop
      vertex 51.7419 -40.6197 3
      vertex 51.6736 -40.6052 6
      vertex 51.7419 -40.6197 6
    endloop
  endfacet
  facet normal 0.20767 0.978199 0
    outer loop
      vertex 51.6736 -40.6052 6
      vertex 51.7419 -40.6197 3
      vertex 51.6736 -40.6052 3
    endloop
  endfacet
  facet normal -0.866812 -0.498635 0
    outer loop
      vertex 42.4743 -50.2494 3
      vertex 42.4571 -50.2195 6
      vertex 42.4571 -50.2195 3
    endloop
  endfacet
  facet normal -0.866812 -0.498635 0
    outer loop
      vertex 42.4571 -50.2195 6
      vertex 42.4743 -50.2494 3
      vertex 42.4743 -50.2494 6
    endloop
  endfacet
  facet normal -0.829396 0.558661 0
    outer loop
      vertex 42.492 -41.0601 3
      vertex 42.531 -41.0022 6
      vertex 42.531 -41.0022 3
    endloop
  endfacet
  facet normal -0.829396 0.558661 0
    outer loop
      vertex 42.531 -41.0022 6
      vertex 42.492 -41.0601 3
      vertex 42.492 -41.0601 6
    endloop
  endfacet
  facet normal 0.40667 0.913575 -0
    outer loop
      vertex 51.9384 -40.6912 3
      vertex 51.8746 -40.6628 6
      vertex 51.9384 -40.6912 6
    endloop
  endfacet
  facet normal 0.40667 0.913575 0
    outer loop
      vertex 51.8746 -40.6628 6
      vertex 51.9384 -40.6912 3
      vertex 51.8746 -40.6628 3
    endloop
  endfacet
  facet normal -0.743365 0.668886 0
    outer loop
      vertex 42.574 -40.9472 3
      vertex 42.6207 -40.8953 6
      vertex 42.6207 -40.8953 3
    endloop
  endfacet
  facet normal -0.743365 0.668886 0
    outer loop
      vertex 42.6207 -40.8953 6
      vertex 42.574 -40.9472 3
      vertex 42.574 -40.9472 6
    endloop
  endfacet
  facet normal -0.40667 0.913575 0
    outer loop
      vertex 42.9654 -40.6628 3
      vertex 42.9016 -40.6912 6
      vertex 42.9654 -40.6628 6
    endloop
  endfacet
  facet normal -0.40667 0.913575 0
    outer loop
      vertex 42.9016 -40.6912 6
      vertex 42.9654 -40.6628 3
      vertex 42.9016 -40.6912 3
    endloop
  endfacet
  facet normal -0.994513 0.10461 0
    outer loop
      vertex 42.3424 -41.5202 3
      vertex 42.3497 -41.4508 6
      vertex 42.3497 -41.4508 3
    endloop
  endfacet
  facet normal -0.994513 0.10461 0
    outer loop
      vertex 42.3497 -41.4508 6
      vertex 42.3424 -41.5202 3
      vertex 42.3424 -41.5202 6
    endloop
  endfacet
  facet normal -0.58732 0.809355 0
    outer loop
      vertex 42.7808 -40.761 3
      vertex 42.7243 -40.802 6
      vertex 42.7808 -40.761 6
    endloop
  endfacet
  facet normal -0.58732 0.809355 0
    outer loop
      vertex 42.7243 -40.802 6
      vertex 42.7808 -40.761 3
      vertex 42.7243 -40.802 3
    endloop
  endfacet
  facet normal -0.95095 -0.309345 0
    outer loop
      vertex 42.4003 -50.092 3
      vertex 42.3787 -50.0256 6
      vertex 42.3787 -50.0256 3
    endloop
  endfacet
  facet normal -0.95095 -0.309345 0
    outer loop
      vertex 42.3787 -50.0256 6
      vertex 42.4003 -50.092 3
      vertex 42.4003 -50.092 6
    endloop
  endfacet
  facet normal -0.970563 -0.240849 0
    outer loop
      vertex 42.3787 -50.0256 3
      vertex 42.3619 -49.9579 6
      vertex 42.3619 -49.9579 3
    endloop
  endfacet
  facet normal -0.970563 -0.240849 0
    outer loop
      vertex 42.3619 -49.9579 6
      vertex 42.3787 -50.0256 3
      vertex 42.3787 -50.0256 6
    endloop
  endfacet
  facet normal -0 0 1
    outer loop
      vertex 47.7503 -44.67 6
      vertex 52 -49.25 6
      vertex 52 -40.724 6
    endloop
  endfacet
  facet normal -0 0 1
    outer loop
      vertex 47.705 -45.0143 6
      vertex 52 -49.25 6
      vertex 47.7503 -44.67 6
    endloop
  endfacet
  facet normal -0 0 1
    outer loop
      vertex 47.5721 -45.3352 6
      vertex 52 -49.25 6
      vertex 47.705 -45.0143 6
    endloop
  endfacet
  facet normal -0 0 1
    outer loop
      vertex 47.3607 -45.6107 6
      vertex 52 -49.25 6
      vertex 47.5721 -45.3352 6
    endloop
  endfacet
  facet normal 0 -0 1
    outer loop
      vertex 51.0349 -50.2494 6
      vertex 52 -49.25 6
      vertex 47.3607 -45.6107 6
    endloop
  endfacet
  facet normal 0 0 1
    outer loop
      vertex 51.5349 -40.5906 6
      vertex 52 -40.724 6
      vertex 51.9384 -40.6912 6
    endloop
  endfacet
  facet normal 0 0 1
    outer loop
      vertex 52 -49.25 6
      vertex 51.0349 -50.2494 6
      vertex 51.9976 -49.3198 6
    endloop
  endfacet
  facet normal 0 0 1
    outer loop
      vertex 51.9976 -49.3198 6
      vertex 51.0349 -50.2494 6
      vertex 51.9903 -49.3892 6
    endloop
  endfacet
  facet normal 0 0 1
    outer loop
      vertex 51.5349 -40.5906 6
      vertex 51.9384 -40.6912 6
      vertex 51.8746 -40.6628 6
    endloop
  endfacet
  facet normal 0 0 1
    outer loop
      vertex 51.9903 -49.3892 6
      vertex 51.0349 -50.2494 6
      vertex 51.9781 -49.4579 6
    endloop
  endfacet
  facet normal 0 0 1
    outer loop
      vertex 51.5349 -40.5906 6
      vertex 51.8746 -40.6628 6
      vertex 51.809 -40.6389 6
    endloop
  endfacet
  facet normal 0 0 1
    outer loop
      vertex 51.9781 -49.4579 6
      vertex 51.0349 -50.2494 6
      vertex 51.9613 -49.5256 6
    endloop
  endfacet
  facet normal 0 0 1
    outer loop
      vertex 51.9613 -49.5256 6
      vertex 51.0349 -50.2494 6
      vertex 51.9397 -49.592 6
    endloop
  endfacet
  facet normal 0 0 1
    outer loop
      vertex 51.5349 -40.5906 6
      vertex 51.809 -40.6389 6
      vertex 51.7419 -40.6197 6
    endloop
  endfacet
  facet normal 0 0 1
    outer loop
      vertex 51.9397 -49.592 6
      vertex 51.0349 -50.2494 6
      vertex 51.9135 -49.6567 6
    endloop
  endfacet
  facet normal 0 0 1
    outer loop
      vertex 51.5349 -40.5906 6
      vertex 51.7419 -40.6197 6
      vertex 51.6736 -40.6052 6
    endloop
  endfacet
  facet normal 0 0 1
    outer loop
      vertex 51.8829 -49.7195 6
      vertex 51.0349 -50.2494 6
      vertex 51.848 -49.7799 6
    endloop
  endfacet
  facet normal 0 0 1
    outer loop
      vertex 51.848 -49.7799 6
      vertex 51.0349 -50.2494 6
      vertex 51.809 -49.8378 6
    endloop
  endfacet
  facet normal 0 0 1
    outer loop
      vertex 51.5349 -40.5906 6
      vertex 51.6736 -40.6052 6
      vertex 51.6045 -40.5955 6
    endloop
  endfacet
  facet normal 0 0 1
    outer loop
      vertex 51.809 -49.8378 6
      vertex 51.0349 -50.2494 6
      vertex 51.766 -49.8928 6
    endloop
  endfacet
  facet normal 0 0 1
    outer loop
      vertex 52 -40.724 6
      vertex 51.5349 -40.5906 6
      vertex 47.705 -44.3257 6
    endloop
  endfacet
  facet normal 0 0 1
    outer loop
      vertex 51.766 -49.8928 6
      vertex 51.0349 -50.2494 6
      vertex 51.7193 -49.9447 6
    endloop
  endfacet
  facet normal 0 0 1
    outer loop
      vertex 51.7193 -49.9447 6
      vertex 51.0349 -50.2494 6
      vertex 51.6691 -49.9931 6
    endloop
  endfacet
  facet normal 0 0 1
    outer loop
      vertex 51.6691 -49.9931 6
      vertex 51.0349 -50.2494 6
      vertex 51.6157 -50.038 6
    endloop
  endfacet
  facet normal 0 0 1
    outer loop
      vertex 51.6157 -50.038 6
      vertex 51.0349 -50.2494 6
      vertex 51.5592 -50.079 6
    endloop
  endfacet
  facet normal 0 0 1
    outer loop
      vertex 51.5592 -50.079 6
      vertex 51.0349 -50.2494 6
      vertex 51.5 -50.116 6
    endloop
  endfacet
  facet normal 0 0 1
    outer loop
      vertex 51.5 -50.116 6
      vertex 51.0349 -50.2494 6
      vertex 51.4384 -50.1488 6
    endloop
  endfacet
  facet normal 0 0 1
    outer loop
      vertex 51.4384 -50.1488 6
      vertex 51.0349 -50.2494 6
      vertex 51.3746 -50.1772 6
    endloop
  endfacet
  facet normal 0 0 1
    outer loop
      vertex 51.3746 -50.1772 6
      vertex 51.0349 -50.2494 6
      vertex 51.309 -50.2011 6
    endloop
  endfacet
  facet normal 0 0 1
    outer loop
      vertex 51.309 -50.2011 6
      vertex 51.0349 -50.2494 6
      vertex 51.2419 -50.2203 6
    endloop
  endfacet
  facet normal 0 0 1
    outer loop
      vertex 52 -40.724 6
      vertex 47.705 -44.3257 6
      vertex 47.7503 -44.67 6
    endloop
  endfacet
  facet normal 0 0 1
    outer loop
      vertex 51.5349 -40.5906 6
      vertex 47.5721 -44.0048 6
      vertex 47.705 -44.3257 6
    endloop
  endfacet
  facet normal 0 0 1
    outer loop
      vertex 51.5349 -40.5906 6
      vertex 47.3607 -43.7293 6
      vertex 47.5721 -44.0048 6
    endloop
  endfacet
  facet normal 0 0 1
    outer loop
      vertex 51.5349 -40.5906 6
      vertex 47.0852 -43.5179 6
      vertex 47.3607 -43.7293 6
    endloop
  endfacet
  facet normal 0 0 1
    outer loop
      vertex 51.5349 -40.5906 6
      vertex 46.7643 -43.385 6
      vertex 47.0852 -43.5179 6
    endloop
  endfacet
  facet normal -0 0 1
    outer loop
      vertex 43.3051 -40.5906 6
      vertex 46.7643 -43.385 6
      vertex 51.5349 -40.5906 6
    endloop
  endfacet
  facet normal 0 0 1
    outer loop
      vertex 46.7643 -43.385 6
      vertex 43.3051 -40.5906 6
      vertex 46.42 -43.3397 6
    endloop
  endfacet
  facet normal 0 0 1
    outer loop
      vertex 46.42 -43.3397 6
      vertex 43.3051 -40.5906 6
      vertex 46.0757 -43.385 6
    endloop
  endfacet
  facet normal 0 0 1
    outer loop
      vertex 45.2679 -44.0048 6
      vertex 42.34 -41.59 6
      vertex 45.135 -44.3257 6
    endloop
  endfacet
  facet normal 0 0 1
    outer loop
      vertex 45.4793 -43.7293 6
      vertex 42.34 -41.59 6
      vertex 45.2679 -44.0048 6
    endloop
  endfacet
  facet normal -0 0 1
    outer loop
      vertex 42.34 -41.59 6
      vertex 45.4793 -43.7293 6
      vertex 43.3051 -40.5906 6
    endloop
  endfacet
  facet normal 0 0 1
    outer loop
      vertex 45.7548 -43.5179 6
      vertex 43.3051 -40.5906 6
      vertex 45.4793 -43.7293 6
    endloop
  endfacet
  facet normal 0 0 1
    outer loop
      vertex 46.0757 -43.385 6
      vertex 43.3051 -40.5906 6
      vertex 45.7548 -43.5179 6
    endloop
  endfacet
  facet normal 0 0 1
    outer loop
      vertex 51.2419 -50.2203 6
      vertex 51.0349 -50.2494 6
      vertex 51.1736 -50.2348 6
    endloop
  endfacet
  facet normal 0 0 1
    outer loop
      vertex 51.1736 -50.2348 6
      vertex 51.0349 -50.2494 6
      vertex 51.1045 -50.2445 6
    endloop
  endfacet
  facet normal 0 0 1
    outer loop
      vertex 51.9135 -49.6567 6
      vertex 51.0349 -50.2494 6
      vertex 51.8829 -49.7195 6
    endloop
  endfacet
  facet normal -0 0 1
    outer loop
      vertex 47.0852 -45.8221 6
      vertex 51.0349 -50.2494 6
      vertex 47.3607 -45.6107 6
    endloop
  endfacet
  facet normal -0 0 1
    outer loop
      vertex 46.7643 -45.955 6
      vertex 51.0349 -50.2494 6
      vertex 47.0852 -45.8221 6
    endloop
  endfacet
  facet normal -0 0 1
    outer loop
      vertex 46.42 -46.0003 6
      vertex 51.0349 -50.2494 6
      vertex 46.7643 -45.955 6
    endloop
  endfacet
  facet normal 0 0 1
    outer loop
      vertex 42.4743 -50.2494 6
      vertex 46.42 -46.0003 6
      vertex 46.0757 -45.955 6
    endloop
  endfacet
  facet normal 0 0 1
    outer loop
      vertex 42.34 -49.75 6
      vertex 46.0757 -45.955 6
      vertex 45.7548 -45.8221 6
    endloop
  endfacet
  facet normal 0 0 1
    outer loop
      vertex 42.34 -49.75 6
      vertex 45.7548 -45.8221 6
      vertex 45.4793 -45.6107 6
    endloop
  endfacet
  facet normal 0 0 1
    outer loop
      vertex 45.135 -44.3257 6
      vertex 42.34 -41.59 6
      vertex 45.0897 -44.67 6
    endloop
  endfacet
  facet normal 0 0 1
    outer loop
      vertex 42.34 -41.59 6
      vertex 43.3051 -40.5906 6
      vertex 43.2355 -40.5955 6
    endloop
  endfacet
  facet normal 0 0 1
    outer loop
      vertex 45.0897 -44.67 6
      vertex 42.34 -41.59 6
      vertex 45.135 -45.0143 6
    endloop
  endfacet
  facet normal 0 0 1
    outer loop
      vertex 42.34 -41.59 6
      vertex 43.2355 -40.5955 6
      vertex 43.1664 -40.6052 6
    endloop
  endfacet
  facet normal 0 0 1
    outer loop
      vertex 42.34 -41.59 6
      vertex 43.1664 -40.6052 6
      vertex 43.0981 -40.6197 6
    endloop
  endfacet
  facet normal 0 0 1
    outer loop
      vertex 42.34 -41.59 6
      vertex 43.0981 -40.6197 6
      vertex 43.031 -40.6389 6
    endloop
  endfacet
  facet normal 0 0 1
    outer loop
      vertex 42.34 -41.59 6
      vertex 43.031 -40.6389 6
      vertex 42.9654 -40.6628 6
    endloop
  endfacet
  facet normal 0 0 1
    outer loop
      vertex 42.34 -41.59 6
      vertex 42.9654 -40.6628 6
      vertex 42.9016 -40.6912 6
    endloop
  endfacet
  facet normal 0 0 1
    outer loop
      vertex 42.34 -41.59 6
      vertex 42.9016 -40.6912 6
      vertex 42.84 -40.724 6
    endloop
  endfacet
  facet normal 0 0 1
    outer loop
      vertex 42.34 -41.59 6
      vertex 42.84 -40.724 6
      vertex 42.7808 -40.761 6
    endloop
  endfacet
  facet normal 0 0 1
    outer loop
      vertex 42.34 -41.59 6
      vertex 42.7808 -40.761 6
      vertex 42.7243 -40.802 6
    endloop
  endfacet
  facet normal 0 0 1
    outer loop
      vertex 42.34 -41.59 6
      vertex 42.7243 -40.802 6
      vertex 42.6709 -40.8469 6
    endloop
  endfacet
  facet normal 0 0 1
    outer loop
      vertex 42.34 -41.59 6
      vertex 42.6709 -40.8469 6
      vertex 42.6207 -40.8953 6
    endloop
  endfacet
  facet normal 0 0 1
    outer loop
      vertex 42.34 -41.59 6
      vertex 42.6207 -40.8953 6
      vertex 42.574 -40.9472 6
    endloop
  endfacet
  facet normal 0 0 1
    outer loop
      vertex 42.34 -41.59 6
      vertex 42.574 -40.9472 6
      vertex 42.531 -41.0022 6
    endloop
  endfacet
  facet normal 0 0 1
    outer loop
      vertex 42.34 -41.59 6
      vertex 42.531 -41.0022 6
      vertex 42.492 -41.0601 6
    endloop
  endfacet
  facet normal 0 0 1
    outer loop
      vertex 46.42 -46.0003 6
      vertex 42.4743 -50.2494 6
      vertex 51.0349 -50.2494 6
    endloop
  endfacet
  facet normal 0 0 1
    outer loop
      vertex 42.34 -49.75 6
      vertex 45.4793 -45.6107 6
      vertex 45.2679 -45.3352 6
    endloop
  endfacet
  facet normal 0 0 1
    outer loop
      vertex 42.34 -49.75 6
      vertex 45.135 -45.0143 6
      vertex 42.34 -41.59 6
    endloop
  endfacet
  facet normal 0 0 1
    outer loop
      vertex 42.34 -41.59 6
      vertex 42.492 -41.0601 6
      vertex 42.4571 -41.1205 6
    endloop
  endfacet
  facet normal 0 0 1
    outer loop
      vertex 45.135 -45.0143 6
      vertex 42.34 -49.75 6
      vertex 45.2679 -45.3352 6
    endloop
  endfacet
  facet normal 0 0 1
    outer loop
      vertex 42.34 -41.59 6
      vertex 42.4571 -41.1205 6
      vertex 42.4265 -41.1833 6
    endloop
  endfacet
  facet normal 0 0 1
    outer loop
      vertex 46.0757 -45.955 6
      vertex 42.34 -49.75 6
      vertex 42.4743 -50.2494 6
    endloop
  endfacet
  facet normal 0 0 1
    outer loop
      vertex 42.34 -41.59 6
      vertex 42.4265 -41.1833 6
      vertex 42.4003 -41.248 6
    endloop
  endfacet
  facet normal -0 -0 1
    outer loop
      vertex 42.4265 -50.1567 6
      vertex 42.4743 -50.2494 6
      vertex 42.34 -49.75 6
    endloop
  endfacet
  facet normal 0 0 1
    outer loop
      vertex 42.34 -41.59 6
      vertex 42.4003 -41.248 6
      vertex 42.3787 -41.3144 6
    endloop
  endfacet
  facet normal 0 0 1
    outer loop
      vertex 42.4743 -50.2494 6
      vertex 42.4265 -50.1567 6
      vertex 42.4571 -50.2195 6
    endloop
  endfacet
  facet normal 0 0 1
    outer loop
      vertex 42.34 -41.59 6
      vertex 42.3787 -41.3144 6
      vertex 42.3619 -41.3821 6
    endloop
  endfacet
  facet normal 0 0 1
    outer loop
      vertex 42.4265 -50.1567 6
      vertex 42.34 -49.75 6
      vertex 42.4003 -50.092 6
    endloop
  endfacet
  facet normal 0 0 1
    outer loop
      vertex 42.34 -41.59 6
      vertex 42.3619 -41.3821 6
      vertex 42.3497 -41.4508 6
    endloop
  endfacet
  facet normal 0 0 1
    outer loop
      vertex 42.4003 -50.092 6
      vertex 42.34 -49.75 6
      vertex 42.3787 -50.0256 6
    endloop
  endfacet
  facet normal 0 0 1
    outer loop
      vertex 42.34 -41.59 6
      vertex 42.3497 -41.4508 6
      vertex 42.3424 -41.5202 6
    endloop
  endfacet
  facet normal 0 0 1
    outer loop
      vertex 42.3787 -50.0256 6
      vertex 42.34 -49.75 6
      vertex 42.3619 -49.9579 6
    endloop
  endfacet
  facet normal 0 0 1
    outer loop
      vertex 42.3619 -49.9579 6
      vertex 42.34 -49.75 6
      vertex 42.3497 -49.8892 6
    endloop
  endfacet
  facet normal 0 0 1
    outer loop
      vertex 42.3497 -49.8892 6
      vertex 42.34 -49.75 6
      vertex 42.3424 -49.8198 6
    endloop
  endfacet
  facet normal -0.139013 0.990291 0
    outer loop
      vertex 43.2355 -40.5955 3
      vertex 43.1664 -40.6052 6
      vertex 43.2355 -40.5955 6
    endloop
  endfacet
  facet normal -0.139013 0.990291 0
    outer loop
      vertex 43.1664 -40.6052 6
      vertex 43.2355 -40.5955 3
      vertex 43.1664 -40.6052 3
    endloop
  endfacet
  facet normal 0.139013 0.990291 -0
    outer loop
      vertex 51.6736 -40.6052 3
      vertex 51.6045 -40.5955 6
      vertex 51.6736 -40.6052 6
    endloop
  endfacet
  facet normal 0.139013 0.990291 0
    outer loop
      vertex 51.6045 -40.5955 6
      vertex 51.6736 -40.6052 3
      vertex 51.6045 -40.5955 3
    endloop
  endfacet
  facet normal -0.469993 0.88267 0
    outer loop
      vertex 42.9016 -40.6912 3
      vertex 42.84 -40.724 6
      vertex 42.9016 -40.6912 6
    endloop
  endfacet
  facet normal -0.469993 0.88267 0
    outer loop
      vertex 42.84 -40.724 6
      vertex 42.9016 -40.6912 3
      vertex 42.84 -40.724 3
    endloop
  endfacet
  facet normal -0.529999 0.847998 0
    outer loop
      vertex 42.84 -40.724 3
      vertex 42.7808 -40.761 6
      vertex 42.84 -40.724 6
    endloop
  endfacet
  facet normal -0.529999 0.847998 0
    outer loop
      vertex 42.7808 -40.761 6
      vertex 42.84 -40.724 3
      vertex 42.7808 -40.761 3
    endloop
  endfacet
  facet normal -0.926887 -0.375339 0
    outer loop
      vertex 42.4265 -50.1567 3
      vertex 42.4003 -50.092 6
      vertex 42.4003 -50.092 3
    endloop
  endfacet
  facet normal -0.926887 -0.375339 0
    outer loop
      vertex 42.4003 -50.092 6
      vertex 42.4265 -50.1567 3
      vertex 42.4265 -50.1567 6
    endloop
  endfacet
  facet normal 0.0702285 0.997531 -0
    outer loop
      vertex 51.6045 -40.5955 3
      vertex 51.5349 -40.5906 6
      vertex 51.6045 -40.5955 6
    endloop
  endfacet
  facet normal 0.0702285 0.997531 0
    outer loop
      vertex 51.5349 -40.5906 6
      vertex 51.6045 -40.5955 3
      vertex 51.5349 -40.5906 3
    endloop
  endfacet
  facet normal -0.999409 -0.0343636 0
    outer loop
      vertex 42.3424 41.5202 3
      vertex 42.34 41.59 6
      vertex 42.34 41.59 3
    endloop
  endfacet
  facet normal -0.999409 -0.0343636 0
    outer loop
      vertex 42.34 41.59 6
      vertex 42.3424 41.5202 3
      vertex 42.3424 41.5202 6
    endloop
  endfacet
  facet normal -1 0 0
    outer loop
      vertex 42.34 41.59 3
      vertex 42.34 49.75 6
      vertex 42.34 49.75 3
    endloop
  endfacet
  facet normal -1 -0 0
    outer loop
      vertex 42.34 49.75 6
      vertex 42.34 41.59 3
      vertex 42.34 41.59 6
    endloop
  endfacet
  facet normal -0.984595 0.174848 0
    outer loop
      vertex 42.3497 49.8892 3
      vertex 42.3619 49.9579 6
      vertex 42.3619 49.9579 3
    endloop
  endfacet
  facet normal -0.984595 0.174848 0
    outer loop
      vertex 42.3619 49.9579 6
      vertex 42.3497 49.8892 3
      vertex 42.3497 49.8892 6
    endloop
  endfacet
  facet normal -0.994513 0.10461 0
    outer loop
      vertex 42.3424 49.8198 3
      vertex 42.3497 49.8892 6
      vertex 42.3497 49.8892 3
    endloop
  endfacet
  facet normal -0.994513 0.10461 0
    outer loop
      vertex 42.3497 49.8892 6
      vertex 42.3424 49.8198 3
      vertex 42.3424 49.8198 6
    endloop
  endfacet
  facet normal 0 -1 0
    outer loop
      vertex 43.3051 40.5906 3
      vertex 51.5349 40.5906 6
      vertex 43.3051 40.5906 6
    endloop
  endfacet
  facet normal 0 -1 -0
    outer loop
      vertex 51.5349 40.5906 6
      vertex 43.3051 40.5906 3
      vertex 51.5349 40.5906 3
    endloop
  endfacet
  facet normal -0.95095 -0.309345 0
    outer loop
      vertex 42.4003 41.248 3
      vertex 42.3787 41.3144 6
      vertex 42.3787 41.3144 3
    endloop
  endfacet
  facet normal -0.95095 -0.309345 0
    outer loop
      vertex 42.3787 41.3144 6
      vertex 42.4003 41.248 3
      vertex 42.4003 41.248 6
    endloop
  endfacet
  facet normal -0.20767 -0.978199 0
    outer loop
      vertex 43.0981 40.6197 3
      vertex 43.1664 40.6052 6
      vertex 43.0981 40.6197 6
    endloop
  endfacet
  facet normal -0.20767 -0.978199 -0
    outer loop
      vertex 43.1664 40.6052 6
      vertex 43.0981 40.6197 3
      vertex 43.1664 40.6052 3
    endloop
  endfacet
  facet normal 0.20767 -0.978199 0
    outer loop
      vertex 51.6736 40.6052 3
      vertex 51.7419 40.6197 6
      vertex 51.6736 40.6052 6
    endloop
  endfacet
  facet normal 0.20767 -0.978199 0
    outer loop
      vertex 51.7419 40.6197 6
      vertex 51.6736 40.6052 3
      vertex 51.7419 40.6197 3
    endloop
  endfacet
  facet normal -0.829396 -0.558661 0
    outer loop
      vertex 42.531 41.0022 3
      vertex 42.492 41.0601 6
      vertex 42.492 41.0601 3
    endloop
  endfacet
  facet normal -0.829396 -0.558661 0
    outer loop
      vertex 42.492 41.0601 6
      vertex 42.531 41.0022 3
      vertex 42.531 41.0022 6
    endloop
  endfacet
  facet normal 0.2751 -0.961416 0
    outer loop
      vertex 51.7419 40.6197 3
      vertex 51.809 40.6389 6
      vertex 51.7419 40.6197 6
    endloop
  endfacet
  facet normal 0.2751 -0.961416 0
    outer loop
      vertex 51.809 40.6389 6
      vertex 51.7419 40.6197 3
      vertex 51.809 40.6389 3
    endloop
  endfacet
  facet normal -0.40667 -0.913575 0
    outer loop
      vertex 42.9016 40.6912 3
      vertex 42.9654 40.6628 6
      vertex 42.9016 40.6912 6
    endloop
  endfacet
  facet normal -0.40667 -0.913575 -0
    outer loop
      vertex 42.9654 40.6628 6
      vertex 42.9016 40.6912 3
      vertex 42.9654 40.6628 3
    endloop
  endfacet
  facet normal 0.342318 -0.939584 0
    outer loop
      vertex 51.809 40.6389 3
      vertex 51.8746 40.6628 6
      vertex 51.809 40.6389 6
    endloop
  endfacet
  facet normal 0.342318 -0.939584 0
    outer loop
      vertex 51.8746 40.6628 6
      vertex 51.809 40.6389 3
      vertex 51.8746 40.6628 3
    endloop
  endfacet
  facet normal -0.2751 -0.961416 0
    outer loop
      vertex 43.031 40.6389 3
      vertex 43.0981 40.6197 6
      vertex 43.031 40.6389 6
    endloop
  endfacet
  facet normal -0.2751 -0.961416 -0
    outer loop
      vertex 43.0981 40.6197 6
      vertex 43.031 40.6389 3
      vertex 43.0981 40.6197 3
    endloop
  endfacet
  facet normal 0.139013 -0.990291 0
    outer loop
      vertex 51.6045 40.5955 3
      vertex 51.6736 40.6052 6
      vertex 51.6045 40.5955 6
    endloop
  endfacet
  facet normal 0.139013 -0.990291 0
    outer loop
      vertex 51.6736 40.6052 6
      vertex 51.6045 40.5955 3
      vertex 51.6736 40.6052 3
    endloop
  endfacet
  facet normal -0.970563 -0.240849 0
    outer loop
      vertex 42.3787 41.3144 3
      vertex 42.3619 41.3821 6
      vertex 42.3619 41.3821 3
    endloop
  endfacet
  facet normal -0.970563 -0.240849 0
    outer loop
      vertex 42.3619 41.3821 6
      vertex 42.3787 41.3144 3
      vertex 42.3787 41.3144 6
    endloop
  endfacet
  facet normal -0.999409 0.0343636 0
    outer loop
      vertex 42.34 49.75 3
      vertex 42.3424 49.8198 6
      vertex 42.3424 49.8198 3
    endloop
  endfacet
  facet normal -0.999409 0.0343636 0
    outer loop
      vertex 42.3424 49.8198 6
      vertex 42.34 49.75 3
      vertex 42.34 49.75 6
    endloop
  endfacet
  facet normal 0.0702285 -0.997531 0
    outer loop
      vertex 51.5349 40.5906 3
      vertex 51.6045 40.5955 6
      vertex 51.5349 40.5906 6
    endloop
  endfacet
  facet normal 0.0702285 -0.997531 0
    outer loop
      vertex 51.6045 40.5955 6
      vertex 51.5349 40.5906 3
      vertex 51.6045 40.5955 3
    endloop
  endfacet
  facet normal -0.342318 -0.939584 0
    outer loop
      vertex 42.9654 40.6628 3
      vertex 43.031 40.6389 6
      vertex 42.9654 40.6628 6
    endloop
  endfacet
  facet normal -0.342318 -0.939584 -0
    outer loop
      vertex 43.031 40.6389 6
      vertex 42.9654 40.6628 3
      vertex 43.031 40.6389 3
    endloop
  endfacet
  facet normal -0.0702285 -0.997531 0
    outer loop
      vertex 43.2355 40.5955 3
      vertex 43.3051 40.5906 6
      vertex 43.2355 40.5955 6
    endloop
  endfacet
  facet normal -0.0702285 -0.997531 -0
    outer loop
      vertex 43.3051 40.5906 6
      vertex 43.2355 40.5955 3
      vertex 43.3051 40.5906 3
    endloop
  endfacet
  facet normal 0.469993 -0.88267 0
    outer loop
      vertex 51.9384 40.6912 3
      vertex 52 40.724 6
      vertex 51.9384 40.6912 6
    endloop
  endfacet
  facet normal 0.469993 -0.88267 0
    outer loop
      vertex 52 40.724 6
      vertex 51.9384 40.6912 3
      vertex 52 40.724 3
    endloop
  endfacet
  facet normal -0.139013 -0.990291 0
    outer loop
      vertex 43.1664 40.6052 3
      vertex 43.2355 40.5955 6
      vertex 43.1664 40.6052 6
    endloop
  endfacet
  facet normal -0.139013 -0.990291 -0
    outer loop
      vertex 43.2355 40.5955 6
      vertex 43.1664 40.6052 3
      vertex 43.2355 40.5955 3
    endloop
  endfacet
  facet normal -0.898961 -0.438029 0
    outer loop
      vertex 42.4571 41.1205 3
      vertex 42.4265 41.1833 6
      vertex 42.4265 41.1833 3
    endloop
  endfacet
  facet normal -0.898961 -0.438029 0
    outer loop
      vertex 42.4265 41.1833 6
      vertex 42.4571 41.1205 3
      vertex 42.4571 41.1205 6
    endloop
  endfacet
  facet normal -0.926887 0.375339 0
    outer loop
      vertex 42.4003 50.092 3
      vertex 42.4265 50.1567 6
      vertex 42.4265 50.1567 3
    endloop
  endfacet
  facet normal -0.926887 0.375339 0
    outer loop
      vertex 42.4265 50.1567 6
      vertex 42.4003 50.092 3
      vertex 42.4003 50.092 6
    endloop
  endfacet
  facet normal -0.787807 -0.615922 0
    outer loop
      vertex 42.574 40.9472 3
      vertex 42.531 41.0022 6
      vertex 42.531 41.0022 3
    endloop
  endfacet
  facet normal -0.787807 -0.615922 0
    outer loop
      vertex 42.531 41.0022 6
      vertex 42.574 40.9472 3
      vertex 42.574 40.9472 6
    endloop
  endfacet
  facet normal -0.643562 -0.765394 0
    outer loop
      vertex 42.6709 40.8469 3
      vertex 42.7243 40.802 6
      vertex 42.6709 40.8469 6
    endloop
  endfacet
  facet normal -0.643562 -0.765394 -0
    outer loop
      vertex 42.7243 40.802 6
      vertex 42.6709 40.8469 3
      vertex 42.7243 40.802 3
    endloop
  endfacet
  facet normal 0.40667 -0.913575 0
    outer loop
      vertex 51.8746 40.6628 3
      vertex 51.9384 40.6912 6
      vertex 51.8746 40.6628 6
    endloop
  endfacet
  facet normal 0.40667 -0.913575 0
    outer loop
      vertex 51.9384 40.6912 6
      vertex 51.8746 40.6628 3
      vertex 51.9384 40.6912 3
    endloop
  endfacet
  facet normal -0.994513 -0.10461 0
    outer loop
      vertex 42.3497 41.4508 3
      vertex 42.3424 41.5202 6
      vertex 42.3424 41.5202 3
    endloop
  endfacet
  facet normal -0.994513 -0.10461 0
    outer loop
      vertex 42.3424 41.5202 6
      vertex 42.3497 41.4508 3
      vertex 42.3497 41.4508 6
    endloop
  endfacet
  facet normal -0.926887 -0.375339 0
    outer loop
      vertex 42.4265 41.1833 3
      vertex 42.4003 41.248 6
      vertex 42.4003 41.248 3
    endloop
  endfacet
  facet normal -0.926887 -0.375339 0
    outer loop
      vertex 42.4003 41.248 6
      vertex 42.4265 41.1833 3
      vertex 42.4265 41.1833 6
    endloop
  endfacet
  facet normal -0.866812 0.498635 0
    outer loop
      vertex 42.4571 50.2195 3
      vertex 42.4743 50.2494 6
      vertex 42.4743 50.2494 3
    endloop
  endfacet
  facet normal -0.866812 0.498635 0
    outer loop
      vertex 42.4743 50.2494 6
      vertex 42.4571 50.2195 3
      vertex 42.4571 50.2195 6
    endloop
  endfacet
  facet normal -0.58732 -0.809355 0
    outer loop
      vertex 42.7243 40.802 3
      vertex 42.7808 40.761 6
      vertex 42.7243 40.802 6
    endloop
  endfacet
  facet normal -0.58732 -0.809355 -0
    outer loop
      vertex 42.7808 40.761 6
      vertex 42.7243 40.802 3
      vertex 42.7808 40.761 3
    endloop
  endfacet
  facet normal -0.694082 -0.719895 0
    outer loop
      vertex 42.6207 40.8953 3
      vertex 42.6709 40.8469 6
      vertex 42.6207 40.8953 6
    endloop
  endfacet
  facet normal -0.694082 -0.719895 -0
    outer loop
      vertex 42.6709 40.8469 6
      vertex 42.6207 40.8953 3
      vertex 42.6709 40.8469 3
    endloop
  endfacet
  facet normal -0.970563 0.240849 0
    outer loop
      vertex 42.3619 49.9579 3
      vertex 42.3787 50.0256 6
      vertex 42.3787 50.0256 3
    endloop
  endfacet
  facet normal -0.970563 0.240849 0
    outer loop
      vertex 42.3787 50.0256 6
      vertex 42.3619 49.9579 3
      vertex 42.3619 49.9579 6
    endloop
  endfacet
  facet normal -0.95095 0.309345 0
    outer loop
      vertex 42.3787 50.0256 3
      vertex 42.4003 50.092 6
      vertex 42.4003 50.092 3
    endloop
  endfacet
  facet normal -0.95095 0.309345 0
    outer loop
      vertex 42.4003 50.092 6
      vertex 42.3787 50.0256 3
      vertex 42.3787 50.0256 6
    endloop
  endfacet
  facet normal -0.743365 -0.668886 0
    outer loop
      vertex 42.6207 40.8953 3
      vertex 42.574 40.9472 6
      vertex 42.574 40.9472 3
    endloop
  endfacet
  facet normal -0.743365 -0.668886 0
    outer loop
      vertex 42.574 40.9472 6
      vertex 42.6207 40.8953 3
      vertex 42.6207 40.8953 6
    endloop
  endfacet
  facet normal 0 0 1
    outer loop
      vertex 52 49.25 6
      vertex 47.705 45.0143 6
      vertex 47.7503 44.67 6
    endloop
  endfacet
  facet normal 0 0 1
    outer loop
      vertex 52 49.25 6
      vertex 47.5721 45.3352 6
      vertex 47.705 45.0143 6
    endloop
  endfacet
  facet normal 0 0 1
    outer loop
      vertex 52 49.25 6
      vertex 47.3607 45.6107 6
      vertex 47.5721 45.3352 6
    endloop
  endfacet
  facet normal 0 0 1
    outer loop
      vertex 51.0349 50.2494 6
      vertex 47.0852 45.8221 6
      vertex 47.3607 45.6107 6
    endloop
  endfacet
  facet normal 0 0 1
    outer loop
      vertex 51.0349 50.2494 6
      vertex 46.7643 45.955 6
      vertex 47.0852 45.8221 6
    endloop
  endfacet
  facet normal 0 0 1
    outer loop
      vertex 51.0349 50.2494 6
      vertex 46.42 46.0003 6
      vertex 46.7643 45.955 6
    endloop
  endfacet
  facet normal -0 0 1
    outer loop
      vertex 42.4743 50.2494 6
      vertex 46.42 46.0003 6
      vertex 51.0349 50.2494 6
    endloop
  endfacet
  facet normal 0 0 1
    outer loop
      vertex 46.42 46.0003 6
      vertex 42.4743 50.2494 6
      vertex 46.0757 45.955 6
    endloop
  endfacet
  facet normal -0 0 1
    outer loop
      vertex 42.34 49.75 6
      vertex 46.0757 45.955 6
      vertex 42.4743 50.2494 6
    endloop
  endfacet
  facet normal 0 0 1
    outer loop
      vertex 42.34 41.59 6
      vertex 45.0897 44.67 6
      vertex 45.135 45.0143 6
    endloop
  endfacet
  facet normal 0 0 1
    outer loop
      vertex 45.0897 44.67 6
      vertex 42.34 41.59 6
      vertex 43.3051 40.5906 6
    endloop
  endfacet
  facet normal 0 0 1
    outer loop
      vertex 42.34 49.75 6
      vertex 45.135 45.0143 6
      vertex 45.2679 45.3352 6
    endloop
  endfacet
  facet normal 0 0 1
    outer loop
      vertex 43.3051 40.5906 6
      vertex 42.34 41.59 6
      vertex 43.2355 40.5955 6
    endloop
  endfacet
  facet normal 0 0 1
    outer loop
      vertex 43.2355 40.5955 6
      vertex 42.34 41.59 6
      vertex 43.1664 40.6052 6
    endloop
  endfacet
  facet normal 0 0 1
    outer loop
      vertex 43.1664 40.6052 6
      vertex 42.34 41.59 6
      vertex 43.0981 40.6197 6
    endloop
  endfacet
  facet normal 0 0 1
    outer loop
      vertex 43.0981 40.6197 6
      vertex 42.34 41.59 6
      vertex 43.031 40.6389 6
    endloop
  endfacet
  facet normal 0 0 1
    outer loop
      vertex 43.031 40.6389 6
      vertex 42.34 41.59 6
      vertex 42.9654 40.6628 6
    endloop
  endfacet
  facet normal 0 0 1
    outer loop
      vertex 42.9654 40.6628 6
      vertex 42.34 41.59 6
      vertex 42.9016 40.6912 6
    endloop
  endfacet
  facet normal 0 0 1
    outer loop
      vertex 42.9016 40.6912 6
      vertex 42.34 41.59 6
      vertex 42.84 40.724 6
    endloop
  endfacet
  facet normal 0 0 1
    outer loop
      vertex 42.84 40.724 6
      vertex 42.34 41.59 6
      vertex 42.7808 40.761 6
    endloop
  endfacet
  facet normal 0 0 1
    outer loop
      vertex 42.7808 40.761 6
      vertex 42.34 41.59 6
      vertex 42.7243 40.802 6
    endloop
  endfacet
  facet normal 0 0 1
    outer loop
      vertex 42.7243 40.802 6
      vertex 42.34 41.59 6
      vertex 42.6709 40.8469 6
    endloop
  endfacet
  facet normal 0 0 1
    outer loop
      vertex 42.6709 40.8469 6
      vertex 42.34 41.59 6
      vertex 42.6207 40.8953 6
    endloop
  endfacet
  facet normal 0 0 1
    outer loop
      vertex 42.6207 40.8953 6
      vertex 42.34 41.59 6
      vertex 42.574 40.9472 6
    endloop
  endfacet
  facet normal 0 0 1
    outer loop
      vertex 42.574 40.9472 6
      vertex 42.34 41.59 6
      vertex 42.531 41.0022 6
    endloop
  endfacet
  facet normal 0 0 1
    outer loop
      vertex 46.0757 45.955 6
      vertex 42.34 49.75 6
      vertex 45.7548 45.8221 6
    endloop
  endfacet
  facet normal 0 0 1
    outer loop
      vertex 45.7548 45.8221 6
      vertex 42.34 49.75 6
      vertex 45.4793 45.6107 6
    endloop
  endfacet
  facet normal 0 0 1
    outer loop
      vertex 45.4793 45.6107 6
      vertex 42.34 49.75 6
      vertex 45.2679 45.3352 6
    endloop
  endfacet
  facet normal 0 0 1
    outer loop
      vertex 42.4265 50.1567 6
      vertex 42.4743 50.2494 6
      vertex 42.4571 50.2195 6
    endloop
  endfacet
  facet normal 0 0 1
    outer loop
      vertex 45.135 45.0143 6
      vertex 42.34 49.75 6
      vertex 42.34 41.59 6
    endloop
  endfacet
  facet normal 0 0 1
    outer loop
      vertex 42.4743 50.2494 6
      vertex 42.4265 50.1567 6
      vertex 42.34 49.75 6
    endloop
  endfacet
  facet normal 0 0 1
    outer loop
      vertex 42.531 41.0022 6
      vertex 42.34 41.59 6
      vertex 42.492 41.0601 6
    endloop
  endfacet
  facet normal 0 0 1
    outer loop
      vertex 42.34 49.75 6
      vertex 42.4265 50.1567 6
      vertex 42.4003 50.092 6
    endloop
  endfacet
  facet normal 0 0 1
    outer loop
      vertex 42.492 41.0601 6
      vertex 42.34 41.59 6
      vertex 42.4571 41.1205 6
    endloop
  endfacet
  facet normal 0 0 1
    outer loop
      vertex 42.34 49.75 6
      vertex 42.4003 50.092 6
      vertex 42.3787 50.0256 6
    endloop
  endfacet
  facet normal 0 0 1
    outer loop
      vertex 42.4571 41.1205 6
      vertex 42.34 41.59 6
      vertex 42.4265 41.1833 6
    endloop
  endfacet
  facet normal 0 0 1
    outer loop
      vertex 42.34 49.75 6
      vertex 42.3787 50.0256 6
      vertex 42.3619 49.9579 6
    endloop
  endfacet
  facet normal 0 0 1
    outer loop
      vertex 42.4265 41.1833 6
      vertex 42.34 41.59 6
      vertex 42.4003 41.248 6
    endloop
  endfacet
  facet normal 0 0 1
    outer loop
      vertex 42.34 49.75 6
      vertex 42.3619 49.9579 6
      vertex 42.3497 49.8892 6
    endloop
  endfacet
  facet normal 0 0 1
    outer loop
      vertex 42.4003 41.248 6
      vertex 42.34 41.59 6
      vertex 42.3787 41.3144 6
    endloop
  endfacet
  facet normal 0 0 1
    outer loop
      vertex 42.34 49.75 6
      vertex 42.3497 49.8892 6
      vertex 42.3424 49.8198 6
    endloop
  endfacet
  facet normal 0 0 1
    outer loop
      vertex 42.3787 41.3144 6
      vertex 42.34 41.59 6
      vertex 42.3619 41.3821 6
    endloop
  endfacet
  facet normal 0 0 1
    outer loop
      vertex 42.3619 41.3821 6
      vertex 42.34 41.59 6
      vertex 42.3497 41.4508 6
    endloop
  endfacet
  facet normal 0 0 1
    outer loop
      vertex 42.3497 41.4508 6
      vertex 42.34 41.59 6
      vertex 42.3424 41.5202 6
    endloop
  endfacet
  facet normal 0 0 1
    outer loop
      vertex 51.0349 50.2494 6
      vertex 52 49.25 6
      vertex 51.9976 49.3198 6
    endloop
  endfacet
  facet normal 0 0 1
    outer loop
      vertex 51.0349 50.2494 6
      vertex 51.9976 49.3198 6
      vertex 51.9903 49.3892 6
    endloop
  endfacet
  facet normal 0 0 1
    outer loop
      vertex 51.0349 50.2494 6
      vertex 51.9903 49.3892 6
      vertex 51.9781 49.4579 6
    endloop
  endfacet
  facet normal 0 0 1
    outer loop
      vertex 51.0349 50.2494 6
      vertex 51.9781 49.4579 6
      vertex 51.9613 49.5256 6
    endloop
  endfacet
  facet normal 0 0 1
    outer loop
      vertex 51.0349 50.2494 6
      vertex 51.9613 49.5256 6
      vertex 51.9397 49.592 6
    endloop
  endfacet
  facet normal 0 0 1
    outer loop
      vertex 52 49.25 6
      vertex 47.7503 44.67 6
      vertex 52 40.724 6
    endloop
  endfacet
  facet normal 0 0 1
    outer loop
      vertex 51.0349 50.2494 6
      vertex 51.9397 49.592 6
      vertex 51.9135 49.6567 6
    endloop
  endfacet
  facet normal 0 0 1
    outer loop
      vertex 51.0349 50.2494 6
      vertex 51.9135 49.6567 6
      vertex 51.8829 49.7195 6
    endloop
  endfacet
  facet normal -0 0 1
    outer loop
      vertex 47.705 44.3257 6
      vertex 52 40.724 6
      vertex 47.7503 44.67 6
    endloop
  endfacet
  facet normal 0 0 1
    outer loop
      vertex 51.0349 50.2494 6
      vertex 51.8829 49.7195 6
      vertex 51.848 49.7799 6
    endloop
  endfacet
  facet normal 0 0 1
    outer loop
      vertex 51.0349 50.2494 6
      vertex 51.848 49.7799 6
      vertex 51.809 49.8378 6
    endloop
  endfacet
  facet normal 0 -0 1
    outer loop
      vertex 51.5349 40.5906 6
      vertex 52 40.724 6
      vertex 47.705 44.3257 6
    endloop
  endfacet
  facet normal 0 0 1
    outer loop
      vertex 51.0349 50.2494 6
      vertex 51.809 49.8378 6
      vertex 51.766 49.8928 6
    endloop
  endfacet
  facet normal 0 0 1
    outer loop
      vertex 52 40.724 6
      vertex 51.5349 40.5906 6
      vertex 51.9384 40.6912 6
    endloop
  endfacet
  facet normal 0 0 1
    outer loop
      vertex 51.0349 50.2494 6
      vertex 51.766 49.8928 6
      vertex 51.7193 49.9447 6
    endloop
  endfacet
  facet normal 0 0 1
    outer loop
      vertex 51.9384 40.6912 6
      vertex 51.5349 40.5906 6
      vertex 51.8746 40.6628 6
    endloop
  endfacet
  facet normal 0 0 1
    outer loop
      vertex 51.0349 50.2494 6
      vertex 51.7193 49.9447 6
      vertex 51.6691 49.9931 6
    endloop
  endfacet
  facet normal 0 0 1
    outer loop
      vertex 51.0349 50.2494 6
      vertex 51.6691 49.9931 6
      vertex 51.6157 50.038 6
    endloop
  endfacet
  facet normal 0 0 1
    outer loop
      vertex 51.809 40.6389 6
      vertex 51.5349 40.5906 6
      vertex 51.7419 40.6197 6
    endloop
  endfacet
  facet normal 0 0 1
    outer loop
      vertex 51.0349 50.2494 6
      vertex 51.6157 50.038 6
      vertex 51.5592 50.079 6
    endloop
  endfacet
  facet normal 0 0 1
    outer loop
      vertex 51.7419 40.6197 6
      vertex 51.5349 40.5906 6
      vertex 51.6736 40.6052 6
    endloop
  endfacet
  facet normal 0 0 1
    outer loop
      vertex 51.0349 50.2494 6
      vertex 51.5592 50.079 6
      vertex 51.5 50.116 6
    endloop
  endfacet
  facet normal 0 0 1
    outer loop
      vertex 51.0349 50.2494 6
      vertex 51.5 50.116 6
      vertex 51.4384 50.1488 6
    endloop
  endfacet
  facet normal 0 0 1
    outer loop
      vertex 51.0349 50.2494 6
      vertex 51.4384 50.1488 6
      vertex 51.3746 50.1772 6
    endloop
  endfacet
  facet normal 0 0 1
    outer loop
      vertex 51.0349 50.2494 6
      vertex 51.3746 50.1772 6
      vertex 51.309 50.2011 6
    endloop
  endfacet
  facet normal 0 0 1
    outer loop
      vertex 51.0349 50.2494 6
      vertex 51.309 50.2011 6
      vertex 51.2419 50.2203 6
    endloop
  endfacet
  facet normal 0 0 1
    outer loop
      vertex 51.0349 50.2494 6
      vertex 51.2419 50.2203 6
      vertex 51.1736 50.2348 6
    endloop
  endfacet
  facet normal 0 0 1
    outer loop
      vertex 51.0349 50.2494 6
      vertex 51.1736 50.2348 6
      vertex 51.1045 50.2445 6
    endloop
  endfacet
  facet normal 0 0 1
    outer loop
      vertex 47.3607 45.6107 6
      vertex 52 49.25 6
      vertex 51.0349 50.2494 6
    endloop
  endfacet
  facet normal 0 0 1
    outer loop
      vertex 51.6736 40.6052 6
      vertex 51.5349 40.5906 6
      vertex 51.6045 40.5955 6
    endloop
  endfacet
  facet normal 0 0 1
    outer loop
      vertex 51.8746 40.6628 6
      vertex 51.5349 40.5906 6
      vertex 51.809 40.6389 6
    endloop
  endfacet
  facet normal -0 0 1
    outer loop
      vertex 47.5721 44.0048 6
      vertex 51.5349 40.5906 6
      vertex 47.705 44.3257 6
    endloop
  endfacet
  facet normal -0 0 1
    outer loop
      vertex 47.3607 43.7293 6
      vertex 51.5349 40.5906 6
      vertex 47.5721 44.0048 6
    endloop
  endfacet
  facet normal -0 0 1
    outer loop
      vertex 47.0852 43.5179 6
      vertex 51.5349 40.5906 6
      vertex 47.3607 43.7293 6
    endloop
  endfacet
  facet normal -0 0 1
    outer loop
      vertex 46.7643 43.385 6
      vertex 51.5349 40.5906 6
      vertex 47.0852 43.5179 6
    endloop
  endfacet
  facet normal 0 0 1
    outer loop
      vertex 43.3051 40.5906 6
      vertex 46.7643 43.385 6
      vertex 46.42 43.3397 6
    endloop
  endfacet
  facet normal 0 0 1
    outer loop
      vertex 43.3051 40.5906 6
      vertex 46.42 43.3397 6
      vertex 46.0757 43.385 6
    endloop
  endfacet
  facet normal 0 0 1
    outer loop
      vertex 43.3051 40.5906 6
      vertex 46.0757 43.385 6
      vertex 45.7548 43.5179 6
    endloop
  endfacet
  facet normal 0 0 1
    outer loop
      vertex 46.7643 43.385 6
      vertex 43.3051 40.5906 6
      vertex 51.5349 40.5906 6
    endloop
  endfacet
  facet normal 0 0 1
    outer loop
      vertex 45.4793 43.7293 6
      vertex 43.3051 40.5906 6
      vertex 45.7548 43.5179 6
    endloop
  endfacet
  facet normal 0 0 1
    outer loop
      vertex 45.2679 44.0048 6
      vertex 43.3051 40.5906 6
      vertex 45.4793 43.7293 6
    endloop
  endfacet
  facet normal 0 0 1
    outer loop
      vertex 45.135 44.3257 6
      vertex 43.3051 40.5906 6
      vertex 45.2679 44.0048 6
    endloop
  endfacet
  facet normal 0 0 1
    outer loop
      vertex 43.3051 40.5906 6
      vertex 45.135 44.3257 6
      vertex 45.0897 44.67 6
    endloop
  endfacet
  facet normal -0.865851 -0.500301 0
    outer loop
      vertex 42.492 41.0601 3
      vertex 42.4571 41.1205 6
      vertex 42.4571 41.1205 3
    endloop
  endfacet
  facet normal -0.865851 -0.500301 0
    outer loop
      vertex 42.4571 41.1205 6
      vertex 42.492 41.0601 3
      vertex 42.492 41.0601 6
    endloop
  endfacet
  facet normal -0.529999 -0.847998 0
    outer loop
      vertex 42.7808 40.761 3
      vertex 42.84 40.724 6
      vertex 42.7808 40.761 6
    endloop
  endfacet
  facet normal -0.529999 -0.847998 -0
    outer loop
      vertex 42.84 40.724 6
      vertex 42.7808 40.761 3
      vertex 42.84 40.724 3
    endloop
  endfacet
  facet normal -0.984595 -0.174848 0
    outer loop
      vertex 42.3619 41.3821 3
      vertex 42.3497 41.4508 6
      vertex 42.3497 41.4508 3
    endloop
  endfacet
  facet normal -0.984595 -0.174848 0
    outer loop
      vertex 42.3497 41.4508 6
      vertex 42.3619 41.3821 3
      vertex 42.3619 41.3821 6
    endloop
  endfacet
  facet normal -0.898961 0.438029 0
    outer loop
      vertex 42.4265 50.1567 3
      vertex 42.4571 50.2195 6
      vertex 42.4571 50.2195 3
    endloop
  endfacet
  facet normal -0.898961 0.438029 0
    outer loop
      vertex 42.4571 50.2195 6
      vertex 42.4265 50.1567 3
      vertex 42.4265 50.1567 6
    endloop
  endfacet
  facet normal -0.469993 -0.88267 0
    outer loop
      vertex 42.84 40.724 3
      vertex 42.9016 40.6912 6
      vertex 42.84 40.724 6
    endloop
  endfacet
  facet normal -0.469993 -0.88267 -0
    outer loop
      vertex 42.9016 40.6912 6
      vertex 42.84 40.724 3
      vertex 42.9016 40.6912 3
    endloop
  endfacet
  facet normal -0.923901 -0.382632 0
    outer loop
      vertex -45.135 -44.3257 3
      vertex -45.2679 -44.0048 3
      vertex -45.2679 -44.0048 0
    endloop
  endfacet
  facet normal -0.923901 -0.382632 -0
    outer loop
      vertex -45.135 -44.3257 3
      vertex -45.2679 -44.0048 0
      vertex -45.135 -44.3257 0
    endloop
  endfacet
  facet normal -0.923901 -0.382632 0
    outer loop
      vertex -45.2679 -44.0048 3
      vertex -45.135 -44.3257 3
      vertex -45.2679 -44.0048 6
    endloop
  endfacet
  facet normal -0.923901 -0.382632 0
    outer loop
      vertex -45.2679 -44.0048 6
      vertex -45.135 -44.3257 3
      vertex -45.135 -44.3257 6
    endloop
  endfacet
  facet normal -0.991455 -0.130447 0
    outer loop
      vertex -45.0897 -44.67 3
      vertex -45.135 -44.3257 3
      vertex -45.135 -44.3257 0
    endloop
  endfacet
  facet normal -0.991455 -0.130447 -0
    outer loop
      vertex -45.0897 -44.67 3
      vertex -45.135 -44.3257 0
      vertex -45.0897 -44.67 0
    endloop
  endfacet
  facet normal -0.991455 -0.130447 0
    outer loop
      vertex -45.135 -44.3257 3
      vertex -45.0897 -44.67 3
      vertex -45.135 -44.3257 6
    endloop
  endfacet
  facet normal -0.991455 -0.130447 0
    outer loop
      vertex -45.135 -44.3257 6
      vertex -45.0897 -44.67 3
      vertex -45.0897 -44.67 6
    endloop
  endfacet
  facet normal -0.608764 0.793351 0
    outer loop
      vertex -45.4793 -45.6107 3
      vertex -45.7548 -45.8221 6
      vertex -45.4793 -45.6107 6
    endloop
  endfacet
  facet normal -0.608764 0.793351 0
    outer loop
      vertex -45.4793 -45.6107 3
      vertex -45.7548 -45.8221 3
      vertex -45.7548 -45.8221 6
    endloop
  endfacet
  facet normal -0.608764 0.793351 0
    outer loop
      vertex -45.4793 -45.6107 0
      vertex -45.7548 -45.8221 3
      vertex -45.4793 -45.6107 3
    endloop
  endfacet
  facet normal -0.608764 0.793351 0
    outer loop
      vertex -45.7548 -45.8221 3
      vertex -45.4793 -45.6107 0
      vertex -45.7548 -45.8221 0
    endloop
  endfacet
  facet normal -0.382632 0.923901 0
    outer loop
      vertex -45.7548 -45.8221 3
      vertex -46.0757 -45.955 6
      vertex -45.7548 -45.8221 6
    endloop
  endfacet
  facet normal -0.382632 0.923901 0
    outer loop
      vertex -45.7548 -45.8221 3
      vertex -46.0757 -45.955 3
      vertex -46.0757 -45.955 6
    endloop
  endfacet
  facet normal -0.382632 0.923901 0
    outer loop
      vertex -45.7548 -45.8221 0
      vertex -46.0757 -45.955 3
      vertex -45.7548 -45.8221 3
    endloop
  endfacet
  facet normal -0.382632 0.923901 0
    outer loop
      vertex -46.0757 -45.955 3
      vertex -45.7548 -45.8221 0
      vertex -46.0757 -45.955 0
    endloop
  endfacet
  facet normal 0.130447 -0.991455 0
    outer loop
      vertex -46.7643 -43.385 3
      vertex -46.42 -43.3397 6
      vertex -46.7643 -43.385 6
    endloop
  endfacet
  facet normal 0.130447 -0.991455 0
    outer loop
      vertex -46.7643 -43.385 3
      vertex -46.42 -43.3397 3
      vertex -46.42 -43.3397 6
    endloop
  endfacet
  facet normal 0.130447 -0.991455 0
    outer loop
      vertex -46.7643 -43.385 0
      vertex -46.42 -43.3397 3
      vertex -46.7643 -43.385 3
    endloop
  endfacet
  facet normal 0.130447 -0.991455 0
    outer loop
      vertex -46.42 -43.3397 3
      vertex -46.7643 -43.385 0
      vertex -46.42 -43.3397 0
    endloop
  endfacet
  facet normal -0.382632 -0.923901 0
    outer loop
      vertex -46.0757 -43.385 3
      vertex -45.7548 -43.5179 6
      vertex -46.0757 -43.385 6
    endloop
  endfacet
  facet normal -0.382632 -0.923901 0
    outer loop
      vertex -46.0757 -43.385 3
      vertex -45.7548 -43.5179 3
      vertex -45.7548 -43.5179 6
    endloop
  endfacet
  facet normal -0.382632 -0.923901 0
    outer loop
      vertex -46.0757 -43.385 0
      vertex -45.7548 -43.5179 3
      vertex -46.0757 -43.385 3
    endloop
  endfacet
  facet normal -0.382632 -0.923901 -0
    outer loop
      vertex -45.7548 -43.5179 3
      vertex -46.0757 -43.385 0
      vertex -45.7548 -43.5179 0
    endloop
  endfacet
  facet normal -0.793351 0.608764 0
    outer loop
      vertex -45.4793 -45.6107 3
      vertex -45.2679 -45.3352 3
      vertex -45.2679 -45.3352 0
    endloop
  endfacet
  facet normal -0.793351 0.608764 0
    outer loop
      vertex -45.4793 -45.6107 3
      vertex -45.2679 -45.3352 0
      vertex -45.4793 -45.6107 0
    endloop
  endfacet
  facet normal -0.793351 0.608764 0
    outer loop
      vertex -45.2679 -45.3352 3
      vertex -45.4793 -45.6107 3
      vertex -45.2679 -45.3352 6
    endloop
  endfacet
  facet normal -0.793351 0.608764 0
    outer loop
      vertex -45.2679 -45.3352 6
      vertex -45.4793 -45.6107 3
      vertex -45.4793 -45.6107 6
    endloop
  endfacet
  facet normal -0.923901 0.382632 0
    outer loop
      vertex -45.2679 -45.3352 3
      vertex -45.135 -45.0143 3
      vertex -45.135 -45.0143 0
    endloop
  endfacet
  facet normal -0.923901 0.382632 0
    outer loop
      vertex -45.2679 -45.3352 3
      vertex -45.135 -45.0143 0
      vertex -45.2679 -45.3352 0
    endloop
  endfacet
  facet normal -0.923901 0.382632 0
    outer loop
      vertex -45.135 -45.0143 3
      vertex -45.2679 -45.3352 3
      vertex -45.135 -45.0143 6
    endloop
  endfacet
  facet normal -0.923901 0.382632 0
    outer loop
      vertex -45.135 -45.0143 6
      vertex -45.2679 -45.3352 3
      vertex -45.2679 -45.3352 6
    endloop
  endfacet
  facet normal 0.130447 0.991455 -0
    outer loop
      vertex -46.42 -46.0003 3
      vertex -46.7643 -45.955 6
      vertex -46.42 -46.0003 6
    endloop
  endfacet
  facet normal 0.130447 0.991455 0
    outer loop
      vertex -46.42 -46.0003 3
      vertex -46.7643 -45.955 3
      vertex -46.7643 -45.955 6
    endloop
  endfacet
  facet normal 0.130447 0.991455 -0
    outer loop
      vertex -46.42 -46.0003 0
      vertex -46.7643 -45.955 3
      vertex -46.42 -46.0003 3
    endloop
  endfacet
  facet normal 0.130447 0.991455 0
    outer loop
      vertex -46.7643 -45.955 3
      vertex -46.42 -46.0003 0
      vertex -46.7643 -45.955 0
    endloop
  endfacet
  facet normal 0.608764 -0.793351 0
    outer loop
      vertex -47.3607 -43.7293 3
      vertex -47.0852 -43.5179 6
      vertex -47.3607 -43.7293 6
    endloop
  endfacet
  facet normal 0.608764 -0.793351 0
    outer loop
      vertex -47.3607 -43.7293 3
      vertex -47.0852 -43.5179 3
      vertex -47.0852 -43.5179 6
    endloop
  endfacet
  facet normal 0.608764 -0.793351 0
    outer loop
      vertex -47.3607 -43.7293 0
      vertex -47.0852 -43.5179 3
      vertex -47.3607 -43.7293 3
    endloop
  endfacet
  facet normal 0.608764 -0.793351 0
    outer loop
      vertex -47.0852 -43.5179 3
      vertex -47.3607 -43.7293 0
      vertex -47.0852 -43.5179 0
    endloop
  endfacet
  facet normal -0.991455 0.130447 0
    outer loop
      vertex -45.135 -45.0143 3
      vertex -45.0897 -44.67 3
      vertex -45.0897 -44.67 0
    endloop
  endfacet
  facet normal -0.991455 0.130447 0
    outer loop
      vertex -45.135 -45.0143 3
      vertex -45.0897 -44.67 0
      vertex -45.135 -45.0143 0
    endloop
  endfacet
  facet normal -0.991455 0.130447 0
    outer loop
      vertex -45.0897 -44.67 3
      vertex -45.135 -45.0143 3
      vertex -45.0897 -44.67 6
    endloop
  endfacet
  facet normal -0.991455 0.130447 0
    outer loop
      vertex -45.0897 -44.67 6
      vertex -45.135 -45.0143 3
      vertex -45.135 -45.0143 6
    endloop
  endfacet
  facet normal 0.991455 -0.130447 0
    outer loop
      vertex -47.7503 -44.67 3
      vertex -47.705 -44.3257 3
      vertex -47.705 -44.3257 6
    endloop
  endfacet
  facet normal 0.991455 -0.130447 0
    outer loop
      vertex -47.7503 -44.67 3
      vertex -47.705 -44.3257 6
      vertex -47.7503 -44.67 6
    endloop
  endfacet
  facet normal 0.991455 -0.130447 0
    outer loop
      vertex -47.705 -44.3257 3
      vertex -47.7503 -44.67 3
      vertex -47.705 -44.3257 0
    endloop
  endfacet
  facet normal 0.991455 -0.130447 0
    outer loop
      vertex -47.705 -44.3257 0
      vertex -47.7503 -44.67 3
      vertex -47.7503 -44.67 0
    endloop
  endfacet
  facet normal -0.130447 0.991455 0
    outer loop
      vertex -46.0757 -45.955 3
      vertex -46.42 -46.0003 6
      vertex -46.0757 -45.955 6
    endloop
  endfacet
  facet normal -0.130447 0.991455 0
    outer loop
      vertex -46.0757 -45.955 3
      vertex -46.42 -46.0003 3
      vertex -46.42 -46.0003 6
    endloop
  endfacet
  facet normal -0.130447 0.991455 0
    outer loop
      vertex -46.0757 -45.955 0
      vertex -46.42 -46.0003 3
      vertex -46.0757 -45.955 3
    endloop
  endfacet
  facet normal -0.130447 0.991455 0
    outer loop
      vertex -46.42 -46.0003 3
      vertex -46.0757 -45.955 0
      vertex -46.42 -46.0003 0
    endloop
  endfacet
  facet normal -0.130447 -0.991455 0
    outer loop
      vertex -46.42 -43.3397 3
      vertex -46.0757 -43.385 6
      vertex -46.42 -43.3397 6
    endloop
  endfacet
  facet normal -0.130447 -0.991455 0
    outer loop
      vertex -46.42 -43.3397 3
      vertex -46.0757 -43.385 3
      vertex -46.0757 -43.385 6
    endloop
  endfacet
  facet normal -0.130447 -0.991455 0
    outer loop
      vertex -46.42 -43.3397 0
      vertex -46.0757 -43.385 3
      vertex -46.42 -43.3397 3
    endloop
  endfacet
  facet normal -0.130447 -0.991455 -0
    outer loop
      vertex -46.0757 -43.385 3
      vertex -46.42 -43.3397 0
      vertex -46.0757 -43.385 0
    endloop
  endfacet
  facet normal 0.793351 0.608764 0
    outer loop
      vertex -47.3607 -45.6107 3
      vertex -47.5721 -45.3352 3
      vertex -47.5721 -45.3352 6
    endloop
  endfacet
  facet normal 0.793351 0.608764 -0
    outer loop
      vertex -47.3607 -45.6107 3
      vertex -47.5721 -45.3352 6
      vertex -47.3607 -45.6107 6
    endloop
  endfacet
  facet normal 0.793351 0.608764 0
    outer loop
      vertex -47.5721 -45.3352 3
      vertex -47.3607 -45.6107 3
      vertex -47.5721 -45.3352 0
    endloop
  endfacet
  facet normal 0.793351 0.608764 0
    outer loop
      vertex -47.5721 -45.3352 0
      vertex -47.3607 -45.6107 3
      vertex -47.3607 -45.6107 0
    endloop
  endfacet
  facet normal 0.382632 -0.923901 0
    outer loop
      vertex -47.0852 -43.5179 3
      vertex -46.7643 -43.385 6
      vertex -47.0852 -43.5179 6
    endloop
  endfacet
  facet normal 0.382632 -0.923901 0
    outer loop
      vertex -47.0852 -43.5179 3
      vertex -46.7643 -43.385 3
      vertex -46.7643 -43.385 6
    endloop
  endfacet
  facet normal 0.382632 -0.923901 0
    outer loop
      vertex -47.0852 -43.5179 0
      vertex -46.7643 -43.385 3
      vertex -47.0852 -43.5179 3
    endloop
  endfacet
  facet normal 0.382632 -0.923901 0
    outer loop
      vertex -46.7643 -43.385 3
      vertex -47.0852 -43.5179 0
      vertex -46.7643 -43.385 0
    endloop
  endfacet
  facet normal 0.923901 -0.382632 0
    outer loop
      vertex -47.705 -44.3257 3
      vertex -47.5721 -44.0048 3
      vertex -47.5721 -44.0048 6
    endloop
  endfacet
  facet normal 0.923901 -0.382632 0
    outer loop
      vertex -47.705 -44.3257 3
      vertex -47.5721 -44.0048 6
      vertex -47.705 -44.3257 6
    endloop
  endfacet
  facet normal 0.923901 -0.382632 0
    outer loop
      vertex -47.5721 -44.0048 3
      vertex -47.705 -44.3257 3
      vertex -47.5721 -44.0048 0
    endloop
  endfacet
  facet normal 0.923901 -0.382632 0
    outer loop
      vertex -47.5721 -44.0048 0
      vertex -47.705 -44.3257 3
      vertex -47.705 -44.3257 0
    endloop
  endfacet
  facet normal 0.991455 0.130447 0
    outer loop
      vertex -47.705 -45.0143 3
      vertex -47.7503 -44.67 3
      vertex -47.7503 -44.67 6
    endloop
  endfacet
  facet normal 0.991455 0.130447 -0
    outer loop
      vertex -47.705 -45.0143 3
      vertex -47.7503 -44.67 6
      vertex -47.705 -45.0143 6
    endloop
  endfacet
  facet normal 0.991455 0.130447 0
    outer loop
      vertex -47.7503 -44.67 3
      vertex -47.705 -45.0143 3
      vertex -47.7503 -44.67 0
    endloop
  endfacet
  facet normal 0.991455 0.130447 0
    outer loop
      vertex -47.7503 -44.67 0
      vertex -47.705 -45.0143 3
      vertex -47.705 -45.0143 0
    endloop
  endfacet
  facet normal -0.608764 -0.793351 0
    outer loop
      vertex -45.7548 -43.5179 3
      vertex -45.4793 -43.7293 6
      vertex -45.7548 -43.5179 6
    endloop
  endfacet
  facet normal -0.608764 -0.793351 0
    outer loop
      vertex -45.7548 -43.5179 3
      vertex -45.4793 -43.7293 3
      vertex -45.4793 -43.7293 6
    endloop
  endfacet
  facet normal -0.608764 -0.793351 0
    outer loop
      vertex -45.7548 -43.5179 0
      vertex -45.4793 -43.7293 3
      vertex -45.7548 -43.5179 3
    endloop
  endfacet
  facet normal -0.608764 -0.793351 -0
    outer loop
      vertex -45.4793 -43.7293 3
      vertex -45.7548 -43.5179 0
      vertex -45.4793 -43.7293 0
    endloop
  endfacet
  facet normal 0.382632 0.923901 -0
    outer loop
      vertex -46.7643 -45.955 3
      vertex -47.0852 -45.8221 6
      vertex -46.7643 -45.955 6
    endloop
  endfacet
  facet normal 0.382632 0.923901 0
    outer loop
      vertex -46.7643 -45.955 3
      vertex -47.0852 -45.8221 3
      vertex -47.0852 -45.8221 6
    endloop
  endfacet
  facet normal 0.382632 0.923901 -0
    outer loop
      vertex -46.7643 -45.955 0
      vertex -47.0852 -45.8221 3
      vertex -46.7643 -45.955 3
    endloop
  endfacet
  facet normal 0.382632 0.923901 0
    outer loop
      vertex -47.0852 -45.8221 3
      vertex -46.7643 -45.955 0
      vertex -47.0852 -45.8221 0
    endloop
  endfacet
  facet normal 0.793351 -0.608764 0
    outer loop
      vertex -47.5721 -44.0048 3
      vertex -47.3607 -43.7293 3
      vertex -47.3607 -43.7293 6
    endloop
  endfacet
  facet normal 0.793351 -0.608764 0
    outer loop
      vertex -47.5721 -44.0048 3
      vertex -47.3607 -43.7293 6
      vertex -47.5721 -44.0048 6
    endloop
  endfacet
  facet normal 0.793351 -0.608764 0
    outer loop
      vertex -47.3607 -43.7293 3
      vertex -47.5721 -44.0048 3
      vertex -47.3607 -43.7293 0
    endloop
  endfacet
  facet normal 0.793351 -0.608764 0
    outer loop
      vertex -47.3607 -43.7293 0
      vertex -47.5721 -44.0048 3
      vertex -47.5721 -44.0048 0
    endloop
  endfacet
  facet normal -0.793351 -0.608764 0
    outer loop
      vertex -45.2679 -44.0048 3
      vertex -45.4793 -43.7293 3
      vertex -45.4793 -43.7293 0
    endloop
  endfacet
  facet normal -0.793351 -0.608764 -0
    outer loop
      vertex -45.2679 -44.0048 3
      vertex -45.4793 -43.7293 0
      vertex -45.2679 -44.0048 0
    endloop
  endfacet
  facet normal -0.793351 -0.608764 0
    outer loop
      vertex -45.4793 -43.7293 3
      vertex -45.2679 -44.0048 3
      vertex -45.4793 -43.7293 6
    endloop
  endfacet
  facet normal -0.793351 -0.608764 0
    outer loop
      vertex -45.4793 -43.7293 6
      vertex -45.2679 -44.0048 3
      vertex -45.2679 -44.0048 6
    endloop
  endfacet
  facet normal 0.608764 0.793351 -0
    outer loop
      vertex -47.0852 -45.8221 3
      vertex -47.3607 -45.6107 6
      vertex -47.0852 -45.8221 6
    endloop
  endfacet
  facet normal 0.608764 0.793351 0
    outer loop
      vertex -47.0852 -45.8221 3
      vertex -47.3607 -45.6107 3
      vertex -47.3607 -45.6107 6
    endloop
  endfacet
  facet normal 0.608764 0.793351 -0
    outer loop
      vertex -47.0852 -45.8221 0
      vertex -47.3607 -45.6107 3
      vertex -47.0852 -45.8221 3
    endloop
  endfacet
  facet normal 0.608764 0.793351 0
    outer loop
      vertex -47.3607 -45.6107 3
      vertex -47.0852 -45.8221 0
      vertex -47.3607 -45.6107 0
    endloop
  endfacet
  facet normal 0.923901 0.382632 0
    outer loop
      vertex -47.5721 -45.3352 3
      vertex -47.705 -45.0143 3
      vertex -47.705 -45.0143 6
    endloop
  endfacet
  facet normal 0.923901 0.382632 -0
    outer loop
      vertex -47.5721 -45.3352 3
      vertex -47.705 -45.0143 6
      vertex -47.5721 -45.3352 6
    endloop
  endfacet
  facet normal 0.923901 0.382632 0
    outer loop
      vertex -47.705 -45.0143 3
      vertex -47.5721 -45.3352 3
      vertex -47.705 -45.0143 0
    endloop
  endfacet
  facet normal 0.923901 0.382632 0
    outer loop
      vertex -47.705 -45.0143 0
      vertex -47.5721 -45.3352 3
      vertex -47.5721 -45.3352 0
    endloop
  endfacet
  facet normal 0.923901 -0.382632 0
    outer loop
      vertex -47.705 45.0143 3
      vertex -47.5721 45.3352 3
      vertex -47.5721 45.3352 6
    endloop
  endfacet
  facet normal 0.923901 -0.382632 0
    outer loop
      vertex -47.705 45.0143 3
      vertex -47.5721 45.3352 6
      vertex -47.705 45.0143 6
    endloop
  endfacet
  facet normal 0.923901 -0.382632 0
    outer loop
      vertex -47.5721 45.3352 3
      vertex -47.705 45.0143 3
      vertex -47.5721 45.3352 0
    endloop
  endfacet
  facet normal 0.923901 -0.382632 0
    outer loop
      vertex -47.5721 45.3352 0
      vertex -47.705 45.0143 3
      vertex -47.705 45.0143 0
    endloop
  endfacet
  facet normal -0.793351 -0.608764 0
    outer loop
      vertex -45.2679 45.3352 3
      vertex -45.4793 45.6107 3
      vertex -45.4793 45.6107 0
    endloop
  endfacet
  facet normal -0.793351 -0.608764 -0
    outer loop
      vertex -45.2679 45.3352 3
      vertex -45.4793 45.6107 0
      vertex -45.2679 45.3352 0
    endloop
  endfacet
  facet normal -0.793351 -0.608764 0
    outer loop
      vertex -45.4793 45.6107 3
      vertex -45.2679 45.3352 3
      vertex -45.4793 45.6107 6
    endloop
  endfacet
  facet normal -0.793351 -0.608764 0
    outer loop
      vertex -45.4793 45.6107 6
      vertex -45.2679 45.3352 3
      vertex -45.2679 45.3352 6
    endloop
  endfacet
  facet normal -0.991455 -0.130447 0
    outer loop
      vertex -45.0897 44.67 3
      vertex -45.135 45.0143 3
      vertex -45.135 45.0143 0
    endloop
  endfacet
  facet normal -0.991455 -0.130447 -0
    outer loop
      vertex -45.0897 44.67 3
      vertex -45.135 45.0143 0
      vertex -45.0897 44.67 0
    endloop
  endfacet
  facet normal -0.991455 -0.130447 0
    outer loop
      vertex -45.135 45.0143 3
      vertex -45.0897 44.67 3
      vertex -45.135 45.0143 6
    endloop
  endfacet
  facet normal -0.991455 -0.130447 0
    outer loop
      vertex -45.135 45.0143 6
      vertex -45.0897 44.67 3
      vertex -45.0897 44.67 6
    endloop
  endfacet
  facet normal -0.130447 0.991455 0
    outer loop
      vertex -46.0757 43.385 3
      vertex -46.42 43.3397 6
      vertex -46.0757 43.385 6
    endloop
  endfacet
  facet normal -0.130447 0.991455 0
    outer loop
      vertex -46.0757 43.385 3
      vertex -46.42 43.3397 3
      vertex -46.42 43.3397 6
    endloop
  endfacet
  facet normal -0.130447 0.991455 0
    outer loop
      vertex -46.0757 43.385 0
      vertex -46.42 43.3397 3
      vertex -46.0757 43.385 3
    endloop
  endfacet
  facet normal -0.130447 0.991455 0
    outer loop
      vertex -46.42 43.3397 3
      vertex -46.0757 43.385 0
      vertex -46.42 43.3397 0
    endloop
  endfacet
  facet normal 0.608764 0.793351 -0
    outer loop
      vertex -47.0852 43.5179 3
      vertex -47.3607 43.7293 6
      vertex -47.0852 43.5179 6
    endloop
  endfacet
  facet normal 0.608764 0.793351 0
    outer loop
      vertex -47.0852 43.5179 3
      vertex -47.3607 43.7293 3
      vertex -47.3607 43.7293 6
    endloop
  endfacet
  facet normal 0.608764 0.793351 -0
    outer loop
      vertex -47.0852 43.5179 0
      vertex -47.3607 43.7293 3
      vertex -47.0852 43.5179 3
    endloop
  endfacet
  facet normal 0.608764 0.793351 0
    outer loop
      vertex -47.3607 43.7293 3
      vertex -47.0852 43.5179 0
      vertex -47.3607 43.7293 0
    endloop
  endfacet
  facet normal -0.923901 0.382632 0
    outer loop
      vertex -45.2679 44.0048 3
      vertex -45.135 44.3257 3
      vertex -45.135 44.3257 0
    endloop
  endfacet
  facet normal -0.923901 0.382632 0
    outer loop
      vertex -45.2679 44.0048 3
      vertex -45.135 44.3257 0
      vertex -45.2679 44.0048 0
    endloop
  endfacet
  facet normal -0.923901 0.382632 0
    outer loop
      vertex -45.135 44.3257 3
      vertex -45.2679 44.0048 3
      vertex -45.135 44.3257 6
    endloop
  endfacet
  facet normal -0.923901 0.382632 0
    outer loop
      vertex -45.135 44.3257 6
      vertex -45.2679 44.0048 3
      vertex -45.2679 44.0048 6
    endloop
  endfacet
  facet normal -0.923901 -0.382632 0
    outer loop
      vertex -45.135 45.0143 3
      vertex -45.2679 45.3352 3
      vertex -45.2679 45.3352 0
    endloop
  endfacet
  facet normal -0.923901 -0.382632 -0
    outer loop
      vertex -45.135 45.0143 3
      vertex -45.2679 45.3352 0
      vertex -45.135 45.0143 0
    endloop
  endfacet
  facet normal -0.923901 -0.382632 0
    outer loop
      vertex -45.2679 45.3352 3
      vertex -45.135 45.0143 3
      vertex -45.2679 45.3352 6
    endloop
  endfacet
  facet normal -0.923901 -0.382632 0
    outer loop
      vertex -45.2679 45.3352 6
      vertex -45.135 45.0143 3
      vertex -45.135 45.0143 6
    endloop
  endfacet
  facet normal 0.793351 0.608764 0
    outer loop
      vertex -47.3607 43.7293 3
      vertex -47.5721 44.0048 3
      vertex -47.5721 44.0048 6
    endloop
  endfacet
  facet normal 0.793351 0.608764 -0
    outer loop
      vertex -47.3607 43.7293 3
      vertex -47.5721 44.0048 6
      vertex -47.3607 43.7293 6
    endloop
  endfacet
  facet normal 0.793351 0.608764 0
    outer loop
      vertex -47.5721 44.0048 3
      vertex -47.3607 43.7293 3
      vertex -47.5721 44.0048 0
    endloop
  endfacet
  facet normal 0.793351 0.608764 0
    outer loop
      vertex -47.5721 44.0048 0
      vertex -47.3607 43.7293 3
      vertex -47.3607 43.7293 0
    endloop
  endfacet
  facet normal -0.793351 0.608764 0
    outer loop
      vertex -45.4793 43.7293 3
      vertex -45.2679 44.0048 3
      vertex -45.2679 44.0048 0
    endloop
  endfacet
  facet normal -0.793351 0.608764 0
    outer loop
      vertex -45.4793 43.7293 3
      vertex -45.2679 44.0048 0
      vertex -45.4793 43.7293 0
    endloop
  endfacet
  facet normal -0.793351 0.608764 0
    outer loop
      vertex -45.2679 44.0048 3
      vertex -45.4793 43.7293 3
      vertex -45.2679 44.0048 6
    endloop
  endfacet
  facet normal -0.793351 0.608764 0
    outer loop
      vertex -45.2679 44.0048 6
      vertex -45.4793 43.7293 3
      vertex -45.4793 43.7293 6
    endloop
  endfacet
  facet normal 0.608764 -0.793351 0
    outer loop
      vertex -47.3607 45.6107 3
      vertex -47.0852 45.8221 6
      vertex -47.3607 45.6107 6
    endloop
  endfacet
  facet normal 0.608764 -0.793351 0
    outer loop
      vertex -47.3607 45.6107 3
      vertex -47.0852 45.8221 3
      vertex -47.0852 45.8221 6
    endloop
  endfacet
  facet normal 0.608764 -0.793351 0
    outer loop
      vertex -47.3607 45.6107 0
      vertex -47.0852 45.8221 3
      vertex -47.3607 45.6107 3
    endloop
  endfacet
  facet normal 0.608764 -0.793351 0
    outer loop
      vertex -47.0852 45.8221 3
      vertex -47.3607 45.6107 0
      vertex -47.0852 45.8221 0
    endloop
  endfacet
  facet normal -0.608764 0.793351 0
    outer loop
      vertex -45.4793 43.7293 3
      vertex -45.7548 43.5179 6
      vertex -45.4793 43.7293 6
    endloop
  endfacet
  facet normal -0.608764 0.793351 0
    outer loop
      vertex -45.4793 43.7293 3
      vertex -45.7548 43.5179 3
      vertex -45.7548 43.5179 6
    endloop
  endfacet
  facet normal -0.608764 0.793351 0
    outer loop
      vertex -45.4793 43.7293 0
      vertex -45.7548 43.5179 3
      vertex -45.4793 43.7293 3
    endloop
  endfacet
  facet normal -0.608764 0.793351 0
    outer loop
      vertex -45.7548 43.5179 3
      vertex -45.4793 43.7293 0
      vertex -45.7548 43.5179 0
    endloop
  endfacet
  facet normal 0.793351 -0.608764 0
    outer loop
      vertex -47.5721 45.3352 3
      vertex -47.3607 45.6107 3
      vertex -47.3607 45.6107 6
    endloop
  endfacet
  facet normal 0.793351 -0.608764 0
    outer loop
      vertex -47.5721 45.3352 3
      vertex -47.3607 45.6107 6
      vertex -47.5721 45.3352 6
    endloop
  endfacet
  facet normal 0.793351 -0.608764 0
    outer loop
      vertex -47.3607 45.6107 3
      vertex -47.5721 45.3352 3
      vertex -47.3607 45.6107 0
    endloop
  endfacet
  facet normal 0.793351 -0.608764 0
    outer loop
      vertex -47.3607 45.6107 0
      vertex -47.5721 45.3352 3
      vertex -47.5721 45.3352 0
    endloop
  endfacet
  facet normal -0.382632 -0.923901 0
    outer loop
      vertex -46.0757 45.955 3
      vertex -45.7548 45.8221 6
      vertex -46.0757 45.955 6
    endloop
  endfacet
  facet normal -0.382632 -0.923901 0
    outer loop
      vertex -46.0757 45.955 3
      vertex -45.7548 45.8221 3
      vertex -45.7548 45.8221 6
    endloop
  endfacet
  facet normal -0.382632 -0.923901 0
    outer loop
      vertex -46.0757 45.955 0
      vertex -45.7548 45.8221 3
      vertex -46.0757 45.955 3
    endloop
  endfacet
  facet normal -0.382632 -0.923901 -0
    outer loop
      vertex -45.7548 45.8221 3
      vertex -46.0757 45.955 0
      vertex -45.7548 45.8221 0
    endloop
  endfacet
  facet normal 0.130447 -0.991455 0
    outer loop
      vertex -46.7643 45.955 3
      vertex -46.42 46.0003 6
      vertex -46.7643 45.955 6
    endloop
  endfacet
  facet normal 0.130447 -0.991455 0
    outer loop
      vertex -46.7643 45.955 3
      vertex -46.42 46.0003 3
      vertex -46.42 46.0003 6
    endloop
  endfacet
  facet normal 0.130447 -0.991455 0
    outer loop
      vertex -46.7643 45.955 0
      vertex -46.42 46.0003 3
      vertex -46.7643 45.955 3
    endloop
  endfacet
  facet normal 0.130447 -0.991455 0
    outer loop
      vertex -46.42 46.0003 3
      vertex -46.7643 45.955 0
      vertex -46.42 46.0003 0
    endloop
  endfacet
  facet normal -0.130447 -0.991455 0
    outer loop
      vertex -46.42 46.0003 3
      vertex -46.0757 45.955 6
      vertex -46.42 46.0003 6
    endloop
  endfacet
  facet normal -0.130447 -0.991455 0
    outer loop
      vertex -46.42 46.0003 3
      vertex -46.0757 45.955 3
      vertex -46.0757 45.955 6
    endloop
  endfacet
  facet normal -0.130447 -0.991455 0
    outer loop
      vertex -46.42 46.0003 0
      vertex -46.0757 45.955 3
      vertex -46.42 46.0003 3
    endloop
  endfacet
  facet normal -0.130447 -0.991455 -0
    outer loop
      vertex -46.0757 45.955 3
      vertex -46.42 46.0003 0
      vertex -46.0757 45.955 0
    endloop
  endfacet
  facet normal 0.382632 0.923901 -0
    outer loop
      vertex -46.7643 43.385 3
      vertex -47.0852 43.5179 6
      vertex -46.7643 43.385 6
    endloop
  endfacet
  facet normal 0.382632 0.923901 0
    outer loop
      vertex -46.7643 43.385 3
      vertex -47.0852 43.5179 3
      vertex -47.0852 43.5179 6
    endloop
  endfacet
  facet normal 0.382632 0.923901 -0
    outer loop
      vertex -46.7643 43.385 0
      vertex -47.0852 43.5179 3
      vertex -46.7643 43.385 3
    endloop
  endfacet
  facet normal 0.382632 0.923901 0
    outer loop
      vertex -47.0852 43.5179 3
      vertex -46.7643 43.385 0
      vertex -47.0852 43.5179 0
    endloop
  endfacet
  facet normal 0.382632 -0.923901 0
    outer loop
      vertex -47.0852 45.8221 3
      vertex -46.7643 45.955 6
      vertex -47.0852 45.8221 6
    endloop
  endfacet
  facet normal 0.382632 -0.923901 0
    outer loop
      vertex -47.0852 45.8221 3
      vertex -46.7643 45.955 3
      vertex -46.7643 45.955 6
    endloop
  endfacet
  facet normal 0.382632 -0.923901 0
    outer loop
      vertex -47.0852 45.8221 0
      vertex -46.7643 45.955 3
      vertex -47.0852 45.8221 3
    endloop
  endfacet
  facet normal 0.382632 -0.923901 0
    outer loop
      vertex -46.7643 45.955 3
      vertex -47.0852 45.8221 0
      vertex -46.7643 45.955 0
    endloop
  endfacet
  facet normal 0.991455 -0.130447 0
    outer loop
      vertex -47.7503 44.67 3
      vertex -47.705 45.0143 3
      vertex -47.705 45.0143 6
    endloop
  endfacet
  facet normal 0.991455 -0.130447 0
    outer loop
      vertex -47.7503 44.67 3
      vertex -47.705 45.0143 6
      vertex -47.7503 44.67 6
    endloop
  endfacet
  facet normal 0.991455 -0.130447 0
    outer loop
      vertex -47.705 45.0143 3
      vertex -47.7503 44.67 3
      vertex -47.705 45.0143 0
    endloop
  endfacet
  facet normal 0.991455 -0.130447 0
    outer loop
      vertex -47.705 45.0143 0
      vertex -47.7503 44.67 3
      vertex -47.7503 44.67 0
    endloop
  endfacet
  facet normal 0.991455 0.130447 0
    outer loop
      vertex -47.705 44.3257 3
      vertex -47.7503 44.67 3
      vertex -47.7503 44.67 6
    endloop
  endfacet
  facet normal 0.991455 0.130447 -0
    outer loop
      vertex -47.705 44.3257 3
      vertex -47.7503 44.67 6
      vertex -47.705 44.3257 6
    endloop
  endfacet
  facet normal 0.991455 0.130447 0
    outer loop
      vertex -47.7503 44.67 3
      vertex -47.705 44.3257 3
      vertex -47.7503 44.67 0
    endloop
  endfacet
  facet normal 0.991455 0.130447 0
    outer loop
      vertex -47.7503 44.67 0
      vertex -47.705 44.3257 3
      vertex -47.705 44.3257 0
    endloop
  endfacet
  facet normal -0.608764 -0.793351 0
    outer loop
      vertex -45.7548 45.8221 3
      vertex -45.4793 45.6107 6
      vertex -45.7548 45.8221 6
    endloop
  endfacet
  facet normal -0.608764 -0.793351 0
    outer loop
      vertex -45.7548 45.8221 3
      vertex -45.4793 45.6107 3
      vertex -45.4793 45.6107 6
    endloop
  endfacet
  facet normal -0.608764 -0.793351 0
    outer loop
      vertex -45.7548 45.8221 0
      vertex -45.4793 45.6107 3
      vertex -45.7548 45.8221 3
    endloop
  endfacet
  facet normal -0.608764 -0.793351 -0
    outer loop
      vertex -45.4793 45.6107 3
      vertex -45.7548 45.8221 0
      vertex -45.4793 45.6107 0
    endloop
  endfacet
  facet normal 0.130447 0.991455 -0
    outer loop
      vertex -46.42 43.3397 3
      vertex -46.7643 43.385 6
      vertex -46.42 43.3397 6
    endloop
  endfacet
  facet normal 0.130447 0.991455 0
    outer loop
      vertex -46.42 43.3397 3
      vertex -46.7643 43.385 3
      vertex -46.7643 43.385 6
    endloop
  endfacet
  facet normal 0.130447 0.991455 -0
    outer loop
      vertex -46.42 43.3397 0
      vertex -46.7643 43.385 3
      vertex -46.42 43.3397 3
    endloop
  endfacet
  facet normal 0.130447 0.991455 0
    outer loop
      vertex -46.7643 43.385 3
      vertex -46.42 43.3397 0
      vertex -46.7643 43.385 0
    endloop
  endfacet
  facet normal -0.382632 0.923901 0
    outer loop
      vertex -45.7548 43.5179 3
      vertex -46.0757 43.385 6
      vertex -45.7548 43.5179 6
    endloop
  endfacet
  facet normal -0.382632 0.923901 0
    outer loop
      vertex -45.7548 43.5179 3
      vertex -46.0757 43.385 3
      vertex -46.0757 43.385 6
    endloop
  endfacet
  facet normal -0.382632 0.923901 0
    outer loop
      vertex -45.7548 43.5179 0
      vertex -46.0757 43.385 3
      vertex -45.7548 43.5179 3
    endloop
  endfacet
  facet normal -0.382632 0.923901 0
    outer loop
      vertex -46.0757 43.385 3
      vertex -45.7548 43.5179 0
      vertex -46.0757 43.385 0
    endloop
  endfacet
  facet normal 0.923901 0.382632 0
    outer loop
      vertex -47.5721 44.0048 3
      vertex -47.705 44.3257 3
      vertex -47.705 44.3257 6
    endloop
  endfacet
  facet normal 0.923901 0.382632 -0
    outer loop
      vertex -47.5721 44.0048 3
      vertex -47.705 44.3257 6
      vertex -47.5721 44.0048 6
    endloop
  endfacet
  facet normal 0.923901 0.382632 0
    outer loop
      vertex -47.705 44.3257 3
      vertex -47.5721 44.0048 3
      vertex -47.705 44.3257 0
    endloop
  endfacet
  facet normal 0.923901 0.382632 0
    outer loop
      vertex -47.705 44.3257 0
      vertex -47.5721 44.0048 3
      vertex -47.5721 44.0048 0
    endloop
  endfacet
  facet normal -0.991455 0.130447 0
    outer loop
      vertex -45.135 44.3257 3
      vertex -45.0897 44.67 3
      vertex -45.0897 44.67 0
    endloop
  endfacet
  facet normal -0.991455 0.130447 0
    outer loop
      vertex -45.135 44.3257 3
      vertex -45.0897 44.67 0
      vertex -45.135 44.3257 0
    endloop
  endfacet
  facet normal -0.991455 0.130447 0
    outer loop
      vertex -45.0897 44.67 3
      vertex -45.135 44.3257 3
      vertex -45.0897 44.67 6
    endloop
  endfacet
  facet normal -0.991455 0.130447 0
    outer loop
      vertex -45.0897 44.67 6
      vertex -45.135 44.3257 3
      vertex -45.135 44.3257 6
    endloop
  endfacet
  facet normal 0.923901 -0.382632 0
    outer loop
      vertex 45.135 -44.3257 3
      vertex 45.2679 -44.0048 3
      vertex 45.2679 -44.0048 6
    endloop
  endfacet
  facet normal 0.923901 -0.382632 0
    outer loop
      vertex 45.135 -44.3257 3
      vertex 45.2679 -44.0048 6
      vertex 45.135 -44.3257 6
    endloop
  endfacet
  facet normal 0.923901 -0.382632 0
    outer loop
      vertex 45.2679 -44.0048 3
      vertex 45.135 -44.3257 3
      vertex 45.2679 -44.0048 0
    endloop
  endfacet
  facet normal 0.923901 -0.382632 0
    outer loop
      vertex 45.2679 -44.0048 0
      vertex 45.135 -44.3257 3
      vertex 45.135 -44.3257 0
    endloop
  endfacet
  facet normal -0.793351 -0.608764 0
    outer loop
      vertex 47.5721 -44.0048 3
      vertex 47.3607 -43.7293 3
      vertex 47.3607 -43.7293 0
    endloop
  endfacet
  facet normal -0.793351 -0.608764 -0
    outer loop
      vertex 47.5721 -44.0048 3
      vertex 47.3607 -43.7293 0
      vertex 47.5721 -44.0048 0
    endloop
  endfacet
  facet normal -0.793351 -0.608764 0
    outer loop
      vertex 47.3607 -43.7293 3
      vertex 47.5721 -44.0048 3
      vertex 47.3607 -43.7293 6
    endloop
  endfacet
  facet normal -0.793351 -0.608764 0
    outer loop
      vertex 47.3607 -43.7293 6
      vertex 47.5721 -44.0048 3
      vertex 47.5721 -44.0048 6
    endloop
  endfacet
  facet normal -0.991455 -0.130447 0
    outer loop
      vertex 47.7503 -44.67 3
      vertex 47.705 -44.3257 3
      vertex 47.705 -44.3257 0
    endloop
  endfacet
  facet normal -0.991455 -0.130447 -0
    outer loop
      vertex 47.7503 -44.67 3
      vertex 47.705 -44.3257 0
      vertex 47.7503 -44.67 0
    endloop
  endfacet
  facet normal -0.991455 -0.130447 0
    outer loop
      vertex 47.705 -44.3257 3
      vertex 47.7503 -44.67 3
      vertex 47.705 -44.3257 6
    endloop
  endfacet
  facet normal -0.991455 -0.130447 0
    outer loop
      vertex 47.705 -44.3257 6
      vertex 47.7503 -44.67 3
      vertex 47.7503 -44.67 6
    endloop
  endfacet
  facet normal -0.130447 0.991455 0
    outer loop
      vertex 46.7643 -45.955 3
      vertex 46.42 -46.0003 6
      vertex 46.7643 -45.955 6
    endloop
  endfacet
  facet normal -0.130447 0.991455 0
    outer loop
      vertex 46.7643 -45.955 3
      vertex 46.42 -46.0003 3
      vertex 46.42 -46.0003 6
    endloop
  endfacet
  facet normal -0.130447 0.991455 0
    outer loop
      vertex 46.7643 -45.955 0
      vertex 46.42 -46.0003 3
      vertex 46.7643 -45.955 3
    endloop
  endfacet
  facet normal -0.130447 0.991455 0
    outer loop
      vertex 46.42 -46.0003 3
      vertex 46.7643 -45.955 0
      vertex 46.42 -46.0003 0
    endloop
  endfacet
  facet normal 0.608764 0.793351 -0
    outer loop
      vertex 45.7548 -45.8221 3
      vertex 45.4793 -45.6107 6
      vertex 45.7548 -45.8221 6
    endloop
  endfacet
  facet normal 0.608764 0.793351 0
    outer loop
      vertex 45.7548 -45.8221 3
      vertex 45.4793 -45.6107 3
      vertex 45.4793 -45.6107 6
    endloop
  endfacet
  facet normal 0.608764 0.793351 -0
    outer loop
      vertex 45.7548 -45.8221 0
      vertex 45.4793 -45.6107 3
      vertex 45.7548 -45.8221 3
    endloop
  endfacet
  facet normal 0.608764 0.793351 0
    outer loop
      vertex 45.4793 -45.6107 3
      vertex 45.7548 -45.8221 0
      vertex 45.4793 -45.6107 0
    endloop
  endfacet
  facet normal -0.923901 -0.382632 0
    outer loop
      vertex 47.705 -44.3257 3
      vertex 47.5721 -44.0048 3
      vertex 47.5721 -44.0048 0
    endloop
  endfacet
  facet normal -0.923901 -0.382632 -0
    outer loop
      vertex 47.705 -44.3257 3
      vertex 47.5721 -44.0048 0
      vertex 47.705 -44.3257 0
    endloop
  endfacet
  facet normal -0.923901 -0.382632 0
    outer loop
      vertex 47.5721 -44.0048 3
      vertex 47.705 -44.3257 3
      vertex 47.5721 -44.0048 6
    endloop
  endfacet
  facet normal -0.923901 -0.382632 0
    outer loop
      vertex 47.5721 -44.0048 6
      vertex 47.705 -44.3257 3
      vertex 47.705 -44.3257 6
    endloop
  endfacet
  facet normal 0.793351 0.608764 0
    outer loop
      vertex 45.4793 -45.6107 3
      vertex 45.2679 -45.3352 3
      vertex 45.2679 -45.3352 6
    endloop
  endfacet
  facet normal 0.793351 0.608764 -0
    outer loop
      vertex 45.4793 -45.6107 3
      vertex 45.2679 -45.3352 6
      vertex 45.4793 -45.6107 6
    endloop
  endfacet
  facet normal 0.793351 0.608764 0
    outer loop
      vertex 45.2679 -45.3352 3
      vertex 45.4793 -45.6107 3
      vertex 45.2679 -45.3352 0
    endloop
  endfacet
  facet normal 0.793351 0.608764 0
    outer loop
      vertex 45.2679 -45.3352 0
      vertex 45.4793 -45.6107 3
      vertex 45.4793 -45.6107 0
    endloop
  endfacet
  facet normal -0.793351 0.608764 0
    outer loop
      vertex 47.3607 -45.6107 3
      vertex 47.5721 -45.3352 3
      vertex 47.5721 -45.3352 0
    endloop
  endfacet
  facet normal -0.793351 0.608764 0
    outer loop
      vertex 47.3607 -45.6107 3
      vertex 47.5721 -45.3352 0
      vertex 47.3607 -45.6107 0
    endloop
  endfacet
  facet normal -0.793351 0.608764 0
    outer loop
      vertex 47.5721 -45.3352 3
      vertex 47.3607 -45.6107 3
      vertex 47.5721 -45.3352 6
    endloop
  endfacet
  facet normal -0.793351 0.608764 0
    outer loop
      vertex 47.5721 -45.3352 6
      vertex 47.3607 -45.6107 3
      vertex 47.3607 -45.6107 6
    endloop
  endfacet
  facet normal 0.608764 -0.793351 0
    outer loop
      vertex 45.4793 -43.7293 3
      vertex 45.7548 -43.5179 6
      vertex 45.4793 -43.7293 6
    endloop
  endfacet
  facet normal 0.608764 -0.793351 0
    outer loop
      vertex 45.4793 -43.7293 3
      vertex 45.7548 -43.5179 3
      vertex 45.7548 -43.5179 6
    endloop
  endfacet
  facet normal 0.608764 -0.793351 0
    outer loop
      vertex 45.4793 -43.7293 0
      vertex 45.7548 -43.5179 3
      vertex 45.4793 -43.7293 3
    endloop
  endfacet
  facet normal 0.608764 -0.793351 0
    outer loop
      vertex 45.7548 -43.5179 3
      vertex 45.4793 -43.7293 0
      vertex 45.7548 -43.5179 0
    endloop
  endfacet
  facet normal -0.608764 0.793351 0
    outer loop
      vertex 47.3607 -45.6107 3
      vertex 47.0852 -45.8221 6
      vertex 47.3607 -45.6107 6
    endloop
  endfacet
  facet normal -0.608764 0.793351 0
    outer loop
      vertex 47.3607 -45.6107 3
      vertex 47.0852 -45.8221 3
      vertex 47.0852 -45.8221 6
    endloop
  endfacet
  facet normal -0.608764 0.793351 0
    outer loop
      vertex 47.3607 -45.6107 0
      vertex 47.0852 -45.8221 3
      vertex 47.3607 -45.6107 3
    endloop
  endfacet
  facet normal -0.608764 0.793351 0
    outer loop
      vertex 47.0852 -45.8221 3
      vertex 47.3607 -45.6107 0
      vertex 47.0852 -45.8221 0
    endloop
  endfacet
  facet normal 0.793351 -0.608764 0
    outer loop
      vertex 45.2679 -44.0048 3
      vertex 45.4793 -43.7293 3
      vertex 45.4793 -43.7293 6
    endloop
  endfacet
  facet normal 0.793351 -0.608764 0
    outer loop
      vertex 45.2679 -44.0048 3
      vertex 45.4793 -43.7293 6
      vertex 45.2679 -44.0048 6
    endloop
  endfacet
  facet normal 0.793351 -0.608764 0
    outer loop
      vertex 45.4793 -43.7293 3
      vertex 45.2679 -44.0048 3
      vertex 45.4793 -43.7293 0
    endloop
  endfacet
  facet normal 0.793351 -0.608764 0
    outer loop
      vertex 45.4793 -43.7293 0
      vertex 45.2679 -44.0048 3
      vertex 45.2679 -44.0048 0
    endloop
  endfacet
  facet normal -0.382632 -0.923901 0
    outer loop
      vertex 46.7643 -43.385 3
      vertex 47.0852 -43.5179 6
      vertex 46.7643 -43.385 6
    endloop
  endfacet
  facet normal -0.382632 -0.923901 0
    outer loop
      vertex 46.7643 -43.385 3
      vertex 47.0852 -43.5179 3
      vertex 47.0852 -43.5179 6
    endloop
  endfacet
  facet normal -0.382632 -0.923901 0
    outer loop
      vertex 46.7643 -43.385 0
      vertex 47.0852 -43.5179 3
      vertex 46.7643 -43.385 3
    endloop
  endfacet
  facet normal -0.382632 -0.923901 -0
    outer loop
      vertex 47.0852 -43.5179 3
      vertex 46.7643 -43.385 0
      vertex 47.0852 -43.5179 0
    endloop
  endfacet
  facet normal 0.130447 -0.991455 0
    outer loop
      vertex 46.0757 -43.385 3
      vertex 46.42 -43.3397 6
      vertex 46.0757 -43.385 6
    endloop
  endfacet
  facet normal 0.130447 -0.991455 0
    outer loop
      vertex 46.0757 -43.385 3
      vertex 46.42 -43.3397 3
      vertex 46.42 -43.3397 6
    endloop
  endfacet
  facet normal 0.130447 -0.991455 0
    outer loop
      vertex 46.0757 -43.385 0
      vertex 46.42 -43.3397 3
      vertex 46.0757 -43.385 3
    endloop
  endfacet
  facet normal 0.130447 -0.991455 0
    outer loop
      vertex 46.42 -43.3397 3
      vertex 46.0757 -43.385 0
      vertex 46.42 -43.3397 0
    endloop
  endfacet
  facet normal -0.130447 -0.991455 0
    outer loop
      vertex 46.42 -43.3397 3
      vertex 46.7643 -43.385 6
      vertex 46.42 -43.3397 6
    endloop
  endfacet
  facet normal -0.130447 -0.991455 0
    outer loop
      vertex 46.42 -43.3397 3
      vertex 46.7643 -43.385 3
      vertex 46.7643 -43.385 6
    endloop
  endfacet
  facet normal -0.130447 -0.991455 0
    outer loop
      vertex 46.42 -43.3397 0
      vertex 46.7643 -43.385 3
      vertex 46.42 -43.3397 3
    endloop
  endfacet
  facet normal -0.130447 -0.991455 -0
    outer loop
      vertex 46.7643 -43.385 3
      vertex 46.42 -43.3397 0
      vertex 46.7643 -43.385 0
    endloop
  endfacet
  facet normal 0.382632 0.923901 -0
    outer loop
      vertex 46.0757 -45.955 3
      vertex 45.7548 -45.8221 6
      vertex 46.0757 -45.955 6
    endloop
  endfacet
  facet normal 0.382632 0.923901 0
    outer loop
      vertex 46.0757 -45.955 3
      vertex 45.7548 -45.8221 3
      vertex 45.7548 -45.8221 6
    endloop
  endfacet
  facet normal 0.382632 0.923901 -0
    outer loop
      vertex 46.0757 -45.955 0
      vertex 45.7548 -45.8221 3
      vertex 46.0757 -45.955 3
    endloop
  endfacet
  facet normal 0.382632 0.923901 0
    outer loop
      vertex 45.7548 -45.8221 3
      vertex 46.0757 -45.955 0
      vertex 45.7548 -45.8221 0
    endloop
  endfacet
  facet normal 0.382632 -0.923901 0
    outer loop
      vertex 45.7548 -43.5179 3
      vertex 46.0757 -43.385 6
      vertex 45.7548 -43.5179 6
    endloop
  endfacet
  facet normal 0.382632 -0.923901 0
    outer loop
      vertex 45.7548 -43.5179 3
      vertex 46.0757 -43.385 3
      vertex 46.0757 -43.385 6
    endloop
  endfacet
  facet normal 0.382632 -0.923901 0
    outer loop
      vertex 45.7548 -43.5179 0
      vertex 46.0757 -43.385 3
      vertex 45.7548 -43.5179 3
    endloop
  endfacet
  facet normal 0.382632 -0.923901 0
    outer loop
      vertex 46.0757 -43.385 3
      vertex 45.7548 -43.5179 0
      vertex 46.0757 -43.385 0
    endloop
  endfacet
  facet normal 0.991455 -0.130447 0
    outer loop
      vertex 45.0897 -44.67 3
      vertex 45.135 -44.3257 3
      vertex 45.135 -44.3257 6
    endloop
  endfacet
  facet normal 0.991455 -0.130447 0
    outer loop
      vertex 45.0897 -44.67 3
      vertex 45.135 -44.3257 6
      vertex 45.0897 -44.67 6
    endloop
  endfacet
  facet normal 0.991455 -0.130447 0
    outer loop
      vertex 45.135 -44.3257 3
      vertex 45.0897 -44.67 3
      vertex 45.135 -44.3257 0
    endloop
  endfacet
  facet normal 0.991455 -0.130447 0
    outer loop
      vertex 45.135 -44.3257 0
      vertex 45.0897 -44.67 3
      vertex 45.0897 -44.67 0
    endloop
  endfacet
  facet normal 0.991455 0.130447 0
    outer loop
      vertex 45.135 -45.0143 3
      vertex 45.0897 -44.67 3
      vertex 45.0897 -44.67 6
    endloop
  endfacet
  facet normal 0.991455 0.130447 -0
    outer loop
      vertex 45.135 -45.0143 3
      vertex 45.0897 -44.67 6
      vertex 45.135 -45.0143 6
    endloop
  endfacet
  facet normal 0.991455 0.130447 0
    outer loop
      vertex 45.0897 -44.67 3
      vertex 45.135 -45.0143 3
      vertex 45.0897 -44.67 0
    endloop
  endfacet
  facet normal 0.991455 0.130447 0
    outer loop
      vertex 45.0897 -44.67 0
      vertex 45.135 -45.0143 3
      vertex 45.135 -45.0143 0
    endloop
  endfacet
  facet normal -0.608764 -0.793351 0
    outer loop
      vertex 47.0852 -43.5179 3
      vertex 47.3607 -43.7293 6
      vertex 47.0852 -43.5179 6
    endloop
  endfacet
  facet normal -0.608764 -0.793351 0
    outer loop
      vertex 47.0852 -43.5179 3
      vertex 47.3607 -43.7293 3
      vertex 47.3607 -43.7293 6
    endloop
  endfacet
  facet normal -0.608764 -0.793351 0
    outer loop
      vertex 47.0852 -43.5179 0
      vertex 47.3607 -43.7293 3
      vertex 47.0852 -43.5179 3
    endloop
  endfacet
  facet normal -0.608764 -0.793351 -0
    outer loop
      vertex 47.3607 -43.7293 3
      vertex 47.0852 -43.5179 0
      vertex 47.3607 -43.7293 0
    endloop
  endfacet
  facet normal 0.130447 0.991455 -0
    outer loop
      vertex 46.42 -46.0003 3
      vertex 46.0757 -45.955 6
      vertex 46.42 -46.0003 6
    endloop
  endfacet
  facet normal 0.130447 0.991455 0
    outer loop
      vertex 46.42 -46.0003 3
      vertex 46.0757 -45.955 3
      vertex 46.0757 -45.955 6
    endloop
  endfacet
  facet normal 0.130447 0.991455 -0
    outer loop
      vertex 46.42 -46.0003 0
      vertex 46.0757 -45.955 3
      vertex 46.42 -46.0003 3
    endloop
  endfacet
  facet normal 0.130447 0.991455 0
    outer loop
      vertex 46.0757 -45.955 3
      vertex 46.42 -46.0003 0
      vertex 46.0757 -45.955 0
    endloop
  endfacet
  facet normal -0.382632 0.923901 0
    outer loop
      vertex 47.0852 -45.8221 3
      vertex 46.7643 -45.955 6
      vertex 47.0852 -45.8221 6
    endloop
  endfacet
  facet normal -0.382632 0.923901 0
    outer loop
      vertex 47.0852 -45.8221 3
      vertex 46.7643 -45.955 3
      vertex 46.7643 -45.955 6
    endloop
  endfacet
  facet normal -0.382632 0.923901 0
    outer loop
      vertex 47.0852 -45.8221 0
      vertex 46.7643 -45.955 3
      vertex 47.0852 -45.8221 3
    endloop
  endfacet
  facet normal -0.382632 0.923901 0
    outer loop
      vertex 46.7643 -45.955 3
      vertex 47.0852 -45.8221 0
      vertex 46.7643 -45.955 0
    endloop
  endfacet
  facet normal 0.923901 0.382632 0
    outer loop
      vertex 45.2679 -45.3352 3
      vertex 45.135 -45.0143 3
      vertex 45.135 -45.0143 6
    endloop
  endfacet
  facet normal 0.923901 0.382632 -0
    outer loop
      vertex 45.2679 -45.3352 3
      vertex 45.135 -45.0143 6
      vertex 45.2679 -45.3352 6
    endloop
  endfacet
  facet normal 0.923901 0.382632 0
    outer loop
      vertex 45.135 -45.0143 3
      vertex 45.2679 -45.3352 3
      vertex 45.135 -45.0143 0
    endloop
  endfacet
  facet normal 0.923901 0.382632 0
    outer loop
      vertex 45.135 -45.0143 0
      vertex 45.2679 -45.3352 3
      vertex 45.2679 -45.3352 0
    endloop
  endfacet
  facet normal -0.923901 0.382632 0
    outer loop
      vertex 47.5721 -45.3352 3
      vertex 47.705 -45.0143 3
      vertex 47.705 -45.0143 0
    endloop
  endfacet
  facet normal -0.923901 0.382632 0
    outer loop
      vertex 47.5721 -45.3352 3
      vertex 47.705 -45.0143 0
      vertex 47.5721 -45.3352 0
    endloop
  endfacet
  facet normal -0.923901 0.382632 0
    outer loop
      vertex 47.705 -45.0143 3
      vertex 47.5721 -45.3352 3
      vertex 47.705 -45.0143 6
    endloop
  endfacet
  facet normal -0.923901 0.382632 0
    outer loop
      vertex 47.705 -45.0143 6
      vertex 47.5721 -45.3352 3
      vertex 47.5721 -45.3352 6
    endloop
  endfacet
  facet normal -0.991455 0.130447 0
    outer loop
      vertex 47.705 -45.0143 3
      vertex 47.7503 -44.67 3
      vertex 47.7503 -44.67 0
    endloop
  endfacet
  facet normal -0.991455 0.130447 0
    outer loop
      vertex 47.705 -45.0143 3
      vertex 47.7503 -44.67 0
      vertex 47.705 -45.0143 0
    endloop
  endfacet
  facet normal -0.991455 0.130447 0
    outer loop
      vertex 47.7503 -44.67 3
      vertex 47.705 -45.0143 3
      vertex 47.7503 -44.67 6
    endloop
  endfacet
  facet normal -0.991455 0.130447 0
    outer loop
      vertex 47.7503 -44.67 6
      vertex 47.705 -45.0143 3
      vertex 47.705 -45.0143 6
    endloop
  endfacet
  facet normal -0.923901 -0.382632 0
    outer loop
      vertex 47.705 45.0143 3
      vertex 47.5721 45.3352 3
      vertex 47.5721 45.3352 0
    endloop
  endfacet
  facet normal -0.923901 -0.382632 -0
    outer loop
      vertex 47.705 45.0143 3
      vertex 47.5721 45.3352 0
      vertex 47.705 45.0143 0
    endloop
  endfacet
  facet normal -0.923901 -0.382632 0
    outer loop
      vertex 47.5721 45.3352 3
      vertex 47.705 45.0143 3
      vertex 47.5721 45.3352 6
    endloop
  endfacet
  facet normal -0.923901 -0.382632 0
    outer loop
      vertex 47.5721 45.3352 6
      vertex 47.705 45.0143 3
      vertex 47.705 45.0143 6
    endloop
  endfacet
  facet normal -0.991455 -0.130447 0
    outer loop
      vertex 47.7503 44.67 3
      vertex 47.705 45.0143 3
      vertex 47.705 45.0143 0
    endloop
  endfacet
  facet normal -0.991455 -0.130447 -0
    outer loop
      vertex 47.7503 44.67 3
      vertex 47.705 45.0143 0
      vertex 47.7503 44.67 0
    endloop
  endfacet
  facet normal -0.991455 -0.130447 0
    outer loop
      vertex 47.705 45.0143 3
      vertex 47.7503 44.67 3
      vertex 47.705 45.0143 6
    endloop
  endfacet
  facet normal -0.991455 -0.130447 0
    outer loop
      vertex 47.705 45.0143 6
      vertex 47.7503 44.67 3
      vertex 47.7503 44.67 6
    endloop
  endfacet
  facet normal 0.608764 -0.793351 0
    outer loop
      vertex 45.4793 45.6107 3
      vertex 45.7548 45.8221 6
      vertex 45.4793 45.6107 6
    endloop
  endfacet
  facet normal 0.608764 -0.793351 0
    outer loop
      vertex 45.4793 45.6107 3
      vertex 45.7548 45.8221 3
      vertex 45.7548 45.8221 6
    endloop
  endfacet
  facet normal 0.608764 -0.793351 0
    outer loop
      vertex 45.4793 45.6107 0
      vertex 45.7548 45.8221 3
      vertex 45.4793 45.6107 3
    endloop
  endfacet
  facet normal 0.608764 -0.793351 0
    outer loop
      vertex 45.7548 45.8221 3
      vertex 45.4793 45.6107 0
      vertex 45.7548 45.8221 0
    endloop
  endfacet
  facet normal 0.382632 -0.923901 0
    outer loop
      vertex 45.7548 45.8221 3
      vertex 46.0757 45.955 6
      vertex 45.7548 45.8221 6
    endloop
  endfacet
  facet normal 0.382632 -0.923901 0
    outer loop
      vertex 45.7548 45.8221 3
      vertex 46.0757 45.955 3
      vertex 46.0757 45.955 6
    endloop
  endfacet
  facet normal 0.382632 -0.923901 0
    outer loop
      vertex 45.7548 45.8221 0
      vertex 46.0757 45.955 3
      vertex 45.7548 45.8221 3
    endloop
  endfacet
  facet normal 0.382632 -0.923901 0
    outer loop
      vertex 46.0757 45.955 3
      vertex 45.7548 45.8221 0
      vertex 46.0757 45.955 0
    endloop
  endfacet
  facet normal -0.608764 0.793351 0
    outer loop
      vertex 47.3607 43.7293 3
      vertex 47.0852 43.5179 6
      vertex 47.3607 43.7293 6
    endloop
  endfacet
  facet normal -0.608764 0.793351 0
    outer loop
      vertex 47.3607 43.7293 3
      vertex 47.0852 43.5179 3
      vertex 47.0852 43.5179 6
    endloop
  endfacet
  facet normal -0.608764 0.793351 0
    outer loop
      vertex 47.3607 43.7293 0
      vertex 47.0852 43.5179 3
      vertex 47.3607 43.7293 3
    endloop
  endfacet
  facet normal -0.608764 0.793351 0
    outer loop
      vertex 47.0852 43.5179 3
      vertex 47.3607 43.7293 0
      vertex 47.0852 43.5179 0
    endloop
  endfacet
  facet normal -0.608764 -0.793351 0
    outer loop
      vertex 47.0852 45.8221 3
      vertex 47.3607 45.6107 6
      vertex 47.0852 45.8221 6
    endloop
  endfacet
  facet normal -0.608764 -0.793351 0
    outer loop
      vertex 47.0852 45.8221 3
      vertex 47.3607 45.6107 3
      vertex 47.3607 45.6107 6
    endloop
  endfacet
  facet normal -0.608764 -0.793351 0
    outer loop
      vertex 47.0852 45.8221 0
      vertex 47.3607 45.6107 3
      vertex 47.0852 45.8221 3
    endloop
  endfacet
  facet normal -0.608764 -0.793351 -0
    outer loop
      vertex 47.3607 45.6107 3
      vertex 47.0852 45.8221 0
      vertex 47.3607 45.6107 0
    endloop
  endfacet
  facet normal 0.130447 0.991455 -0
    outer loop
      vertex 46.42 43.3397 3
      vertex 46.0757 43.385 6
      vertex 46.42 43.3397 6
    endloop
  endfacet
  facet normal 0.130447 0.991455 0
    outer loop
      vertex 46.42 43.3397 3
      vertex 46.0757 43.385 3
      vertex 46.0757 43.385 6
    endloop
  endfacet
  facet normal 0.130447 0.991455 -0
    outer loop
      vertex 46.42 43.3397 0
      vertex 46.0757 43.385 3
      vertex 46.42 43.3397 3
    endloop
  endfacet
  facet normal 0.130447 0.991455 0
    outer loop
      vertex 46.0757 43.385 3
      vertex 46.42 43.3397 0
      vertex 46.0757 43.385 0
    endloop
  endfacet
  facet normal -0.130447 -0.991455 0
    outer loop
      vertex 46.42 46.0003 3
      vertex 46.7643 45.955 6
      vertex 46.42 46.0003 6
    endloop
  endfacet
  facet normal -0.130447 -0.991455 0
    outer loop
      vertex 46.42 46.0003 3
      vertex 46.7643 45.955 3
      vertex 46.7643 45.955 6
    endloop
  endfacet
  facet normal -0.130447 -0.991455 0
    outer loop
      vertex 46.42 46.0003 0
      vertex 46.7643 45.955 3
      vertex 46.42 46.0003 3
    endloop
  endfacet
  facet normal -0.130447 -0.991455 -0
    outer loop
      vertex 46.7643 45.955 3
      vertex 46.42 46.0003 0
      vertex 46.7643 45.955 0
    endloop
  endfacet
  facet normal -0.382632 -0.923901 0
    outer loop
      vertex 46.7643 45.955 3
      vertex 47.0852 45.8221 6
      vertex 46.7643 45.955 6
    endloop
  endfacet
  facet normal -0.382632 -0.923901 0
    outer loop
      vertex 46.7643 45.955 3
      vertex 47.0852 45.8221 3
      vertex 47.0852 45.8221 6
    endloop
  endfacet
  facet normal -0.382632 -0.923901 0
    outer loop
      vertex 46.7643 45.955 0
      vertex 47.0852 45.8221 3
      vertex 46.7643 45.955 3
    endloop
  endfacet
  facet normal -0.382632 -0.923901 -0
    outer loop
      vertex 47.0852 45.8221 3
      vertex 46.7643 45.955 0
      vertex 47.0852 45.8221 0
    endloop
  endfacet
  facet normal 0.608764 0.793351 -0
    outer loop
      vertex 45.7548 43.5179 3
      vertex 45.4793 43.7293 6
      vertex 45.7548 43.5179 6
    endloop
  endfacet
  facet normal 0.608764 0.793351 0
    outer loop
      vertex 45.7548 43.5179 3
      vertex 45.4793 43.7293 3
      vertex 45.4793 43.7293 6
    endloop
  endfacet
  facet normal 0.608764 0.793351 -0
    outer loop
      vertex 45.7548 43.5179 0
      vertex 45.4793 43.7293 3
      vertex 45.7548 43.5179 3
    endloop
  endfacet
  facet normal 0.608764 0.793351 0
    outer loop
      vertex 45.4793 43.7293 3
      vertex 45.7548 43.5179 0
      vertex 45.4793 43.7293 0
    endloop
  endfacet
  facet normal -0.793351 0.608764 0
    outer loop
      vertex 47.3607 43.7293 3
      vertex 47.5721 44.0048 3
      vertex 47.5721 44.0048 0
    endloop
  endfacet
  facet normal -0.793351 0.608764 0
    outer loop
      vertex 47.3607 43.7293 3
      vertex 47.5721 44.0048 0
      vertex 47.3607 43.7293 0
    endloop
  endfacet
  facet normal -0.793351 0.608764 0
    outer loop
      vertex 47.5721 44.0048 3
      vertex 47.3607 43.7293 3
      vertex 47.5721 44.0048 6
    endloop
  endfacet
  facet normal -0.793351 0.608764 0
    outer loop
      vertex 47.5721 44.0048 6
      vertex 47.3607 43.7293 3
      vertex 47.3607 43.7293 6
    endloop
  endfacet
  facet normal -0.382632 0.923901 0
    outer loop
      vertex 47.0852 43.5179 3
      vertex 46.7643 43.385 6
      vertex 47.0852 43.5179 6
    endloop
  endfacet
  facet normal -0.382632 0.923901 0
    outer loop
      vertex 47.0852 43.5179 3
      vertex 46.7643 43.385 3
      vertex 46.7643 43.385 6
    endloop
  endfacet
  facet normal -0.382632 0.923901 0
    outer loop
      vertex 47.0852 43.5179 0
      vertex 46.7643 43.385 3
      vertex 47.0852 43.5179 3
    endloop
  endfacet
  facet normal -0.382632 0.923901 0
    outer loop
      vertex 46.7643 43.385 3
      vertex 47.0852 43.5179 0
      vertex 46.7643 43.385 0
    endloop
  endfacet
  facet normal 0.793351 -0.608764 0
    outer loop
      vertex 45.2679 45.3352 3
      vertex 45.4793 45.6107 3
      vertex 45.4793 45.6107 6
    endloop
  endfacet
  facet normal 0.793351 -0.608764 0
    outer loop
      vertex 45.2679 45.3352 3
      vertex 45.4793 45.6107 6
      vertex 45.2679 45.3352 6
    endloop
  endfacet
  facet normal 0.793351 -0.608764 0
    outer loop
      vertex 45.4793 45.6107 3
      vertex 45.2679 45.3352 3
      vertex 45.4793 45.6107 0
    endloop
  endfacet
  facet normal 0.793351 -0.608764 0
    outer loop
      vertex 45.4793 45.6107 0
      vertex 45.2679 45.3352 3
      vertex 45.2679 45.3352 0
    endloop
  endfacet
  facet normal 0.793351 0.608764 0
    outer loop
      vertex 45.4793 43.7293 3
      vertex 45.2679 44.0048 3
      vertex 45.2679 44.0048 6
    endloop
  endfacet
  facet normal 0.793351 0.608764 -0
    outer loop
      vertex 45.4793 43.7293 3
      vertex 45.2679 44.0048 6
      vertex 45.4793 43.7293 6
    endloop
  endfacet
  facet normal 0.793351 0.608764 0
    outer loop
      vertex 45.2679 44.0048 3
      vertex 45.4793 43.7293 3
      vertex 45.2679 44.0048 0
    endloop
  endfacet
  facet normal 0.793351 0.608764 0
    outer loop
      vertex 45.2679 44.0048 0
      vertex 45.4793 43.7293 3
      vertex 45.4793 43.7293 0
    endloop
  endfacet
  facet normal -0.991455 0.130447 0
    outer loop
      vertex 47.705 44.3257 3
      vertex 47.7503 44.67 3
      vertex 47.7503 44.67 0
    endloop
  endfacet
  facet normal -0.991455 0.130447 0
    outer loop
      vertex 47.705 44.3257 3
      vertex 47.7503 44.67 0
      vertex 47.705 44.3257 0
    endloop
  endfacet
  facet normal -0.991455 0.130447 0
    outer loop
      vertex 47.7503 44.67 3
      vertex 47.705 44.3257 3
      vertex 47.7503 44.67 6
    endloop
  endfacet
  facet normal -0.991455 0.130447 0
    outer loop
      vertex 47.7503 44.67 6
      vertex 47.705 44.3257 3
      vertex 47.705 44.3257 6
    endloop
  endfacet
  facet normal 0.130447 -0.991455 0
    outer loop
      vertex 46.0757 45.955 3
      vertex 46.42 46.0003 6
      vertex 46.0757 45.955 6
    endloop
  endfacet
  facet normal 0.130447 -0.991455 0
    outer loop
      vertex 46.0757 45.955 3
      vertex 46.42 46.0003 3
      vertex 46.42 46.0003 6
    endloop
  endfacet
  facet normal 0.130447 -0.991455 0
    outer loop
      vertex 46.0757 45.955 0
      vertex 46.42 46.0003 3
      vertex 46.0757 45.955 3
    endloop
  endfacet
  facet normal 0.130447 -0.991455 0
    outer loop
      vertex 46.42 46.0003 3
      vertex 46.0757 45.955 0
      vertex 46.42 46.0003 0
    endloop
  endfacet
  facet normal 0.923901 0.382632 0
    outer loop
      vertex 45.2679 44.0048 3
      vertex 45.135 44.3257 3
      vertex 45.135 44.3257 6
    endloop
  endfacet
  facet normal 0.923901 0.382632 -0
    outer loop
      vertex 45.2679 44.0048 3
      vertex 45.135 44.3257 6
      vertex 45.2679 44.0048 6
    endloop
  endfacet
  facet normal 0.923901 0.382632 0
    outer loop
      vertex 45.135 44.3257 3
      vertex 45.2679 44.0048 3
      vertex 45.135 44.3257 0
    endloop
  endfacet
  facet normal 0.923901 0.382632 0
    outer loop
      vertex 45.135 44.3257 0
      vertex 45.2679 44.0048 3
      vertex 45.2679 44.0048 0
    endloop
  endfacet
  facet normal 0.991455 0.130447 0
    outer loop
      vertex 45.135 44.3257 3
      vertex 45.0897 44.67 3
      vertex 45.0897 44.67 6
    endloop
  endfacet
  facet normal 0.991455 0.130447 -0
    outer loop
      vertex 45.135 44.3257 3
      vertex 45.0897 44.67 6
      vertex 45.135 44.3257 6
    endloop
  endfacet
  facet normal 0.991455 0.130447 0
    outer loop
      vertex 45.0897 44.67 3
      vertex 45.135 44.3257 3
      vertex 45.0897 44.67 0
    endloop
  endfacet
  facet normal 0.991455 0.130447 0
    outer loop
      vertex 45.0897 44.67 0
      vertex 45.135 44.3257 3
      vertex 45.135 44.3257 0
    endloop
  endfacet
  facet normal -0.923901 0.382632 0
    outer loop
      vertex 47.5721 44.0048 3
      vertex 47.705 44.3257 3
      vertex 47.705 44.3257 0
    endloop
  endfacet
  facet normal -0.923901 0.382632 0
    outer loop
      vertex 47.5721 44.0048 3
      vertex 47.705 44.3257 0
      vertex 47.5721 44.0048 0
    endloop
  endfacet
  facet normal -0.923901 0.382632 0
    outer loop
      vertex 47.705 44.3257 3
      vertex 47.5721 44.0048 3
      vertex 47.705 44.3257 6
    endloop
  endfacet
  facet normal -0.923901 0.382632 0
    outer loop
      vertex 47.705 44.3257 6
      vertex 47.5721 44.0048 3
      vertex 47.5721 44.0048 6
    endloop
  endfacet
  facet normal 0.382632 0.923901 -0
    outer loop
      vertex 46.0757 43.385 3
      vertex 45.7548 43.5179 6
      vertex 46.0757 43.385 6
    endloop
  endfacet
  facet normal 0.382632 0.923901 0
    outer loop
      vertex 46.0757 43.385 3
      vertex 45.7548 43.5179 3
      vertex 45.7548 43.5179 6
    endloop
  endfacet
  facet normal 0.382632 0.923901 -0
    outer loop
      vertex 46.0757 43.385 0
      vertex 45.7548 43.5179 3
      vertex 46.0757 43.385 3
    endloop
  endfacet
  facet normal 0.382632 0.923901 0
    outer loop
      vertex 45.7548 43.5179 3
      vertex 46.0757 43.385 0
      vertex 45.7548 43.5179 0
    endloop
  endfacet
  facet normal -0.130447 0.991455 0
    outer loop
      vertex 46.7643 43.385 3
      vertex 46.42 43.3397 6
      vertex 46.7643 43.385 6
    endloop
  endfacet
  facet normal -0.130447 0.991455 0
    outer loop
      vertex 46.7643 43.385 3
      vertex 46.42 43.3397 3
      vertex 46.42 43.3397 6
    endloop
  endfacet
  facet normal -0.130447 0.991455 0
    outer loop
      vertex 46.7643 43.385 0
      vertex 46.42 43.3397 3
      vertex 46.7643 43.385 3
    endloop
  endfacet
  facet normal -0.130447 0.991455 0
    outer loop
      vertex 46.42 43.3397 3
      vertex 46.7643 43.385 0
      vertex 46.42 43.3397 0
    endloop
  endfacet
  facet normal -0.793351 -0.608764 0
    outer loop
      vertex 47.5721 45.3352 3
      vertex 47.3607 45.6107 3
      vertex 47.3607 45.6107 0
    endloop
  endfacet
  facet normal -0.793351 -0.608764 -0
    outer loop
      vertex 47.5721 45.3352 3
      vertex 47.3607 45.6107 0
      vertex 47.5721 45.3352 0
    endloop
  endfacet
  facet normal -0.793351 -0.608764 0
    outer loop
      vertex 47.3607 45.6107 3
      vertex 47.5721 45.3352 3
      vertex 47.3607 45.6107 6
    endloop
  endfacet
  facet normal -0.793351 -0.608764 0
    outer loop
      vertex 47.3607 45.6107 6
      vertex 47.5721 45.3352 3
      vertex 47.5721 45.3352 6
    endloop
  endfacet
  facet normal 0.923901 -0.382632 0
    outer loop
      vertex 45.135 45.0143 3
      vertex 45.2679 45.3352 3
      vertex 45.2679 45.3352 6
    endloop
  endfacet
  facet normal 0.923901 -0.382632 0
    outer loop
      vertex 45.135 45.0143 3
      vertex 45.2679 45.3352 6
      vertex 45.135 45.0143 6
    endloop
  endfacet
  facet normal 0.923901 -0.382632 0
    outer loop
      vertex 45.2679 45.3352 3
      vertex 45.135 45.0143 3
      vertex 45.2679 45.3352 0
    endloop
  endfacet
  facet normal 0.923901 -0.382632 0
    outer loop
      vertex 45.2679 45.3352 0
      vertex 45.135 45.0143 3
      vertex 45.135 45.0143 0
    endloop
  endfacet
  facet normal 0.991455 -0.130447 0
    outer loop
      vertex 45.0897 44.67 3
      vertex 45.135 45.0143 3
      vertex 45.135 45.0143 6
    endloop
  endfacet
  facet normal 0.991455 -0.130447 0
    outer loop
      vertex 45.0897 44.67 3
      vertex 45.135 45.0143 6
      vertex 45.0897 44.67 6
    endloop
  endfacet
  facet normal 0.991455 -0.130447 0
    outer loop
      vertex 45.135 45.0143 3
      vertex 45.0897 44.67 3
      vertex 45.135 45.0143 0
    endloop
  endfacet
  facet normal 0.991455 -0.130447 0
    outer loop
      vertex 45.135 45.0143 0
      vertex 45.0897 44.67 3
      vertex 45.0897 44.67 0
    endloop
  endfacet
  facet normal 0.529999 0.847998 -0
    outer loop
      vertex 52.9572 52.1516 0
      vertex 52.75 52.2811 19.6
      vertex 52.9572 52.1516 19.6
    endloop
  endfacet
  facet normal 0.529999 0.847998 0
    outer loop
      vertex 52.75 52.2811 19.6
      vertex 52.9572 52.1516 0
      vertex 52.75 52.2811 0
    endloop
  endfacet
  facet normal 0.994496 0.10477 0
    outer loop
      vertex 54.4915 49.4941 19.6
      vertex 54.4659 49.7371 0
      vertex 54.4659 49.7371 19.6
    endloop
  endfacet
  facet normal 0.994496 0.10477 0
    outer loop
      vertex 54.4659 49.7371 0
      vertex 54.4915 49.4941 19.6
      vertex 54.4915 49.4941 0
    endloop
  endfacet
  facet normal -0.994496 -0.10477 0
    outer loop
      vertex -54.4659 -49.7371 0
      vertex -54.4915 -49.4941 19.6
      vertex -54.4915 -49.4941 0
    endloop
  endfacet
  facet normal -0.994496 -0.10477 0
    outer loop
      vertex -54.4915 -49.4941 19.6
      vertex -54.4659 -49.7371 0
      vertex -54.4659 -49.7371 19.6
    endloop
  endfacet
  facet normal 0.694719 0.719282 -0
    outer loop
      vertex 53.5177 51.6813 0
      vertex 53.342 51.851 19.6
      vertex 53.5177 51.6813 19.6
    endloop
  endfacet
  facet normal 0.694719 0.719282 0
    outer loop
      vertex 53.342 51.851 19.6
      vertex 53.5177 51.6813 0
      vertex 53.342 51.851 0
    endloop
  endfacet
  facet normal -0.40648 0.91366 0
    outer loop
      vertex -52.3111 52.4951 0
      vertex -52.5343 52.3958 19.6
      vertex -52.3111 52.4951 19.6
    endloop
  endfacet
  facet normal -0.40648 0.91366 0
    outer loop
      vertex -52.5343 52.3958 19.6
      vertex -52.3111 52.4951 0
      vertex -52.5343 52.3958 0
    endloop
  endfacet
  facet normal -0.927201 -0.374565 0
    outer loop
      vertex -54.1974 -50.6736 0
      vertex -54.2889 -50.4471 19.6
      vertex -54.2889 -50.4471 0
    endloop
  endfacet
  facet normal -0.927201 -0.374565 0
    outer loop
      vertex -54.2889 -50.4471 19.6
      vertex -54.1974 -50.6736 0
      vertex -54.1974 -50.6736 19.6
    endloop
  endfacet
  facet normal 0.898804 0.438351 0
    outer loop
      vertex 54.1974 50.6736 19.6
      vertex 54.0903 50.8932 0
      vertex 54.0903 50.8932 19.6
    endloop
  endfacet
  facet normal 0.898804 0.438351 0
    outer loop
      vertex 54.0903 50.8932 0
      vertex 54.1974 50.6736 19.6
      vertex 54.1974 50.6736 0
    endloop
  endfacet
  facet normal 0.866042 0.499971 0
    outer loop
      vertex 54.0903 50.8932 19.6
      vertex 53.9682 51.1047 0
      vertex 53.9682 51.1047 19.6
    endloop
  endfacet
  facet normal 0.866042 0.499971 0
    outer loop
      vertex 53.9682 51.1047 0
      vertex 54.0903 50.8932 19.6
      vertex 54.0903 50.8932 0
    endloop
  endfacet
  facet normal 0.40648 0.91366 -0
    outer loop
      vertex 52.5343 52.3958 0
      vertex 52.3111 52.4951 19.6
      vertex 52.5343 52.3958 19.6
    endloop
  endfacet
  facet normal 0.40648 0.91366 0
    outer loop
      vertex 52.3111 52.4951 19.6
      vertex 52.5343 52.3958 0
      vertex 52.3111 52.4951 0
    endloop
  endfacet
  facet normal 0.642597 0.766205 -0
    outer loop
      vertex 53.342 51.851 0
      vertex 53.1548 52.008 19.6
      vertex 53.342 51.851 19.6
    endloop
  endfacet
  facet normal 0.642597 0.766205 0
    outer loop
      vertex 53.1548 52.008 19.6
      vertex 53.342 51.851 0
      vertex 53.1548 52.008 0
    endloop
  endfacet
  facet normal 0 1 -0
    outer loop
      vertex 38.5 52.7479 0
      vertex -38.5 52.7479 5
      vertex 38.5 52.7479 5
    endloop
  endfacet
  facet normal 0 1 0
    outer loop
      vertex -38.5 52.7479 5
      vertex 38.5 52.7479 0
      vertex -38.5 52.7479 0
    endloop
  endfacet
  facet normal 0 1 0
    outer loop
      vertex 38.5 52.7479 5
      vertex 51.1221 52.7479 19.6
      vertex 50.5 52.7479 5
    endloop
  endfacet
  facet normal 0 1 -0
    outer loop
      vertex 51.1221 52.7479 0
      vertex 50.5 52.7479 5
      vertex 51.1221 52.7479 19.6
    endloop
  endfacet
  facet normal 0 1 0
    outer loop
      vertex 50.5 52.7479 5
      vertex 51.1221 52.7479 0
      vertex 50.5 52.7479 0
    endloop
  endfacet
  facet normal 0 1 0
    outer loop
      vertex 51.1221 52.7479 19.6
      vertex 38.5 52.7479 5
      vertex -51.1221 52.7479 19.6
    endloop
  endfacet
  facet normal 0 1 -0
    outer loop
      vertex -38.5 52.7479 5
      vertex -51.1221 52.7479 19.6
      vertex 38.5 52.7479 5
    endloop
  endfacet
  facet normal 0 1 -0
    outer loop
      vertex -50.5 52.7479 5
      vertex -51.1221 52.7479 19.6
      vertex -38.5 52.7479 5
    endloop
  endfacet
  facet normal 0 1 0
    outer loop
      vertex -51.1221 52.7479 0
      vertex -50.5 52.7479 5
      vertex -50.5 52.7479 0
    endloop
  endfacet
  facet normal 0 1 0
    outer loop
      vertex -50.5 52.7479 5
      vertex -51.1221 52.7479 0
      vertex -51.1221 52.7479 19.6
    endloop
  endfacet
  facet normal 0 -1 0
    outer loop
      vertex -38.5 -52.7479 0
      vertex 38.5 -52.7479 5
      vertex -38.5 -52.7479 5
    endloop
  endfacet
  facet normal 0 -1 -0
    outer loop
      vertex 38.5 -52.7479 5
      vertex -38.5 -52.7479 0
      vertex 38.5 -52.7479 0
    endloop
  endfacet
  facet normal 0 -1 0
    outer loop
      vertex -38.5 -52.7479 5
      vertex -51.1221 -52.7479 19.6
      vertex -50.5 -52.7479 5
    endloop
  endfacet
  facet normal 0 -1 0
    outer loop
      vertex -51.1221 -52.7479 0
      vertex -50.5 -52.7479 5
      vertex -51.1221 -52.7479 19.6
    endloop
  endfacet
  facet normal 0 -1 -0
    outer loop
      vertex -50.5 -52.7479 5
      vertex -51.1221 -52.7479 0
      vertex -50.5 -52.7479 0
    endloop
  endfacet
  facet normal 0 -1 0
    outer loop
      vertex -51.1221 -52.7479 19.6
      vertex -38.5 -52.7479 5
      vertex 51.1221 -52.7479 19.6
    endloop
  endfacet
  facet normal 0 -1 0
    outer loop
      vertex 38.5 -52.7479 5
      vertex 51.1221 -52.7479 19.6
      vertex -38.5 -52.7479 5
    endloop
  endfacet
  facet normal 0 -1 0
    outer loop
      vertex 50.5 -52.7479 5
      vertex 51.1221 -52.7479 19.6
      vertex 38.5 -52.7479 5
    endloop
  endfacet
  facet normal 0 -1 0
    outer loop
      vertex 51.1221 -52.7479 0
      vertex 50.5 -52.7479 5
      vertex 50.5 -52.7479 0
    endloop
  endfacet
  facet normal 0 -1 0
    outer loop
      vertex 50.5 -52.7479 5
      vertex 51.1221 -52.7479 0
      vertex 51.1221 -52.7479 19.6
    endloop
  endfacet
  facet normal 0.994496 -0.10477 0
    outer loop
      vertex 54.4659 -49.7371 19.6
      vertex 54.4915 -49.4941 0
      vertex 54.4915 -49.4941 19.6
    endloop
  endfacet
  facet normal 0.994496 -0.10477 0
    outer loop
      vertex 54.4915 -49.4941 0
      vertex 54.4659 -49.7371 19.6
      vertex 54.4659 -49.7371 0
    endloop
  endfacet
  facet normal -0.342269 0.939602 0
    outer loop
      vertex -52.0816 52.5787 0
      vertex -52.3111 52.4951 19.6
      vertex -52.0816 52.5787 19.6
    endloop
  endfacet
  facet normal -0.342269 0.939602 0
    outer loop
      vertex -52.3111 52.4951 19.6
      vertex -52.0816 52.5787 0
      vertex -52.3111 52.4951 0
    endloop
  endfacet
  facet normal 0.970287 -0.241958 0
    outer loop
      vertex 54.3644 -50.2147 19.6
      vertex 54.4235 -49.9777 0
      vertex 54.4235 -49.9777 19.6
    endloop
  endfacet
  facet normal 0.970287 -0.241958 0
    outer loop
      vertex 54.4235 -49.9777 0
      vertex 54.3644 -50.2147 19.6
      vertex 54.3644 -50.2147 0
    endloop
  endfacet
  facet normal -0.742989 0.669304 0
    outer loop
      vertex -53.6812 51.4998 0
      vertex -53.5177 51.6813 19.6
      vertex -53.5177 51.6813 0
    endloop
  endfacet
  facet normal -0.742989 0.669304 0
    outer loop
      vertex -53.5177 51.6813 19.6
      vertex -53.6812 51.4998 0
      vertex -53.6812 51.4998 19.6
    endloop
  endfacet
  facet normal 0.999394 0.0348007 0
    outer loop
      vertex 54.5 49.25 19.6
      vertex 54.4915 49.4941 0
      vertex 54.4915 49.4941 19.6
    endloop
  endfacet
  facet normal 0.999394 0.0348007 0
    outer loop
      vertex 54.4915 49.4941 0
      vertex 54.5 49.25 19.6
      vertex 54.5 49.25 0
    endloop
  endfacet
  facet normal 1 0 0
    outer loop
      vertex 54.5 6.25 19.6
      vertex 54.5 -49.25 19.6
      vertex 54.5 6.25 6
    endloop
  endfacet
  facet normal 1 0 0
    outer loop
      vertex 54.5 32.75 6
      vertex 54.5 49.25 19.6
      vertex 54.5 32.75 19.6
    endloop
  endfacet
  facet normal 1 0 0
    outer loop
      vertex 54.5 49.25 19.6
      vertex 54.5 32.75 6
      vertex 54.5 49.25 0
    endloop
  endfacet
  facet normal 1 -0 0
    outer loop
      vertex 54.5 6.25 6
      vertex 54.5 49.25 0
      vertex 54.5 32.75 6
    endloop
  endfacet
  facet normal 1 0 0
    outer loop
      vertex 54.5 6.25 6
      vertex 54.5 -49.25 0
      vertex 54.5 49.25 0
    endloop
  endfacet
  facet normal 1 0 0
    outer loop
      vertex 54.5 -49.25 0
      vertex 54.5 6.25 6
      vertex 54.5 -49.25 19.6
    endloop
  endfacet
  facet normal -0.275424 0.961323 0
    outer loop
      vertex -51.8467 52.646 0
      vertex -52.0816 52.5787 19.6
      vertex -51.8467 52.646 19.6
    endloop
  endfacet
  facet normal -0.275424 0.961323 0
    outer loop
      vertex -52.0816 52.5787 19.6
      vertex -51.8467 52.646 0
      vertex -52.0816 52.5787 0
    endloop
  endfacet
  facet normal -0.207991 0.978131 0
    outer loop
      vertex -51.6078 52.6968 0
      vertex -51.8467 52.646 19.6
      vertex -51.6078 52.6968 19.6
    endloop
  endfacet
  facet normal -0.207991 0.978131 0
    outer loop
      vertex -51.8467 52.646 19.6
      vertex -51.6078 52.6968 0
      vertex -51.8467 52.646 0
    endloop
  endfacet
  facet normal -0.999394 0.0348007 0
    outer loop
      vertex -54.5 49.25 0
      vertex -54.4915 49.4941 19.6
      vertex -54.4915 49.4941 0
    endloop
  endfacet
  facet normal -0.999394 0.0348007 0
    outer loop
      vertex -54.4915 49.4941 19.6
      vertex -54.5 49.25 0
      vertex -54.5 49.25 19.6
    endloop
  endfacet
  facet normal -1 0 0
    outer loop
      vertex -54.5 49.25 0
      vertex -54.5 36.75 7.8
      vertex -54.5 49.25 19.6
    endloop
  endfacet
  facet normal -1 0 0
    outer loop
      vertex -54.5 -49.25 0
      vertex -54.5 36.75 7.8
      vertex -54.5 49.25 0
    endloop
  endfacet
  facet normal -1 -0 0
    outer loop
      vertex -54.5 36.75 7.8
      vertex -54.5 -49.25 0
      vertex -54.5 -38.75 7.8
    endloop
  endfacet
  facet normal -1 0 0
    outer loop
      vertex -54.5 -49.25 19.6
      vertex -54.5 -38.75 7.8
      vertex -54.5 -49.25 0
    endloop
  endfacet
  facet normal -1 0 0
    outer loop
      vertex -54.5 -38.75 7.8
      vertex -54.5 -49.25 19.6
      vertex -54.5 -38.75 19.6
    endloop
  endfacet
  facet normal -1 -0 0
    outer loop
      vertex -54.5 49.25 19.6
      vertex -54.5 36.75 7.8
      vertex -54.5 36.75 19.6
    endloop
  endfacet
  facet normal 0.829015 0.559227 0
    outer loop
      vertex 53.9682 51.1047 19.6
      vertex 53.8316 51.3072 0
      vertex 53.8316 51.3072 19.6
    endloop
  endfacet
  facet normal 0.829015 0.559227 0
    outer loop
      vertex 53.8316 51.3072 0
      vertex 53.9682 51.1047 19.6
      vertex 53.9682 51.1047 0
    endloop
  endfacet
  facet normal 0.970287 0.241958 0
    outer loop
      vertex 54.4235 49.9777 19.6
      vertex 54.3644 50.2147 0
      vertex 54.3644 50.2147 19.6
    endloop
  endfacet
  facet normal 0.970287 0.241958 0
    outer loop
      vertex 54.3644 50.2147 0
      vertex 54.4235 49.9777 19.6
      vertex 54.4235 49.9777 0
    endloop
  endfacet
  facet normal -0.994496 0.10477 0
    outer loop
      vertex -54.4915 49.4941 0
      vertex -54.4659 49.7371 19.6
      vertex -54.4659 49.7371 0
    endloop
  endfacet
  facet normal -0.994496 0.10477 0
    outer loop
      vertex -54.4659 49.7371 19.6
      vertex -54.4915 49.4941 0
      vertex -54.4915 49.4941 19.6
    endloop
  endfacet
  facet normal -0.866042 0.499971 0
    outer loop
      vertex -54.0903 50.8932 0
      vertex -53.9682 51.1047 19.6
      vertex -53.9682 51.1047 0
    endloop
  endfacet
  facet normal -0.866042 0.499971 0
    outer loop
      vertex -53.9682 51.1047 19.6
      vertex -54.0903 50.8932 0
      vertex -54.0903 50.8932 19.6
    endloop
  endfacet
  facet normal 0.999394 -0.0348007 0
    outer loop
      vertex 54.4915 -49.4941 19.6
      vertex 54.5 -49.25 0
      vertex 54.5 -49.25 19.6
    endloop
  endfacet
  facet normal 0.999394 -0.0348007 0
    outer loop
      vertex 54.5 -49.25 0
      vertex 54.4915 -49.4941 19.6
      vertex 54.4915 -49.4941 0
    endloop
  endfacet
  facet normal -0.788161 -0.615469 0
    outer loop
      vertex -53.6812 -51.4998 0
      vertex -53.8316 -51.3072 19.6
      vertex -53.8316 -51.3072 0
    endloop
  endfacet
  facet normal -0.788161 -0.615469 0
    outer loop
      vertex -53.8316 -51.3072 19.6
      vertex -53.6812 -51.4998 0
      vertex -53.6812 -51.4998 19.6
    endloop
  endfacet
  facet normal 0.207991 0.978131 -0
    outer loop
      vertex 51.8467 52.646 0
      vertex 51.6078 52.6968 19.6
      vertex 51.8467 52.646 19.6
    endloop
  endfacet
  facet normal 0.207991 0.978131 0
    outer loop
      vertex 51.6078 52.6968 19.6
      vertex 51.8467 52.646 0
      vertex 51.6078 52.6968 0
    endloop
  endfacet
  facet normal 0.58788 -0.808948 0
    outer loop
      vertex 52.9572 -52.1516 0
      vertex 53.1548 -52.008 19.6
      vertex 52.9572 -52.1516 19.6
    endloop
  endfacet
  facet normal 0.58788 -0.808948 0
    outer loop
      vertex 53.1548 -52.008 19.6
      vertex 52.9572 -52.1516 0
      vertex 53.1548 -52.008 0
    endloop
  endfacet
  facet normal 0.642597 -0.766205 0
    outer loop
      vertex 53.1548 -52.008 0
      vertex 53.342 -51.851 19.6
      vertex 53.1548 -52.008 19.6
    endloop
  endfacet
  facet normal 0.642597 -0.766205 0
    outer loop
      vertex 53.342 -51.851 19.6
      vertex 53.1548 -52.008 0
      vertex 53.342 -51.851 0
    endloop
  endfacet
  facet normal -0.866042 -0.499971 0
    outer loop
      vertex -53.9682 -51.1047 0
      vertex -54.0903 -50.8932 19.6
      vertex -54.0903 -50.8932 0
    endloop
  endfacet
  facet normal -0.866042 -0.499971 0
    outer loop
      vertex -54.0903 -50.8932 19.6
      vertex -53.9682 -51.1047 0
      vertex -53.9682 -51.1047 19.6
    endloop
  endfacet
  facet normal 0.139129 0.990274 -0
    outer loop
      vertex 51.6078 52.6968 0
      vertex 51.3658 52.7308 19.6
      vertex 51.6078 52.6968 19.6
    endloop
  endfacet
  facet normal 0.139129 0.990274 0
    outer loop
      vertex 51.3658 52.7308 19.6
      vertex 51.6078 52.6968 0
      vertex 51.3658 52.7308 0
    endloop
  endfacet
  facet normal 0.788161 -0.615469 0
    outer loop
      vertex 53.6812 -51.4998 19.6
      vertex 53.8316 -51.3072 0
      vertex 53.8316 -51.3072 19.6
    endloop
  endfacet
  facet normal 0.788161 -0.615469 0
    outer loop
      vertex 53.8316 -51.3072 0
      vertex 53.6812 -51.4998 19.6
      vertex 53.6812 -51.4998 0
    endloop
  endfacet
  facet normal -0.139129 0.990274 0
    outer loop
      vertex -51.3658 52.7308 0
      vertex -51.6078 52.6968 19.6
      vertex -51.3658 52.7308 19.6
    endloop
  endfacet
  facet normal -0.139129 0.990274 0
    outer loop
      vertex -51.6078 52.6968 19.6
      vertex -51.3658 52.7308 0
      vertex -51.6078 52.6968 0
    endloop
  endfacet
  facet normal 0.95107 0.308975 0
    outer loop
      vertex 54.3644 50.2147 19.6
      vertex 54.2889 50.4471 0
      vertex 54.2889 50.4471 19.6
    endloop
  endfacet
  facet normal 0.95107 0.308975 0
    outer loop
      vertex 54.2889 50.4471 0
      vertex 54.3644 50.2147 19.6
      vertex 54.3644 50.2147 0
    endloop
  endfacet
  facet normal -0.999394 -0.0348007 0
    outer loop
      vertex -54.4915 -49.4941 0
      vertex -54.5 -49.25 19.6
      vertex -54.5 -49.25 0
    endloop
  endfacet
  facet normal -0.999394 -0.0348007 0
    outer loop
      vertex -54.5 -49.25 19.6
      vertex -54.4915 -49.4941 0
      vertex -54.4915 -49.4941 19.6
    endloop
  endfacet
  facet normal 0.788161 0.615469 0
    outer loop
      vertex 53.8316 51.3072 19.6
      vertex 53.6812 51.4998 0
      vertex 53.6812 51.4998 19.6
    endloop
  endfacet
  facet normal 0.788161 0.615469 0
    outer loop
      vertex 53.6812 51.4998 0
      vertex 53.8316 51.3072 19.6
      vertex 53.8316 51.3072 0
    endloop
  endfacet
  facet normal -0.95107 0.308975 0
    outer loop
      vertex -54.3644 50.2147 0
      vertex -54.2889 50.4471 19.6
      vertex -54.2889 50.4471 0
    endloop
  endfacet
  facet normal -0.95107 0.308975 0
    outer loop
      vertex -54.2889 50.4471 19.6
      vertex -54.3644 50.2147 0
      vertex -54.3644 50.2147 19.6
    endloop
  endfacet
  facet normal 0.342269 -0.939602 0
    outer loop
      vertex 52.0816 -52.5787 0
      vertex 52.3111 -52.4951 19.6
      vertex 52.0816 -52.5787 19.6
    endloop
  endfacet
  facet normal 0.342269 -0.939602 0
    outer loop
      vertex 52.3111 -52.4951 19.6
      vertex 52.0816 -52.5787 0
      vertex 52.3111 -52.4951 0
    endloop
  endfacet
  facet normal -0.927201 0.374565 0
    outer loop
      vertex -54.2889 50.4471 0
      vertex -54.1974 50.6736 19.6
      vertex -54.1974 50.6736 0
    endloop
  endfacet
  facet normal -0.927201 0.374565 0
    outer loop
      vertex -54.1974 50.6736 19.6
      vertex -54.2889 50.4471 0
      vertex -54.2889 50.4471 19.6
    endloop
  endfacet
  facet normal 0.742989 0.669304 0
    outer loop
      vertex 53.6812 51.4998 19.6
      vertex 53.5177 51.6813 0
      vertex 53.5177 51.6813 19.6
    endloop
  endfacet
  facet normal 0.742989 0.669304 0
    outer loop
      vertex 53.5177 51.6813 0
      vertex 53.6812 51.4998 19.6
      vertex 53.6812 51.4998 0
    endloop
  endfacet
  facet normal 0.139129 -0.990274 0
    outer loop
      vertex 51.3658 -52.7308 0
      vertex 51.6078 -52.6968 19.6
      vertex 51.3658 -52.7308 19.6
    endloop
  endfacet
  facet normal 0.139129 -0.990274 0
    outer loop
      vertex 51.6078 -52.6968 19.6
      vertex 51.3658 -52.7308 0
      vertex 51.6078 -52.6968 0
    endloop
  endfacet
  facet normal -0.970287 0.241958 0
    outer loop
      vertex -54.4235 49.9777 0
      vertex -54.3644 50.2147 19.6
      vertex -54.3644 50.2147 0
    endloop
  endfacet
  facet normal -0.970287 0.241958 0
    outer loop
      vertex -54.3644 50.2147 19.6
      vertex -54.4235 49.9777 0
      vertex -54.4235 49.9777 19.6
    endloop
  endfacet
  facet normal 0.95107 -0.308975 0
    outer loop
      vertex 54.2889 -50.4471 19.6
      vertex 54.3644 -50.2147 0
      vertex 54.3644 -50.2147 19.6
    endloop
  endfacet
  facet normal 0.95107 -0.308975 0
    outer loop
      vertex 54.3644 -50.2147 0
      vertex 54.2889 -50.4471 19.6
      vertex 54.2889 -50.4471 0
    endloop
  endfacet
  facet normal -0.694719 0.719282 0
    outer loop
      vertex -53.342 51.851 0
      vertex -53.5177 51.6813 19.6
      vertex -53.342 51.851 19.6
    endloop
  endfacet
  facet normal -0.694719 0.719282 0
    outer loop
      vertex -53.5177 51.6813 19.6
      vertex -53.342 51.851 0
      vertex -53.5177 51.6813 0
    endloop
  endfacet
  facet normal -0.984825 0.173552 0
    outer loop
      vertex -54.4659 49.7371 0
      vertex -54.4235 49.9777 19.6
      vertex -54.4235 49.9777 0
    endloop
  endfacet
  facet normal -0.984825 0.173552 0
    outer loop
      vertex -54.4235 49.9777 19.6
      vertex -54.4659 49.7371 0
      vertex -54.4659 49.7371 19.6
    endloop
  endfacet
  facet normal 0.529999 -0.847998 0
    outer loop
      vertex 52.75 -52.2811 0
      vertex 52.9572 -52.1516 19.6
      vertex 52.75 -52.2811 19.6
    endloop
  endfacet
  facet normal 0.529999 -0.847998 0
    outer loop
      vertex 52.9572 -52.1516 19.6
      vertex 52.75 -52.2811 0
      vertex 52.9572 -52.1516 0
    endloop
  endfacet
  facet normal 0.207991 -0.978131 0
    outer loop
      vertex 51.6078 -52.6968 0
      vertex 51.8467 -52.646 19.6
      vertex 51.6078 -52.6968 19.6
    endloop
  endfacet
  facet normal 0.207991 -0.978131 0
    outer loop
      vertex 51.8467 -52.646 19.6
      vertex 51.6078 -52.6968 0
      vertex 51.8467 -52.646 0
    endloop
  endfacet
  facet normal -0.898804 0.438351 0
    outer loop
      vertex -54.1974 50.6736 0
      vertex -54.0903 50.8932 19.6
      vertex -54.0903 50.8932 0
    endloop
  endfacet
  facet normal -0.898804 0.438351 0
    outer loop
      vertex -54.0903 50.8932 19.6
      vertex -54.1974 50.6736 0
      vertex -54.1974 50.6736 19.6
    endloop
  endfacet
  facet normal 0.984825 -0.173552 0
    outer loop
      vertex 54.4235 -49.9777 19.6
      vertex 54.4659 -49.7371 0
      vertex 54.4659 -49.7371 19.6
    endloop
  endfacet
  facet normal 0.984825 -0.173552 0
    outer loop
      vertex 54.4659 -49.7371 0
      vertex 54.4235 -49.9777 19.6
      vertex 54.4235 -49.9777 0
    endloop
  endfacet
  facet normal -0.529999 0.847998 0
    outer loop
      vertex -52.75 52.2811 0
      vertex -52.9572 52.1516 19.6
      vertex -52.75 52.2811 19.6
    endloop
  endfacet
  facet normal -0.529999 0.847998 0
    outer loop
      vertex -52.9572 52.1516 19.6
      vertex -52.75 52.2811 0
      vertex -52.9572 52.1516 0
    endloop
  endfacet
  facet normal 0.275424 -0.961323 0
    outer loop
      vertex 51.8467 -52.646 0
      vertex 52.0816 -52.5787 19.6
      vertex 51.8467 -52.646 19.6
    endloop
  endfacet
  facet normal 0.275424 -0.961323 0
    outer loop
      vertex 52.0816 -52.5787 19.6
      vertex 51.8467 -52.646 0
      vertex 52.0816 -52.5787 0
    endloop
  endfacet
  facet normal 0.984825 0.173552 0
    outer loop
      vertex 54.4659 49.7371 19.6
      vertex 54.4235 49.9777 0
      vertex 54.4235 49.9777 19.6
    endloop
  endfacet
  facet normal 0.984825 0.173552 0
    outer loop
      vertex 54.4235 49.9777 0
      vertex 54.4659 49.7371 19.6
      vertex 54.4659 49.7371 0
    endloop
  endfacet
  facet normal -0.642597 0.766205 0
    outer loop
      vertex -53.1548 52.008 0
      vertex -53.342 51.851 19.6
      vertex -53.1548 52.008 19.6
    endloop
  endfacet
  facet normal -0.642597 0.766205 0
    outer loop
      vertex -53.342 51.851 19.6
      vertex -53.1548 52.008 0
      vertex -53.342 51.851 0
    endloop
  endfacet
  facet normal 0.0699961 0.997547 -0
    outer loop
      vertex 51.3658 52.7308 0
      vertex 51.1221 52.7479 19.6
      vertex 51.3658 52.7308 19.6
    endloop
  endfacet
  facet normal 0.0699961 0.997547 0
    outer loop
      vertex 51.1221 52.7479 19.6
      vertex 51.3658 52.7308 0
      vertex 51.1221 52.7479 0
    endloop
  endfacet
  facet normal 0.927201 0.374565 0
    outer loop
      vertex 54.2889 50.4471 19.6
      vertex 54.1974 50.6736 0
      vertex 54.1974 50.6736 19.6
    endloop
  endfacet
  facet normal 0.927201 0.374565 0
    outer loop
      vertex 54.1974 50.6736 0
      vertex 54.2889 50.4471 19.6
      vertex 54.2889 50.4471 0
    endloop
  endfacet
  facet normal 0.40648 -0.91366 0
    outer loop
      vertex 52.3111 -52.4951 0
      vertex 52.5343 -52.3958 19.6
      vertex 52.3111 -52.4951 19.6
    endloop
  endfacet
  facet normal 0.40648 -0.91366 0
    outer loop
      vertex 52.5343 -52.3958 19.6
      vertex 52.3111 -52.4951 0
      vertex 52.5343 -52.3958 0
    endloop
  endfacet
  facet normal -0.829015 0.559227 0
    outer loop
      vertex -53.9682 51.1047 0
      vertex -53.8316 51.3072 19.6
      vertex -53.8316 51.3072 0
    endloop
  endfacet
  facet normal -0.829015 0.559227 0
    outer loop
      vertex -53.8316 51.3072 19.6
      vertex -53.9682 51.1047 0
      vertex -53.9682 51.1047 19.6
    endloop
  endfacet
  facet normal -0.0699961 0.997547 0
    outer loop
      vertex -51.1221 52.7479 0
      vertex -51.3658 52.7308 19.6
      vertex -51.1221 52.7479 19.6
    endloop
  endfacet
  facet normal -0.0699961 0.997547 0
    outer loop
      vertex -51.3658 52.7308 19.6
      vertex -51.1221 52.7479 0
      vertex -51.3658 52.7308 0
    endloop
  endfacet
  facet normal -0.40648 -0.91366 0
    outer loop
      vertex -52.5343 -52.3958 0
      vertex -52.3111 -52.4951 19.6
      vertex -52.5343 -52.3958 19.6
    endloop
  endfacet
  facet normal -0.40648 -0.91366 -0
    outer loop
      vertex -52.3111 -52.4951 19.6
      vertex -52.5343 -52.3958 0
      vertex -52.3111 -52.4951 0
    endloop
  endfacet
  facet normal 0.469504 0.88293 -0
    outer loop
      vertex 52.75 52.2811 0
      vertex 52.5343 52.3958 19.6
      vertex 52.75 52.2811 19.6
    endloop
  endfacet
  facet normal 0.469504 0.88293 0
    outer loop
      vertex 52.5343 52.3958 19.6
      vertex 52.75 52.2811 0
      vertex 52.5343 52.3958 0
    endloop
  endfacet
  facet normal -0.469504 0.88293 0
    outer loop
      vertex -52.5343 52.3958 0
      vertex -52.75 52.2811 19.6
      vertex -52.5343 52.3958 19.6
    endloop
  endfacet
  facet normal -0.469504 0.88293 0
    outer loop
      vertex -52.75 52.2811 19.6
      vertex -52.5343 52.3958 0
      vertex -52.75 52.2811 0
    endloop
  endfacet
  facet normal 0.927201 -0.374565 0
    outer loop
      vertex 54.1974 -50.6736 19.6
      vertex 54.2889 -50.4471 0
      vertex 54.2889 -50.4471 19.6
    endloop
  endfacet
  facet normal 0.927201 -0.374565 0
    outer loop
      vertex 54.2889 -50.4471 0
      vertex 54.1974 -50.6736 19.6
      vertex 54.1974 -50.6736 0
    endloop
  endfacet
  facet normal -0.742989 -0.669304 0
    outer loop
      vertex -53.5177 -51.6813 0
      vertex -53.6812 -51.4998 19.6
      vertex -53.6812 -51.4998 0
    endloop
  endfacet
  facet normal -0.742989 -0.669304 0
    outer loop
      vertex -53.6812 -51.4998 19.6
      vertex -53.5177 -51.6813 0
      vertex -53.5177 -51.6813 19.6
    endloop
  endfacet
  facet normal 0.0699961 -0.997547 0
    outer loop
      vertex 51.1221 -52.7479 0
      vertex 51.3658 -52.7308 19.6
      vertex 51.1221 -52.7479 19.6
    endloop
  endfacet
  facet normal 0.0699961 -0.997547 0
    outer loop
      vertex 51.3658 -52.7308 19.6
      vertex 51.1221 -52.7479 0
      vertex 51.3658 -52.7308 0
    endloop
  endfacet
  facet normal -0.207991 -0.978131 0
    outer loop
      vertex -51.8467 -52.646 0
      vertex -51.6078 -52.6968 19.6
      vertex -51.8467 -52.646 19.6
    endloop
  endfacet
  facet normal -0.207991 -0.978131 -0
    outer loop
      vertex -51.6078 -52.6968 19.6
      vertex -51.8467 -52.646 0
      vertex -51.6078 -52.6968 0
    endloop
  endfacet
  facet normal -0.95107 -0.308975 0
    outer loop
      vertex -54.2889 -50.4471 0
      vertex -54.3644 -50.2147 19.6
      vertex -54.3644 -50.2147 0
    endloop
  endfacet
  facet normal -0.95107 -0.308975 0
    outer loop
      vertex -54.3644 -50.2147 19.6
      vertex -54.2889 -50.4471 0
      vertex -54.2889 -50.4471 19.6
    endloop
  endfacet
  facet normal -0.788161 0.615469 0
    outer loop
      vertex -53.8316 51.3072 0
      vertex -53.6812 51.4998 19.6
      vertex -53.6812 51.4998 0
    endloop
  endfacet
  facet normal -0.788161 0.615469 0
    outer loop
      vertex -53.6812 51.4998 19.6
      vertex -53.8316 51.3072 0
      vertex -53.8316 51.3072 19.6
    endloop
  endfacet
  facet normal 0.469504 -0.88293 0
    outer loop
      vertex 52.5343 -52.3958 0
      vertex 52.75 -52.2811 19.6
      vertex 52.5343 -52.3958 19.6
    endloop
  endfacet
  facet normal 0.469504 -0.88293 0
    outer loop
      vertex 52.75 -52.2811 19.6
      vertex 52.5343 -52.3958 0
      vertex 52.75 -52.2811 0
    endloop
  endfacet
  facet normal -0.984825 -0.173552 0
    outer loop
      vertex -54.4235 -49.9777 0
      vertex -54.4659 -49.7371 19.6
      vertex -54.4659 -49.7371 0
    endloop
  endfacet
  facet normal -0.984825 -0.173552 0
    outer loop
      vertex -54.4659 -49.7371 19.6
      vertex -54.4235 -49.9777 0
      vertex -54.4235 -49.9777 19.6
    endloop
  endfacet
  facet normal 0.742989 -0.669304 0
    outer loop
      vertex 53.5177 -51.6813 19.6
      vertex 53.6812 -51.4998 0
      vertex 53.6812 -51.4998 19.6
    endloop
  endfacet
  facet normal 0.742989 -0.669304 0
    outer loop
      vertex 53.6812 -51.4998 0
      vertex 53.5177 -51.6813 19.6
      vertex 53.5177 -51.6813 0
    endloop
  endfacet
  facet normal 0.866042 -0.499971 0
    outer loop
      vertex 53.9682 -51.1047 19.6
      vertex 54.0903 -50.8932 0
      vertex 54.0903 -50.8932 19.6
    endloop
  endfacet
  facet normal 0.866042 -0.499971 0
    outer loop
      vertex 54.0903 -50.8932 0
      vertex 53.9682 -51.1047 19.6
      vertex 53.9682 -51.1047 0
    endloop
  endfacet
  facet normal 0.342269 0.939602 -0
    outer loop
      vertex 52.3111 52.4951 0
      vertex 52.0816 52.5787 19.6
      vertex 52.3111 52.4951 19.6
    endloop
  endfacet
  facet normal 0.342269 0.939602 0
    outer loop
      vertex 52.0816 52.5787 19.6
      vertex 52.3111 52.4951 0
      vertex 52.0816 52.5787 0
    endloop
  endfacet
  facet normal 0.58788 0.808948 -0
    outer loop
      vertex 53.1548 52.008 0
      vertex 52.9572 52.1516 19.6
      vertex 53.1548 52.008 19.6
    endloop
  endfacet
  facet normal 0.58788 0.808948 0
    outer loop
      vertex 52.9572 52.1516 19.6
      vertex 53.1548 52.008 0
      vertex 52.9572 52.1516 0
    endloop
  endfacet
  facet normal 0.898804 -0.438351 0
    outer loop
      vertex 54.0903 -50.8932 19.6
      vertex 54.1974 -50.6736 0
      vertex 54.1974 -50.6736 19.6
    endloop
  endfacet
  facet normal 0.898804 -0.438351 0
    outer loop
      vertex 54.1974 -50.6736 0
      vertex 54.0903 -50.8932 19.6
      vertex 54.0903 -50.8932 0
    endloop
  endfacet
  facet normal 0 0 1
    outer loop
      vertex 53.2445 49.407 20.8
      vertex 51.9976 49.3198 20.8
      vertex 52 49.25 20.8
    endloop
  endfacet
  facet normal 0 0 1
    outer loop
      vertex 52.2582 51.1153 20.8
      vertex 51.9903 49.3892 20.8
      vertex 51.9976 49.3198 20.8
    endloop
  endfacet
  facet normal 0 0 1
    outer loop
      vertex 51.5 50.116 20.8
      vertex 52.125 51.1986 20.8
      vertex 51.9863 51.2723 20.8
    endloop
  endfacet
  facet normal 0 0 1
    outer loop
      vertex 52.2582 51.1153 20.8
      vertex 51.9781 49.4579 20.8
      vertex 51.9903 49.3892 20.8
    endloop
  endfacet
  facet normal 0 0 1
    outer loop
      vertex 52.2582 51.1153 20.8
      vertex 51.9613 49.5256 20.8
      vertex 51.9781 49.4579 20.8
    endloop
  endfacet
  facet normal 0 0 1
    outer loop
      vertex 52.2582 51.1153 20.8
      vertex 51.9397 49.592 20.8
      vertex 51.9613 49.5256 20.8
    endloop
  endfacet
  facet normal 0 0 1
    outer loop
      vertex 52.2582 51.1153 20.8
      vertex 51.9135 49.6567 20.8
      vertex 51.9397 49.592 20.8
    endloop
  endfacet
  facet normal 0 0 1
    outer loop
      vertex 52.2582 51.1153 20.8
      vertex 51.8829 49.7195 20.8
      vertex 51.9135 49.6567 20.8
    endloop
  endfacet
  facet normal 0 0 1
    outer loop
      vertex 52.2582 51.1153 20.8
      vertex 51.848 49.7799 20.8
      vertex 51.8829 49.7195 20.8
    endloop
  endfacet
  facet normal 0 0 1
    outer loop
      vertex 51.4384 50.1488 20.8
      vertex 51.9863 51.2723 20.8
      vertex 51.8429 51.3362 20.8
    endloop
  endfacet
  facet normal 0 0 1
    outer loop
      vertex 52.2582 51.1153 20.8
      vertex 51.809 49.8378 20.8
      vertex 51.848 49.7799 20.8
    endloop
  endfacet
  facet normal 0 0 1
    outer loop
      vertex 52.2582 51.1153 20.8
      vertex 51.766 49.8928 20.8
      vertex 51.809 49.8378 20.8
    endloop
  endfacet
  facet normal 0 0 1
    outer loop
      vertex 52.2582 51.1153 20.8
      vertex 51.7193 49.9447 20.8
      vertex 51.766 49.8928 20.8
    endloop
  endfacet
  facet normal 0 0 1
    outer loop
      vertex 51.3746 50.1772 20.8
      vertex 51.8429 51.3362 20.8
      vertex 51.6953 51.3899 20.8
    endloop
  endfacet
  facet normal 0 0 1
    outer loop
      vertex 52.2582 51.1153 20.8
      vertex 51.6691 49.9931 20.8
      vertex 51.7193 49.9447 20.8
    endloop
  endfacet
  facet normal 0 0 1
    outer loop
      vertex 52.2582 51.1153 20.8
      vertex 51.6157 50.038 20.8
      vertex 51.6691 49.9931 20.8
    endloop
  endfacet
  facet normal 0 0 1
    outer loop
      vertex 52.2582 51.1153 20.8
      vertex 51.5592 50.079 20.8
      vertex 51.6157 50.038 20.8
    endloop
  endfacet
  facet normal 0 0 1
    outer loop
      vertex 51.309 50.2011 20.8
      vertex 51.6953 51.3899 20.8
      vertex 51.5443 51.4332 20.8
    endloop
  endfacet
  facet normal 0 0 1
    outer loop
      vertex 52.125 51.1986 20.8
      vertex 51.5 50.116 20.8
      vertex 51.5592 50.079 20.8
    endloop
  endfacet
  facet normal 0 0 1
    outer loop
      vertex 51.9863 51.2723 20.8
      vertex 51.4384 50.1488 20.8
      vertex 51.5 50.116 20.8
    endloop
  endfacet
  facet normal 0 0 1
    outer loop
      vertex 51.2419 50.2203 20.8
      vertex 51.5443 51.4332 20.8
      vertex 51.3907 51.4658 20.8
    endloop
  endfacet
  facet normal 0 0 1
    outer loop
      vertex 51.8429 51.3362 20.8
      vertex 51.3746 50.1772 20.8
      vertex 51.4384 50.1488 20.8
    endloop
  endfacet
  facet normal 0 0 1
    outer loop
      vertex 51.6953 51.3899 20.8
      vertex 51.309 50.2011 20.8
      vertex 51.3746 50.1772 20.8
    endloop
  endfacet
  facet normal 0 0 1
    outer loop
      vertex 51.5443 51.4332 20.8
      vertex 51.2419 50.2203 20.8
      vertex 51.309 50.2011 20.8
    endloop
  endfacet
  facet normal 0 0 1
    outer loop
      vertex 51.1736 50.2348 20.8
      vertex 51.3907 51.4658 20.8
      vertex 51.2352 51.4877 20.8
    endloop
  endfacet
  facet normal 0 0 1
    outer loop
      vertex 51.3907 51.4658 20.8
      vertex 51.1736 50.2348 20.8
      vertex 51.2419 50.2203 20.8
    endloop
  endfacet
  facet normal 0 0 1
    outer loop
      vertex 51.2352 51.4877 20.8
      vertex 51.1045 50.2445 20.8
      vertex 51.1736 50.2348 20.8
    endloop
  endfacet
  facet normal 0 0 1
    outer loop
      vertex 51.0785 51.4986 20.8
      vertex 51.1045 50.2445 20.8
      vertex 51.2352 51.4877 20.8
    endloop
  endfacet
  facet normal 0 0 1
    outer loop
      vertex 51.0785 51.4986 20.8
      vertex 51.0349 50.2494 20.8
      vertex 51.1045 50.2445 20.8
    endloop
  endfacet
  facet normal 0 0 1
    outer loop
      vertex 51.0785 51.4986 20.8
      vertex -51.0349 50.2494 20.8
      vertex 51.0349 50.2494 20.8
    endloop
  endfacet
  facet normal -0 0 1
    outer loop
      vertex -51.0785 51.4986 20.8
      vertex -51.0349 50.2494 20.8
      vertex 51.0785 51.4986 20.8
    endloop
  endfacet
  facet normal 0 0 1
    outer loop
      vertex -51.0785 51.4986 20.8
      vertex -51.1045 50.2445 20.8
      vertex -51.0349 50.2494 20.8
    endloop
  endfacet
  facet normal -0 0 1
    outer loop
      vertex -51.2352 51.4877 20.8
      vertex -51.1045 50.2445 20.8
      vertex -51.0785 51.4986 20.8
    endloop
  endfacet
  facet normal 0 0 1
    outer loop
      vertex -51.1045 50.2445 20.8
      vertex -51.2352 51.4877 20.8
      vertex -51.1736 50.2348 20.8
    endloop
  endfacet
  facet normal -0 0 1
    outer loop
      vertex -51.3907 51.4658 20.8
      vertex -51.1736 50.2348 20.8
      vertex -51.2352 51.4877 20.8
    endloop
  endfacet
  facet normal 0 0 1
    outer loop
      vertex -51.1736 50.2348 20.8
      vertex -51.3907 51.4658 20.8
      vertex -51.2419 50.2203 20.8
    endloop
  endfacet
  facet normal -0 0 1
    outer loop
      vertex -51.5443 51.4332 20.8
      vertex -51.2419 50.2203 20.8
      vertex -51.3907 51.4658 20.8
    endloop
  endfacet
  facet normal 0 0 1
    outer loop
      vertex -51.2419 50.2203 20.8
      vertex -51.5443 51.4332 20.8
      vertex -51.309 50.2011 20.8
    endloop
  endfacet
  facet normal -0 0 1
    outer loop
      vertex -51.6953 51.3899 20.8
      vertex -51.309 50.2011 20.8
      vertex -51.5443 51.4332 20.8
    endloop
  endfacet
  facet normal 0 0 1
    outer loop
      vertex -51.309 50.2011 20.8
      vertex -51.6953 51.3899 20.8
      vertex -51.3746 50.1772 20.8
    endloop
  endfacet
  facet normal -0 0 1
    outer loop
      vertex -51.8429 51.3362 20.8
      vertex -51.3746 50.1772 20.8
      vertex -51.6953 51.3899 20.8
    endloop
  endfacet
  facet normal 0 0 1
    outer loop
      vertex -51.3746 50.1772 20.8
      vertex -51.8429 51.3362 20.8
      vertex -51.4384 50.1488 20.8
    endloop
  endfacet
  facet normal -0 0 1
    outer loop
      vertex -51.9863 51.2723 20.8
      vertex -51.4384 50.1488 20.8
      vertex -51.8429 51.3362 20.8
    endloop
  endfacet
  facet normal 0 0 1
    outer loop
      vertex -51.4384 50.1488 20.8
      vertex -51.9863 51.2723 20.8
      vertex -51.5 50.116 20.8
    endloop
  endfacet
  facet normal -0 0 1
    outer loop
      vertex -52.125 51.1986 20.8
      vertex -51.5 50.116 20.8
      vertex -51.9863 51.2723 20.8
    endloop
  endfacet
  facet normal 0 0 1
    outer loop
      vertex -51.5 50.116 20.8
      vertex -52.125 51.1986 20.8
      vertex -51.5592 50.079 20.8
    endloop
  endfacet
  facet normal -0 0 1
    outer loop
      vertex -52.2582 51.1153 20.8
      vertex -51.5592 50.079 20.8
      vertex -52.125 51.1986 20.8
    endloop
  endfacet
  facet normal 0 0 1
    outer loop
      vertex -51.5592 50.079 20.8
      vertex -52.2582 51.1153 20.8
      vertex -51.6157 50.038 20.8
    endloop
  endfacet
  facet normal -0 0 1
    outer loop
      vertex -52.3852 51.023 20.8
      vertex -51.6157 50.038 20.8
      vertex -52.2582 51.1153 20.8
    endloop
  endfacet
  facet normal 0 0 1
    outer loop
      vertex -51.6157 50.038 20.8
      vertex -52.3852 51.023 20.8
      vertex -51.6691 49.9931 20.8
    endloop
  endfacet
  facet normal -0 0 1
    outer loop
      vertex -52.5055 50.9221 20.8
      vertex -51.6691 49.9931 20.8
      vertex -52.3852 51.023 20.8
    endloop
  endfacet
  facet normal 0 0 1
    outer loop
      vertex -51.6691 49.9931 20.8
      vertex -52.5055 50.9221 20.8
      vertex -51.7193 49.9447 20.8
    endloop
  endfacet
  facet normal -0 0 1
    outer loop
      vertex -52.6185 50.813 20.8
      vertex -51.7193 49.9447 20.8
      vertex -52.5055 50.9221 20.8
    endloop
  endfacet
  facet normal 0 0 1
    outer loop
      vertex -51.7193 49.9447 20.8
      vertex -52.6185 50.813 20.8
      vertex -51.766 49.8928 20.8
    endloop
  endfacet
  facet normal -0 0 1
    outer loop
      vertex -52.7236 50.6963 20.8
      vertex -51.766 49.8928 20.8
      vertex -52.6185 50.813 20.8
    endloop
  endfacet
  facet normal 0 0 1
    outer loop
      vertex -51.766 49.8928 20.8
      vertex -52.7236 50.6963 20.8
      vertex -51.809 49.8378 20.8
    endloop
  endfacet
  facet normal -0 0 1
    outer loop
      vertex -52.8203 50.5725 20.8
      vertex -51.809 49.8378 20.8
      vertex -52.7236 50.6963 20.8
    endloop
  endfacet
  facet normal 0 0 1
    outer loop
      vertex -51.809 49.8378 20.8
      vertex -52.8203 50.5725 20.8
      vertex -51.848 49.7799 20.8
    endloop
  endfacet
  facet normal -0 0 1
    outer loop
      vertex -52.9081 50.4423 20.8
      vertex -51.848 49.7799 20.8
      vertex -52.8203 50.5725 20.8
    endloop
  endfacet
  facet normal 0 0 1
    outer loop
      vertex -51.848 49.7799 20.8
      vertex -52.9081 50.4423 20.8
      vertex -51.8829 49.7195 20.8
    endloop
  endfacet
  facet normal -0 0 1
    outer loop
      vertex -52.9866 50.3063 20.8
      vertex -51.8829 49.7195 20.8
      vertex -52.9081 50.4423 20.8
    endloop
  endfacet
  facet normal 0 0 1
    outer loop
      vertex -51.8829 49.7195 20.8
      vertex -52.9866 50.3063 20.8
      vertex -51.9135 49.6567 20.8
    endloop
  endfacet
  facet normal -0 0 1
    outer loop
      vertex -53.0555 50.1652 20.8
      vertex -51.9135 49.6567 20.8
      vertex -52.9866 50.3063 20.8
    endloop
  endfacet
  facet normal 0 0 1
    outer loop
      vertex -51.9135 49.6567 20.8
      vertex -53.0555 50.1652 20.8
      vertex -51.9397 49.592 20.8
    endloop
  endfacet
  facet normal -0 0 1
    outer loop
      vertex -53.1143 50.0195 20.8
      vertex -51.9397 49.592 20.8
      vertex -53.0555 50.1652 20.8
    endloop
  endfacet
  facet normal 0 0 1
    outer loop
      vertex -51.9397 49.592 20.8
      vertex -53.1143 50.0195 20.8
      vertex -51.9613 49.5256 20.8
    endloop
  endfacet
  facet normal -0 0 1
    outer loop
      vertex -53.1628 49.8702 20.8
      vertex -51.9613 49.5256 20.8
      vertex -53.1143 50.0195 20.8
    endloop
  endfacet
  facet normal 0 0 1
    outer loop
      vertex -51.9613 49.5256 20.8
      vertex -53.1628 49.8702 20.8
      vertex -51.9781 49.4579 20.8
    endloop
  endfacet
  facet normal -0 0 1
    outer loop
      vertex -53.2008 49.7178 20.8
      vertex -51.9781 49.4579 20.8
      vertex -53.1628 49.8702 20.8
    endloop
  endfacet
  facet normal 0 0 1
    outer loop
      vertex -51.9781 49.4579 20.8
      vertex -53.2008 49.7178 20.8
      vertex -51.9903 49.3892 20.8
    endloop
  endfacet
  facet normal -0 0 1
    outer loop
      vertex -53.2281 49.5631 20.8
      vertex -51.9903 49.3892 20.8
      vertex -53.2008 49.7178 20.8
    endloop
  endfacet
  facet normal 0 0 1
    outer loop
      vertex -51.9903 49.3892 20.8
      vertex -53.2281 49.5631 20.8
      vertex -51.9976 49.3198 20.8
    endloop
  endfacet
  facet normal -0 0 1
    outer loop
      vertex -53.2445 49.407 20.8
      vertex -51.9976 49.3198 20.8
      vertex -53.2281 49.5631 20.8
    endloop
  endfacet
  facet normal 0 0 1
    outer loop
      vertex -51.9976 49.3198 20.8
      vertex -53.2445 49.407 20.8
      vertex -52 49.25 20.8
    endloop
  endfacet
  facet normal 0 0 1
    outer loop
      vertex -52 49.25 20.8
      vertex -53.2445 49.407 20.8
      vertex -53.25 49.25 20.8
    endloop
  endfacet
  facet normal 0 0 1
    outer loop
      vertex -52 49.25 20.8
      vertex -53.25 49.25 20.8
      vertex -52 36.75 20.8
    endloop
  endfacet
  facet normal 0 0 1
    outer loop
      vertex -52 36.75 20.8
      vertex -53.25 49.25 20.8
      vertex -53.25 36.75 20.8
    endloop
  endfacet
  facet normal 0 0 1
    outer loop
      vertex 52 49.25 20.8
      vertex 53.25 49.25 20.8
      vertex 53.2445 49.407 20.8
    endloop
  endfacet
  facet normal 0 0 1
    outer loop
      vertex 51.9976 49.3198 20.8
      vertex 53.2445 49.407 20.8
      vertex 53.2281 49.5631 20.8
    endloop
  endfacet
  facet normal 0 0 1
    outer loop
      vertex 51.9976 49.3198 20.8
      vertex 53.2281 49.5631 20.8
      vertex 53.2008 49.7178 20.8
    endloop
  endfacet
  facet normal 0 0 1
    outer loop
      vertex 51.9976 49.3198 20.8
      vertex 53.2008 49.7178 20.8
      vertex 53.1628 49.8702 20.8
    endloop
  endfacet
  facet normal 0 0 1
    outer loop
      vertex 51.9976 49.3198 20.8
      vertex 53.1628 49.8702 20.8
      vertex 53.1143 50.0195 20.8
    endloop
  endfacet
  facet normal 0 0 1
    outer loop
      vertex 51.9976 49.3198 20.8
      vertex 53.1143 50.0195 20.8
      vertex 53.0555 50.1652 20.8
    endloop
  endfacet
  facet normal 0 0 1
    outer loop
      vertex 51.9976 49.3198 20.8
      vertex 53.0555 50.1652 20.8
      vertex 52.9866 50.3063 20.8
    endloop
  endfacet
  facet normal 0 0 1
    outer loop
      vertex 51.9976 49.3198 20.8
      vertex 52.9866 50.3063 20.8
      vertex 52.9081 50.4423 20.8
    endloop
  endfacet
  facet normal 0 0 1
    outer loop
      vertex 51.9976 49.3198 20.8
      vertex 52.9081 50.4423 20.8
      vertex 52.8203 50.5725 20.8
    endloop
  endfacet
  facet normal 0 0 1
    outer loop
      vertex 51.9976 49.3198 20.8
      vertex 52.8203 50.5725 20.8
      vertex 52.7236 50.6963 20.8
    endloop
  endfacet
  facet normal 0 0 1
    outer loop
      vertex 51.9976 49.3198 20.8
      vertex 52.7236 50.6963 20.8
      vertex 52.6185 50.813 20.8
    endloop
  endfacet
  facet normal 0 0 1
    outer loop
      vertex 51.9976 49.3198 20.8
      vertex 52.6185 50.813 20.8
      vertex 52.5055 50.9221 20.8
    endloop
  endfacet
  facet normal 0 0 1
    outer loop
      vertex 51.9976 49.3198 20.8
      vertex 52.5055 50.9221 20.8
      vertex 52.3852 51.023 20.8
    endloop
  endfacet
  facet normal 0 0 1
    outer loop
      vertex 51.9976 49.3198 20.8
      vertex 52.3852 51.023 20.8
      vertex 52.2582 51.1153 20.8
    endloop
  endfacet
  facet normal 0 0 1
    outer loop
      vertex 51.5592 50.079 20.8
      vertex 52.2582 51.1153 20.8
      vertex 52.125 51.1986 20.8
    endloop
  endfacet
  facet normal 0 0 1
    outer loop
      vertex 53.25 49.25 20.8
      vertex 52 49.25 20.8
      vertex 53.25 32.75 20.8
    endloop
  endfacet
  facet normal 0 0 1
    outer loop
      vertex 53.25 32.75 20.8
      vertex 52 49.25 20.8
      vertex 52 32.75 20.8
    endloop
  endfacet
  facet normal 0 0 1
    outer loop
      vertex -53.25 -49.25 20.8
      vertex -52 -49.25 20.8
      vertex -52 -38.75 20.8
    endloop
  endfacet
  facet normal 0 -0 1
    outer loop
      vertex -53.2445 -49.407 20.8
      vertex -52 -49.25 20.8
      vertex -53.25 -49.25 20.8
    endloop
  endfacet
  facet normal 0 0 1
    outer loop
      vertex -52 -49.25 20.8
      vertex -52.2582 -51.1153 20.8
      vertex -52.125 -51.1986 20.8
    endloop
  endfacet
  facet normal 0 0 1
    outer loop
      vertex -52 -49.25 20.8
      vertex -52.3852 -51.023 20.8
      vertex -52.2582 -51.1153 20.8
    endloop
  endfacet
  facet normal 0 0 1
    outer loop
      vertex -52 -49.25 20.8
      vertex -52.5055 -50.9221 20.8
      vertex -52.3852 -51.023 20.8
    endloop
  endfacet
  facet normal 0 0 1
    outer loop
      vertex -52 -49.25 20.8
      vertex -52.6185 -50.813 20.8
      vertex -52.5055 -50.9221 20.8
    endloop
  endfacet
  facet normal 0 0 1
    outer loop
      vertex -52 -49.25 20.8
      vertex -52.7236 -50.6963 20.8
      vertex -52.6185 -50.813 20.8
    endloop
  endfacet
  facet normal 0 0 1
    outer loop
      vertex -52 -49.25 20.8
      vertex -52.8203 -50.5725 20.8
      vertex -52.7236 -50.6963 20.8
    endloop
  endfacet
  facet normal 0 0 1
    outer loop
      vertex -52 -49.25 20.8
      vertex -52.9081 -50.4423 20.8
      vertex -52.8203 -50.5725 20.8
    endloop
  endfacet
  facet normal 0 0 1
    outer loop
      vertex -52 -49.25 20.8
      vertex -52.9866 -50.3063 20.8
      vertex -52.9081 -50.4423 20.8
    endloop
  endfacet
  facet normal 0 0 1
    outer loop
      vertex -52 -49.25 20.8
      vertex -53.0555 -50.1652 20.8
      vertex -52.9866 -50.3063 20.8
    endloop
  endfacet
  facet normal 0 0 1
    outer loop
      vertex -52 -49.25 20.8
      vertex -53.1143 -50.0195 20.8
      vertex -53.0555 -50.1652 20.8
    endloop
  endfacet
  facet normal 0 0 1
    outer loop
      vertex -52 -49.25 20.8
      vertex -53.1628 -49.8702 20.8
      vertex -53.1143 -50.0195 20.8
    endloop
  endfacet
  facet normal 0 0 1
    outer loop
      vertex -52 -49.25 20.8
      vertex -53.2008 -49.7178 20.8
      vertex -53.1628 -49.8702 20.8
    endloop
  endfacet
  facet normal 0 0 1
    outer loop
      vertex -52 -49.25 20.8
      vertex -53.2281 -49.5631 20.8
      vertex -53.2008 -49.7178 20.8
    endloop
  endfacet
  facet normal 0 0 1
    outer loop
      vertex -53.25 -49.25 20.8
      vertex -52 -38.75 20.8
      vertex -53.25 -38.75 20.8
    endloop
  endfacet
  facet normal 0 0 1
    outer loop
      vertex -52 -49.25 20.8
      vertex -53.2445 -49.407 20.8
      vertex -53.2281 -49.5631 20.8
    endloop
  endfacet
  facet normal 0 0 1
    outer loop
      vertex 52 -49.25 20.8
      vertex 53.25 -49.25 20.8
      vertex 53.25 6.25 20.8
    endloop
  endfacet
  facet normal 0 0 1
    outer loop
      vertex 53.25 -49.25 20.8
      vertex 52 -49.25 20.8
      vertex 53.2445 -49.407 20.8
    endloop
  endfacet
  facet normal -0 0 1
    outer loop
      vertex 51.9976 -49.3198 20.8
      vertex 53.2445 -49.407 20.8
      vertex 52 -49.25 20.8
    endloop
  endfacet
  facet normal 0 0 1
    outer loop
      vertex 53.2445 -49.407 20.8
      vertex 51.9976 -49.3198 20.8
      vertex 53.2281 -49.5631 20.8
    endloop
  endfacet
  facet normal -0 0 1
    outer loop
      vertex 51.9903 -49.3892 20.8
      vertex 53.2281 -49.5631 20.8
      vertex 51.9976 -49.3198 20.8
    endloop
  endfacet
  facet normal 0 0 1
    outer loop
      vertex 53.2281 -49.5631 20.8
      vertex 51.9903 -49.3892 20.8
      vertex 53.2008 -49.7178 20.8
    endloop
  endfacet
  facet normal -0 0 1
    outer loop
      vertex 51.9781 -49.4579 20.8
      vertex 53.2008 -49.7178 20.8
      vertex 51.9903 -49.3892 20.8
    endloop
  endfacet
  facet normal 0 0 1
    outer loop
      vertex 53.2008 -49.7178 20.8
      vertex 51.9781 -49.4579 20.8
      vertex 53.1628 -49.8702 20.8
    endloop
  endfacet
  facet normal -0 0 1
    outer loop
      vertex 51.9613 -49.5256 20.8
      vertex 53.1628 -49.8702 20.8
      vertex 51.9781 -49.4579 20.8
    endloop
  endfacet
  facet normal 0 0 1
    outer loop
      vertex 53.1628 -49.8702 20.8
      vertex 51.9613 -49.5256 20.8
      vertex 53.1143 -50.0195 20.8
    endloop
  endfacet
  facet normal -0 0 1
    outer loop
      vertex 51.9397 -49.592 20.8
      vertex 53.1143 -50.0195 20.8
      vertex 51.9613 -49.5256 20.8
    endloop
  endfacet
  facet normal 0 0 1
    outer loop
      vertex 53.1143 -50.0195 20.8
      vertex 51.9397 -49.592 20.8
      vertex 53.0555 -50.1652 20.8
    endloop
  endfacet
  facet normal -0 0 1
    outer loop
      vertex 51.9135 -49.6567 20.8
      vertex 53.0555 -50.1652 20.8
      vertex 51.9397 -49.592 20.8
    endloop
  endfacet
  facet normal 0 0 1
    outer loop
      vertex 53.0555 -50.1652 20.8
      vertex 51.9135 -49.6567 20.8
      vertex 52.9866 -50.3063 20.8
    endloop
  endfacet
  facet normal -0 0 1
    outer loop
      vertex 51.8829 -49.7195 20.8
      vertex 52.9866 -50.3063 20.8
      vertex 51.9135 -49.6567 20.8
    endloop
  endfacet
  facet normal 0 0 1
    outer loop
      vertex 52 -49.25 20.8
      vertex 53.25 6.25 20.8
      vertex 52 6.25 20.8
    endloop
  endfacet
  facet normal 0 0 1
    outer loop
      vertex 52.9866 -50.3063 20.8
      vertex 51.8829 -49.7195 20.8
      vertex 52.9081 -50.4423 20.8
    endloop
  endfacet
  facet normal -0 0 1
    outer loop
      vertex 51.848 -49.7799 20.8
      vertex 52.9081 -50.4423 20.8
      vertex 51.8829 -49.7195 20.8
    endloop
  endfacet
  facet normal 0 0 1
    outer loop
      vertex 52.9081 -50.4423 20.8
      vertex 51.848 -49.7799 20.8
      vertex 52.8203 -50.5725 20.8
    endloop
  endfacet
  facet normal -0 0 1
    outer loop
      vertex 51.809 -49.8378 20.8
      vertex 52.8203 -50.5725 20.8
      vertex 51.848 -49.7799 20.8
    endloop
  endfacet
  facet normal 0 0 1
    outer loop
      vertex 52.8203 -50.5725 20.8
      vertex 51.809 -49.8378 20.8
      vertex 52.7236 -50.6963 20.8
    endloop
  endfacet
  facet normal -0 0 1
    outer loop
      vertex 51.766 -49.8928 20.8
      vertex 52.7236 -50.6963 20.8
      vertex 51.809 -49.8378 20.8
    endloop
  endfacet
  facet normal 0 0 1
    outer loop
      vertex 52.7236 -50.6963 20.8
      vertex 51.766 -49.8928 20.8
      vertex 52.6185 -50.813 20.8
    endloop
  endfacet
  facet normal -0 0 1
    outer loop
      vertex 51.7193 -49.9447 20.8
      vertex 52.6185 -50.813 20.8
      vertex 51.766 -49.8928 20.8
    endloop
  endfacet
  facet normal 0 0 1
    outer loop
      vertex 52.6185 -50.813 20.8
      vertex 51.7193 -49.9447 20.8
      vertex 52.5055 -50.9221 20.8
    endloop
  endfacet
  facet normal -0 0 1
    outer loop
      vertex 51.6691 -49.9931 20.8
      vertex 52.5055 -50.9221 20.8
      vertex 51.7193 -49.9447 20.8
    endloop
  endfacet
  facet normal 0 0 1
    outer loop
      vertex 52.5055 -50.9221 20.8
      vertex 51.6691 -49.9931 20.8
      vertex 52.3852 -51.023 20.8
    endloop
  endfacet
  facet normal -0 0 1
    outer loop
      vertex 51.6157 -50.038 20.8
      vertex 52.3852 -51.023 20.8
      vertex 51.6691 -49.9931 20.8
    endloop
  endfacet
  facet normal 0 0 1
    outer loop
      vertex 52.3852 -51.023 20.8
      vertex 51.6157 -50.038 20.8
      vertex 52.2582 -51.1153 20.8
    endloop
  endfacet
  facet normal -0 0 1
    outer loop
      vertex 51.5592 -50.079 20.8
      vertex 52.2582 -51.1153 20.8
      vertex 51.6157 -50.038 20.8
    endloop
  endfacet
  facet normal 0 0 1
    outer loop
      vertex 52.2582 -51.1153 20.8
      vertex 51.5592 -50.079 20.8
      vertex 52.125 -51.1986 20.8
    endloop
  endfacet
  facet normal -0 0 1
    outer loop
      vertex 51.5 -50.116 20.8
      vertex 52.125 -51.1986 20.8
      vertex 51.5592 -50.079 20.8
    endloop
  endfacet
  facet normal 0 0 1
    outer loop
      vertex 52.125 -51.1986 20.8
      vertex 51.5 -50.116 20.8
      vertex 51.9863 -51.2723 20.8
    endloop
  endfacet
  facet normal -0 0 1
    outer loop
      vertex 51.4384 -50.1488 20.8
      vertex 51.9863 -51.2723 20.8
      vertex 51.5 -50.116 20.8
    endloop
  endfacet
  facet normal 0 0 1
    outer loop
      vertex 51.9863 -51.2723 20.8
      vertex 51.4384 -50.1488 20.8
      vertex 51.8429 -51.3362 20.8
    endloop
  endfacet
  facet normal -0 0 1
    outer loop
      vertex 51.3746 -50.1772 20.8
      vertex 51.8429 -51.3362 20.8
      vertex 51.4384 -50.1488 20.8
    endloop
  endfacet
  facet normal 0 0 1
    outer loop
      vertex 51.8429 -51.3362 20.8
      vertex 51.3746 -50.1772 20.8
      vertex 51.6953 -51.3899 20.8
    endloop
  endfacet
  facet normal -0 0 1
    outer loop
      vertex 51.309 -50.2011 20.8
      vertex 51.6953 -51.3899 20.8
      vertex 51.3746 -50.1772 20.8
    endloop
  endfacet
  facet normal 0 0 1
    outer loop
      vertex 51.6953 -51.3899 20.8
      vertex 51.309 -50.2011 20.8
      vertex 51.5443 -51.4332 20.8
    endloop
  endfacet
  facet normal -0 0 1
    outer loop
      vertex 51.2419 -50.2203 20.8
      vertex 51.5443 -51.4332 20.8
      vertex 51.309 -50.2011 20.8
    endloop
  endfacet
  facet normal 0 0 1
    outer loop
      vertex 51.5443 -51.4332 20.8
      vertex 51.2419 -50.2203 20.8
      vertex 51.3907 -51.4658 20.8
    endloop
  endfacet
  facet normal -0 0 1
    outer loop
      vertex 51.1736 -50.2348 20.8
      vertex 51.3907 -51.4658 20.8
      vertex 51.2419 -50.2203 20.8
    endloop
  endfacet
  facet normal 0 0 1
    outer loop
      vertex 51.3907 -51.4658 20.8
      vertex 51.1736 -50.2348 20.8
      vertex 51.2352 -51.4877 20.8
    endloop
  endfacet
  facet normal -0 0 1
    outer loop
      vertex 51.1045 -50.2445 20.8
      vertex 51.2352 -51.4877 20.8
      vertex 51.1736 -50.2348 20.8
    endloop
  endfacet
  facet normal 0 0 1
    outer loop
      vertex 51.1045 -50.2445 20.8
      vertex 51.0785 -51.4986 20.8
      vertex 51.2352 -51.4877 20.8
    endloop
  endfacet
  facet normal -0 0 1
    outer loop
      vertex 51.0349 -50.2494 20.8
      vertex 51.0785 -51.4986 20.8
      vertex 51.1045 -50.2445 20.8
    endloop
  endfacet
  facet normal -0 0 1
    outer loop
      vertex -51.0349 -50.2494 20.8
      vertex 51.0785 -51.4986 20.8
      vertex 51.0349 -50.2494 20.8
    endloop
  endfacet
  facet normal 0 0 1
    outer loop
      vertex -51.0349 -50.2494 20.8
      vertex -51.0785 -51.4986 20.8
      vertex 51.0785 -51.4986 20.8
    endloop
  endfacet
  facet normal 0 0 1
    outer loop
      vertex -51.1045 -50.2445 20.8
      vertex -51.0785 -51.4986 20.8
      vertex -51.0349 -50.2494 20.8
    endloop
  endfacet
  facet normal 0 0 1
    outer loop
      vertex -51.2352 -51.4877 20.8
      vertex -51.1045 -50.2445 20.8
      vertex -51.1736 -50.2348 20.8
    endloop
  endfacet
  facet normal 0 0 1
    outer loop
      vertex -51.1045 -50.2445 20.8
      vertex -51.2352 -51.4877 20.8
      vertex -51.0785 -51.4986 20.8
    endloop
  endfacet
  facet normal 0 0 1
    outer loop
      vertex -51.3907 -51.4658 20.8
      vertex -51.1736 -50.2348 20.8
      vertex -51.2419 -50.2203 20.8
    endloop
  endfacet
  facet normal 0 0 1
    outer loop
      vertex -51.5443 -51.4332 20.8
      vertex -51.2419 -50.2203 20.8
      vertex -51.309 -50.2011 20.8
    endloop
  endfacet
  facet normal 0 0 1
    outer loop
      vertex -51.6953 -51.3899 20.8
      vertex -51.309 -50.2011 20.8
      vertex -51.3746 -50.1772 20.8
    endloop
  endfacet
  facet normal 0 0 1
    outer loop
      vertex -51.1736 -50.2348 20.8
      vertex -51.3907 -51.4658 20.8
      vertex -51.2352 -51.4877 20.8
    endloop
  endfacet
  facet normal 0 0 1
    outer loop
      vertex -51.8429 -51.3362 20.8
      vertex -51.3746 -50.1772 20.8
      vertex -51.4384 -50.1488 20.8
    endloop
  endfacet
  facet normal 0 0 1
    outer loop
      vertex -51.9863 -51.2723 20.8
      vertex -51.4384 -50.1488 20.8
      vertex -51.5 -50.116 20.8
    endloop
  endfacet
  facet normal 0 0 1
    outer loop
      vertex -51.2419 -50.2203 20.8
      vertex -51.5443 -51.4332 20.8
      vertex -51.3907 -51.4658 20.8
    endloop
  endfacet
  facet normal 0 0 1
    outer loop
      vertex -52.125 -51.1986 20.8
      vertex -51.5 -50.116 20.8
      vertex -51.5592 -50.079 20.8
    endloop
  endfacet
  facet normal 0 0 1
    outer loop
      vertex -52.125 -51.1986 20.8
      vertex -51.5592 -50.079 20.8
      vertex -51.6157 -50.038 20.8
    endloop
  endfacet
  facet normal 0 0 1
    outer loop
      vertex -52.125 -51.1986 20.8
      vertex -51.6157 -50.038 20.8
      vertex -51.6691 -49.9931 20.8
    endloop
  endfacet
  facet normal 0 0 1
    outer loop
      vertex -51.309 -50.2011 20.8
      vertex -51.6953 -51.3899 20.8
      vertex -51.5443 -51.4332 20.8
    endloop
  endfacet
  facet normal 0 0 1
    outer loop
      vertex -52.125 -51.1986 20.8
      vertex -51.6691 -49.9931 20.8
      vertex -51.7193 -49.9447 20.8
    endloop
  endfacet
  facet normal 0 0 1
    outer loop
      vertex -52.125 -51.1986 20.8
      vertex -51.7193 -49.9447 20.8
      vertex -51.766 -49.8928 20.8
    endloop
  endfacet
  facet normal 0 0 1
    outer loop
      vertex -52.125 -51.1986 20.8
      vertex -51.766 -49.8928 20.8
      vertex -51.809 -49.8378 20.8
    endloop
  endfacet
  facet normal 0 0 1
    outer loop
      vertex -51.3746 -50.1772 20.8
      vertex -51.8429 -51.3362 20.8
      vertex -51.6953 -51.3899 20.8
    endloop
  endfacet
  facet normal 0 0 1
    outer loop
      vertex -52.125 -51.1986 20.8
      vertex -51.809 -49.8378 20.8
      vertex -51.848 -49.7799 20.8
    endloop
  endfacet
  facet normal 0 0 1
    outer loop
      vertex -52.125 -51.1986 20.8
      vertex -51.848 -49.7799 20.8
      vertex -51.8829 -49.7195 20.8
    endloop
  endfacet
  facet normal 0 0 1
    outer loop
      vertex -52.125 -51.1986 20.8
      vertex -51.8829 -49.7195 20.8
      vertex -51.9135 -49.6567 20.8
    endloop
  endfacet
  facet normal 0 0 1
    outer loop
      vertex -52.125 -51.1986 20.8
      vertex -51.9135 -49.6567 20.8
      vertex -51.9397 -49.592 20.8
    endloop
  endfacet
  facet normal 0 0 1
    outer loop
      vertex -52.125 -51.1986 20.8
      vertex -51.9397 -49.592 20.8
      vertex -51.9613 -49.5256 20.8
    endloop
  endfacet
  facet normal 0 0 1
    outer loop
      vertex -52.125 -51.1986 20.8
      vertex -51.9613 -49.5256 20.8
      vertex -51.9781 -49.4579 20.8
    endloop
  endfacet
  facet normal 0 0 1
    outer loop
      vertex -51.4384 -50.1488 20.8
      vertex -51.9863 -51.2723 20.8
      vertex -51.8429 -51.3362 20.8
    endloop
  endfacet
  facet normal 0 0 1
    outer loop
      vertex -52.125 -51.1986 20.8
      vertex -51.9781 -49.4579 20.8
      vertex -51.9903 -49.3892 20.8
    endloop
  endfacet
  facet normal 0 0 1
    outer loop
      vertex -52.125 -51.1986 20.8
      vertex -51.9903 -49.3892 20.8
      vertex -51.9976 -49.3198 20.8
    endloop
  endfacet
  facet normal 0 0 1
    outer loop
      vertex -52.125 -51.1986 20.8
      vertex -51.9976 -49.3198 20.8
      vertex -52 -49.25 20.8
    endloop
  endfacet
  facet normal 0 0 1
    outer loop
      vertex -51.5 -50.116 20.8
      vertex -52.125 -51.1986 20.8
      vertex -51.9863 -51.2723 20.8
    endloop
  endfacet
  facet normal -0.694719 -0.719282 0
    outer loop
      vertex -53.5177 -51.6813 0
      vertex -53.342 -51.851 19.6
      vertex -53.5177 -51.6813 19.6
    endloop
  endfacet
  facet normal -0.694719 -0.719282 -0
    outer loop
      vertex -53.342 -51.851 19.6
      vertex -53.5177 -51.6813 0
      vertex -53.342 -51.851 0
    endloop
  endfacet
  facet normal 0.829015 -0.559227 0
    outer loop
      vertex 53.8316 -51.3072 19.6
      vertex 53.9682 -51.1047 0
      vertex 53.9682 -51.1047 19.6
    endloop
  endfacet
  facet normal 0.829015 -0.559227 0
    outer loop
      vertex 53.9682 -51.1047 0
      vertex 53.8316 -51.3072 19.6
      vertex 53.8316 -51.3072 0
    endloop
  endfacet
  facet normal -0.58788 0.808948 0
    outer loop
      vertex -52.9572 52.1516 0
      vertex -53.1548 52.008 19.6
      vertex -52.9572 52.1516 19.6
    endloop
  endfacet
  facet normal -0.58788 0.808948 0
    outer loop
      vertex -53.1548 52.008 19.6
      vertex -52.9572 52.1516 0
      vertex -53.1548 52.008 0
    endloop
  endfacet
  facet normal 0.694719 -0.719282 0
    outer loop
      vertex 53.342 -51.851 0
      vertex 53.5177 -51.6813 19.6
      vertex 53.342 -51.851 19.6
    endloop
  endfacet
  facet normal 0.694719 -0.719282 0
    outer loop
      vertex 53.5177 -51.6813 19.6
      vertex 53.342 -51.851 0
      vertex 53.5177 -51.6813 0
    endloop
  endfacet
  facet normal -0.970287 -0.241958 0
    outer loop
      vertex -54.3644 -50.2147 0
      vertex -54.4235 -49.9777 19.6
      vertex -54.4235 -49.9777 0
    endloop
  endfacet
  facet normal -0.970287 -0.241958 0
    outer loop
      vertex -54.4235 -49.9777 19.6
      vertex -54.3644 -50.2147 0
      vertex -54.3644 -50.2147 19.6
    endloop
  endfacet
  facet normal -0.898804 -0.438351 0
    outer loop
      vertex -54.0903 -50.8932 0
      vertex -54.1974 -50.6736 19.6
      vertex -54.1974 -50.6736 0
    endloop
  endfacet
  facet normal -0.898804 -0.438351 0
    outer loop
      vertex -54.1974 -50.6736 19.6
      vertex -54.0903 -50.8932 0
      vertex -54.0903 -50.8932 19.6
    endloop
  endfacet
  facet normal -0.829015 -0.559227 0
    outer loop
      vertex -53.8316 -51.3072 0
      vertex -53.9682 -51.1047 19.6
      vertex -53.9682 -51.1047 0
    endloop
  endfacet
  facet normal -0.829015 -0.559227 0
    outer loop
      vertex -53.9682 -51.1047 19.6
      vertex -53.8316 -51.3072 0
      vertex -53.8316 -51.3072 19.6
    endloop
  endfacet
  facet normal 0.275424 0.961323 -0
    outer loop
      vertex 52.0816 52.5787 0
      vertex 51.8467 52.646 19.6
      vertex 52.0816 52.5787 19.6
    endloop
  endfacet
  facet normal 0.275424 0.961323 0
    outer loop
      vertex 51.8467 52.646 19.6
      vertex 52.0816 52.5787 0
      vertex 51.8467 52.646 0
    endloop
  endfacet
  facet normal -0.0699961 -0.997547 0
    outer loop
      vertex -51.3658 -52.7308 0
      vertex -51.1221 -52.7479 19.6
      vertex -51.3658 -52.7308 19.6
    endloop
  endfacet
  facet normal -0.0699961 -0.997547 -0
    outer loop
      vertex -51.1221 -52.7479 19.6
      vertex -51.3658 -52.7308 0
      vertex -51.1221 -52.7479 0
    endloop
  endfacet
  facet normal -0.139129 -0.990274 0
    outer loop
      vertex -51.6078 -52.6968 0
      vertex -51.3658 -52.7308 19.6
      vertex -51.6078 -52.6968 19.6
    endloop
  endfacet
  facet normal -0.139129 -0.990274 -0
    outer loop
      vertex -51.3658 -52.7308 19.6
      vertex -51.6078 -52.6968 0
      vertex -51.3658 -52.7308 0
    endloop
  endfacet
  facet normal -0.469504 -0.88293 0
    outer loop
      vertex -52.75 -52.2811 0
      vertex -52.5343 -52.3958 19.6
      vertex -52.75 -52.2811 19.6
    endloop
  endfacet
  facet normal -0.469504 -0.88293 -0
    outer loop
      vertex -52.5343 -52.3958 19.6
      vertex -52.75 -52.2811 0
      vertex -52.5343 -52.3958 0
    endloop
  endfacet
  facet normal -0.529999 -0.847998 0
    outer loop
      vertex -52.9572 -52.1516 0
      vertex -52.75 -52.2811 19.6
      vertex -52.9572 -52.1516 19.6
    endloop
  endfacet
  facet normal -0.529999 -0.847998 -0
    outer loop
      vertex -52.75 -52.2811 19.6
      vertex -52.9572 -52.1516 0
      vertex -52.75 -52.2811 0
    endloop
  endfacet
  facet normal -0.275424 -0.961323 0
    outer loop
      vertex -52.0816 -52.5787 0
      vertex -51.8467 -52.646 19.6
      vertex -52.0816 -52.5787 19.6
    endloop
  endfacet
  facet normal -0.275424 -0.961323 -0
    outer loop
      vertex -51.8467 -52.646 19.6
      vertex -52.0816 -52.5787 0
      vertex -51.8467 -52.646 0
    endloop
  endfacet
  facet normal -0.642597 -0.766205 0
    outer loop
      vertex -53.342 -51.851 0
      vertex -53.1548 -52.008 19.6
      vertex -53.342 -51.851 19.6
    endloop
  endfacet
  facet normal -0.642597 -0.766205 -0
    outer loop
      vertex -53.1548 -52.008 19.6
      vertex -53.342 -51.851 0
      vertex -53.1548 -52.008 0
    endloop
  endfacet
  facet normal -0.342269 -0.939602 0
    outer loop
      vertex -52.3111 -52.4951 0
      vertex -52.0816 -52.5787 19.6
      vertex -52.3111 -52.4951 19.6
    endloop
  endfacet
  facet normal -0.342269 -0.939602 -0
    outer loop
      vertex -52.0816 -52.5787 19.6
      vertex -52.3111 -52.4951 0
      vertex -52.0816 -52.5787 0
    endloop
  endfacet
  facet normal -0.58788 -0.808948 0
    outer loop
      vertex -53.1548 -52.008 0
      vertex -52.9572 -52.1516 19.6
      vertex -53.1548 -52.008 19.6
    endloop
  endfacet
  facet normal -0.58788 -0.808948 -0
    outer loop
      vertex -52.9572 -52.1516 19.6
      vertex -53.1548 -52.008 0
      vertex -52.9572 -52.1516 0
    endloop
  endfacet
  facet normal -0.139215 0.990262 0
    outer loop
      vertex 43.8728 64.7171 0
      vertex 43.4581 64.6588 5
      vertex 43.8728 64.7171 5
    endloop
  endfacet
  facet normal -0.139215 0.990262 0
    outer loop
      vertex 43.4581 64.6588 5
      vertex 43.8728 64.7171 0
      vertex 43.4581 64.6588 0
    endloop
  endfacet
  facet normal -0.999392 0.0348653 0
    outer loop
      vertex 38.5 58.75 0
      vertex 38.5146 59.1685 5
      vertex 38.5146 59.1685 0
    endloop
  endfacet
  facet normal -0.999392 0.0348653 0
    outer loop
      vertex 38.5146 59.1685 5
      vertex 38.5 58.75 0
      vertex 38.5 58.75 5
    endloop
  endfacet
  facet normal -0.984822 0.173567 0
    outer loop
      vertex 38.5584 59.585 0
      vertex 38.6311 59.9975 5
      vertex 38.6311 59.9975 0
    endloop
  endfacet
  facet normal -0.984822 0.173567 0
    outer loop
      vertex 38.6311 59.9975 5
      vertex 38.5584 59.585 0
      vertex 38.5584 59.585 5
    endloop
  endfacet
  facet normal -0.529999 0.847998 0
    outer loop
      vertex 41.5 63.9462 0
      vertex 41.1448 63.7242 5
      vertex 41.5 63.9462 5
    endloop
  endfacet
  facet normal -0.529999 0.847998 0
    outer loop
      vertex 41.1448 63.7242 5
      vertex 41.5 63.9462 0
      vertex 41.1448 63.7242 0
    endloop
  endfacet
  facet normal 0.743033 -0.669255 0
    outer loop
      vertex 48.816 -62.9179 5
      vertex 49.0963 -62.6067 0
      vertex 49.0963 -62.6067 5
    endloop
  endfacet
  facet normal 0.743033 -0.669255 0
    outer loop
      vertex 49.0963 -62.6067 0
      vertex 48.816 -62.9179 5
      vertex 48.816 -62.9179 0
    endloop
  endfacet
  facet normal -0.92717 -0.374641 0
    outer loop
      vertex 39.0187 -61.1904 0
      vertex 38.8618 -60.8021 5
      vertex 38.8618 -60.8021 0
    endloop
  endfacet
  facet normal -0.92717 -0.374641 0
    outer loop
      vertex 38.8618 -60.8021 5
      vertex 39.0187 -61.1904 0
      vertex 39.0187 -61.1904 5
    endloop
  endfacet
  facet normal 0.970297 -0.241917 0
    outer loop
      vertex 50.2676 -60.4038 5
      vertex 50.3689 -59.9975 0
      vertex 50.3689 -59.9975 5
    endloop
  endfacet
  facet normal 0.970297 -0.241917 0
    outer loop
      vertex 50.3689 -59.9975 0
      vertex 50.2676 -60.4038 5
      vertex 50.2676 -60.4038 0
    endloop
  endfacet
  facet normal -0.92717 0.374641 0
    outer loop
      vertex 38.8618 60.8021 0
      vertex 39.0187 61.1904 5
      vertex 39.0187 61.1904 0
    endloop
  endfacet
  facet normal -0.92717 0.374641 0
    outer loop
      vertex 39.0187 61.1904 5
      vertex 38.8618 60.8021 0
      vertex 38.8618 60.8021 5
    endloop
  endfacet
  facet normal 0.406648 -0.913585 0
    outer loop
      vertex 46.7476 -64.3131 0
      vertex 47.1302 -64.1428 5
      vertex 46.7476 -64.3131 5
    endloop
  endfacet
  facet normal 0.406648 -0.913585 0
    outer loop
      vertex 47.1302 -64.1428 5
      vertex 46.7476 -64.3131 0
      vertex 47.1302 -64.1428 0
    endloop
  endfacet
  facet normal -0.0697198 0.997567 0
    outer loop
      vertex 44.2906 64.7463 0
      vertex 43.8728 64.7171 5
      vertex 44.2906 64.7463 5
    endloop
  endfacet
  facet normal -0.0697198 0.997567 0
    outer loop
      vertex 43.8728 64.7171 5
      vertex 44.2906 64.7463 0
      vertex 43.8728 64.7171 0
    endloop
  endfacet
  facet normal 0.984822 -0.173567 0
    outer loop
      vertex 50.3689 -59.9975 5
      vertex 50.4416 -59.585 0
      vertex 50.4416 -59.585 5
    endloop
  endfacet
  facet normal 0.984822 -0.173567 0
    outer loop
      vertex 50.4416 -59.585 0
      vertex 50.3689 -59.9975 5
      vertex 50.3689 -59.9975 0
    endloop
  endfacet
  facet normal -0.469423 0.882973 0
    outer loop
      vertex 41.8698 64.1428 0
      vertex 41.5 63.9462 5
      vertex 41.8698 64.1428 5
    endloop
  endfacet
  facet normal -0.469423 0.882973 0
    outer loop
      vertex 41.5 63.9462 5
      vertex 41.8698 64.1428 0
      vertex 41.5 63.9462 0
    endloop
  endfacet
  facet normal 0.139215 0.990262 -0
    outer loop
      vertex 45.5419 64.6588 0
      vertex 45.1272 64.7171 5
      vertex 45.5419 64.6588 5
    endloop
  endfacet
  facet normal 0.139215 0.990262 0
    outer loop
      vertex 45.1272 64.7171 5
      vertex 45.5419 64.6588 0
      vertex 45.1272 64.7171 0
    endloop
  endfacet
  facet normal 0.529999 -0.847998 0
    outer loop
      vertex 47.5 -63.9462 0
      vertex 47.8552 -63.7242 5
      vertex 47.5 -63.9462 5
    endloop
  endfacet
  facet normal 0.529999 -0.847998 0
    outer loop
      vertex 47.8552 -63.7242 5
      vertex 47.5 -63.9462 0
      vertex 47.8552 -63.7242 0
    endloop
  endfacet
  facet normal 0.0697198 -0.997567 0
    outer loop
      vertex 44.7094 -64.7463 0
      vertex 45.1272 -64.7171 5
      vertex 44.7094 -64.7463 5
    endloop
  endfacet
  facet normal 0.0697198 -0.997567 0
    outer loop
      vertex 45.1272 -64.7171 5
      vertex 44.7094 -64.7463 0
      vertex 45.1272 -64.7171 0
    endloop
  endfacet
  facet normal 0.341973 -0.93971 0
    outer loop
      vertex 46.3541 -64.4563 0
      vertex 46.7476 -64.3131 5
      vertex 46.3541 -64.4563 5
    endloop
  endfacet
  facet normal 0.341973 -0.93971 0
    outer loop
      vertex 46.7476 -64.3131 5
      vertex 46.3541 -64.4563 0
      vertex 46.7476 -64.3131 0
    endloop
  endfacet
  facet normal -0.694825 -0.719179 0
    outer loop
      vertex 40.184 -62.9179 0
      vertex 40.4852 -63.2089 5
      vertex 40.184 -62.9179 5
    endloop
  endfacet
  facet normal -0.694825 -0.719179 -0
    outer loop
      vertex 40.4852 -63.2089 5
      vertex 40.184 -62.9179 0
      vertex 40.4852 -63.2089 0
    endloop
  endfacet
  facet normal 0.999392 -0.0348653 0
    outer loop
      vertex 50.4854 -59.1685 5
      vertex 50.5 -58.75 0
      vertex 50.5 -58.75 5
    endloop
  endfacet
  facet normal 0.999392 -0.0348653 0
    outer loop
      vertex 50.5 -58.75 0
      vertex 50.4854 -59.1685 5
      vertex 50.4854 -59.1685 0
    endloop
  endfacet
  facet normal 0.529999 0.847998 -0
    outer loop
      vertex 47.8552 63.7242 0
      vertex 47.5 63.9462 5
      vertex 47.8552 63.7242 5
    endloop
  endfacet
  facet normal 0.529999 0.847998 0
    outer loop
      vertex 47.5 63.9462 5
      vertex 47.8552 63.7242 0
      vertex 47.5 63.9462 0
    endloop
  endfacet
  facet normal 0.788039 0.615626 0
    outer loop
      vertex 49.3541 62.2767 5
      vertex 49.0963 62.6067 0
      vertex 49.0963 62.6067 5
    endloop
  endfacet
  facet normal 0.788039 0.615626 0
    outer loop
      vertex 49.0963 62.6067 0
      vertex 49.3541 62.2767 5
      vertex 49.3541 62.2767 0
    endloop
  endfacet
  facet normal -1 0 0
    outer loop
      vertex 38.5 52.7479 0
      vertex 38.5 58.75 5
      vertex 38.5 58.75 0
    endloop
  endfacet
  facet normal -1 -0 0
    outer loop
      vertex 38.5 58.75 5
      vertex 38.5 52.7479 0
      vertex 38.5 52.7479 5
    endloop
  endfacet
  facet normal -1 0 0
    outer loop
      vertex 38.5 -58.75 0
      vertex 38.5 -52.7479 5
      vertex 38.5 -52.7479 0
    endloop
  endfacet
  facet normal -1 -0 0
    outer loop
      vertex 38.5 -52.7479 5
      vertex 38.5 -58.75 0
      vertex 38.5 -58.75 5
    endloop
  endfacet
  facet normal 0.999392 0.0348653 0
    outer loop
      vertex 50.5 58.75 5
      vertex 50.4854 59.1685 0
      vertex 50.4854 59.1685 5
    endloop
  endfacet
  facet normal 0.999392 0.0348653 0
    outer loop
      vertex 50.4854 59.1685 0
      vertex 50.5 58.75 5
      vertex 50.5 58.75 0
    endloop
  endfacet
  facet normal -0.642811 -0.766025 0
    outer loop
      vertex 40.4852 -63.2089 0
      vertex 40.806 -63.4781 5
      vertex 40.4852 -63.2089 5
    endloop
  endfacet
  facet normal -0.642811 -0.766025 -0
    outer loop
      vertex 40.806 -63.4781 5
      vertex 40.4852 -63.2089 0
      vertex 40.806 -63.4781 0
    endloop
  endfacet
  facet normal -0.994516 -0.104585 0
    outer loop
      vertex 38.5584 -59.585 0
      vertex 38.5146 -59.1685 5
      vertex 38.5146 -59.1685 0
    endloop
  endfacet
  facet normal -0.994516 -0.104585 0
    outer loop
      vertex 38.5146 -59.1685 5
      vertex 38.5584 -59.585 0
      vertex 38.5584 -59.585 5
    endloop
  endfacet
  facet normal 0.92717 0.374641 0
    outer loop
      vertex 50.1382 60.8021 5
      vertex 49.9813 61.1904 0
      vertex 49.9813 61.1904 5
    endloop
  endfacet
  facet normal 0.92717 0.374641 0
    outer loop
      vertex 49.9813 61.1904 0
      vertex 50.1382 60.8021 5
      vertex 50.1382 60.8021 0
    endloop
  endfacet
  facet normal -0.139215 -0.990262 0
    outer loop
      vertex 43.4581 -64.6588 0
      vertex 43.8728 -64.7171 5
      vertex 43.4581 -64.6588 5
    endloop
  endfacet
  facet normal -0.139215 -0.990262 -0
    outer loop
      vertex 43.8728 -64.7171 5
      vertex 43.4581 -64.6588 0
      vertex 43.8728 -64.7171 0
    endloop
  endfacet
  facet normal 1 -0 0
    outer loop
      vertex 50.5 52.7479 5
      vertex 50.5 58.75 0
      vertex 50.5 58.75 5
    endloop
  endfacet
  facet normal 1 0 0
    outer loop
      vertex 50.5 58.75 0
      vertex 50.5 52.7479 5
      vertex 50.5 52.7479 0
    endloop
  endfacet
  facet normal 1 -0 0
    outer loop
      vertex 50.5 -58.75 5
      vertex 50.5 -52.7479 0
      vertex 50.5 -52.7479 5
    endloop
  endfacet
  facet normal 1 0 0
    outer loop
      vertex 50.5 -52.7479 0
      vertex 50.5 -58.75 5
      vertex 50.5 -58.75 0
    endloop
  endfacet
  facet normal 0.587703 0.809077 -0
    outer loop
      vertex 48.194 63.4781 0
      vertex 47.8552 63.7242 5
      vertex 48.194 63.4781 5
    endloop
  endfacet
  facet normal 0.587703 0.809077 0
    outer loop
      vertex 47.8552 63.7242 5
      vertex 48.194 63.4781 0
      vertex 47.8552 63.7242 0
    endloop
  endfacet
  facet normal -0.207767 0.978178 0
    outer loop
      vertex 43.4581 64.6588 0
      vertex 43.0485 64.5718 5
      vertex 43.4581 64.6588 5
    endloop
  endfacet
  facet normal -0.207767 0.978178 0
    outer loop
      vertex 43.0485 64.5718 5
      vertex 43.4581 64.6588 0
      vertex 43.0485 64.5718 0
    endloop
  endfacet
  facet normal 0.275762 -0.961226 0
    outer loop
      vertex 45.9515 -64.5718 0
      vertex 46.3541 -64.4563 5
      vertex 45.9515 -64.5718 5
    endloop
  endfacet
  facet normal 0.275762 -0.961226 0
    outer loop
      vertex 46.3541 -64.4563 5
      vertex 45.9515 -64.5718 0
      vertex 46.3541 -64.4563 0
    endloop
  endfacet
  facet normal 0.866031 0.499991 0
    outer loop
      vertex 49.7977 61.5668 5
      vertex 49.5883 61.9295 0
      vertex 49.5883 61.9295 5
    endloop
  endfacet
  facet normal 0.866031 0.499991 0
    outer loop
      vertex 49.5883 61.9295 0
      vertex 49.7977 61.5668 5
      vertex 49.7977 61.5668 0
    endloop
  endfacet
  facet normal -0.898778 -0.438405 0
    outer loop
      vertex 39.2023 -61.5668 0
      vertex 39.0187 -61.1904 5
      vertex 39.0187 -61.1904 0
    endloop
  endfacet
  facet normal -0.898778 -0.438405 0
    outer loop
      vertex 39.0187 -61.1904 5
      vertex 39.2023 -61.5668 0
      vertex 39.2023 -61.5668 5
    endloop
  endfacet
  facet normal 0.275762 0.961226 -0
    outer loop
      vertex 46.3541 64.4563 0
      vertex 45.9515 64.5718 5
      vertex 46.3541 64.4563 5
    endloop
  endfacet
  facet normal 0.275762 0.961226 0
    outer loop
      vertex 45.9515 64.5718 5
      vertex 46.3541 64.4563 0
      vertex 45.9515 64.5718 0
    endloop
  endfacet
  facet normal -0.999392 -0.0348653 0
    outer loop
      vertex 38.5146 -59.1685 0
      vertex 38.5 -58.75 5
      vertex 38.5 -58.75 0
    endloop
  endfacet
  facet normal -0.999392 -0.0348653 0
    outer loop
      vertex 38.5 -58.75 5
      vertex 38.5146 -59.1685 0
      vertex 38.5146 -59.1685 5
    endloop
  endfacet
  facet normal 0.994516 0.104585 0
    outer loop
      vertex 50.4854 59.1685 5
      vertex 50.4416 59.585 0
      vertex 50.4416 59.585 5
    endloop
  endfacet
  facet normal 0.994516 0.104585 0
    outer loop
      vertex 50.4416 59.585 0
      vertex 50.4854 59.1685 5
      vertex 50.4854 59.1685 0
    endloop
  endfacet
  facet normal 0.788039 -0.615626 0
    outer loop
      vertex 49.0963 -62.6067 5
      vertex 49.3541 -62.2767 0
      vertex 49.3541 -62.2767 5
    endloop
  endfacet
  facet normal 0.788039 -0.615626 0
    outer loop
      vertex 49.3541 -62.2767 0
      vertex 49.0963 -62.6067 5
      vertex 49.0963 -62.6067 0
    endloop
  endfacet
  facet normal 0 1 -0
    outer loop
      vertex 44.7094 64.7463 0
      vertex 44.2906 64.7463 5
      vertex 44.7094 64.7463 5
    endloop
  endfacet
  facet normal 0 1 0
    outer loop
      vertex 44.2906 64.7463 5
      vertex 44.7094 64.7463 0
      vertex 44.2906 64.7463 0
    endloop
  endfacet
  facet normal -0.829026 0.55921 0
    outer loop
      vertex 39.4117 61.9295 0
      vertex 39.6459 62.2767 5
      vertex 39.6459 62.2767 0
    endloop
  endfacet
  facet normal -0.829026 0.55921 0
    outer loop
      vertex 39.6459 62.2767 5
      vertex 39.4117 61.9295 0
      vertex 39.4117 61.9295 5
    endloop
  endfacet
  facet normal 0.207767 -0.978178 0
    outer loop
      vertex 45.5419 -64.6588 0
      vertex 45.9515 -64.5718 5
      vertex 45.5419 -64.6588 5
    endloop
  endfacet
  facet normal 0.207767 -0.978178 0
    outer loop
      vertex 45.9515 -64.5718 5
      vertex 45.5419 -64.6588 0
      vertex 45.9515 -64.5718 0
    endloop
  endfacet
  facet normal -0.469423 -0.882973 0
    outer loop
      vertex 41.5 -63.9462 0
      vertex 41.8698 -64.1428 5
      vertex 41.5 -63.9462 5
    endloop
  endfacet
  facet normal -0.469423 -0.882973 -0
    outer loop
      vertex 41.8698 -64.1428 5
      vertex 41.5 -63.9462 0
      vertex 41.8698 -64.1428 0
    endloop
  endfacet
  facet normal 0.587703 -0.809077 0
    outer loop
      vertex 47.8552 -63.7242 0
      vertex 48.194 -63.4781 5
      vertex 47.8552 -63.7242 5
    endloop
  endfacet
  facet normal 0.587703 -0.809077 0
    outer loop
      vertex 48.194 -63.4781 5
      vertex 47.8552 -63.7242 0
      vertex 48.194 -63.4781 0
    endloop
  endfacet
  facet normal 0.139215 -0.990262 0
    outer loop
      vertex 45.1272 -64.7171 0
      vertex 45.5419 -64.6588 5
      vertex 45.1272 -64.7171 5
    endloop
  endfacet
  facet normal 0.139215 -0.990262 0
    outer loop
      vertex 45.5419 -64.6588 5
      vertex 45.1272 -64.7171 0
      vertex 45.5419 -64.6588 0
    endloop
  endfacet
  facet normal 0.207767 0.978178 -0
    outer loop
      vertex 45.9515 64.5718 0
      vertex 45.5419 64.6588 5
      vertex 45.9515 64.5718 5
    endloop
  endfacet
  facet normal 0.207767 0.978178 0
    outer loop
      vertex 45.5419 64.6588 5
      vertex 45.9515 64.5718 0
      vertex 45.5419 64.6588 0
    endloop
  endfacet
  facet normal -0.529999 -0.847998 0
    outer loop
      vertex 41.1448 -63.7242 0
      vertex 41.5 -63.9462 5
      vertex 41.1448 -63.7242 5
    endloop
  endfacet
  facet normal -0.529999 -0.847998 -0
    outer loop
      vertex 41.5 -63.9462 5
      vertex 41.1448 -63.7242 0
      vertex 41.5 -63.9462 0
    endloop
  endfacet
  facet normal 0.951067 -0.308983 0
    outer loop
      vertex 50.1382 -60.8021 5
      vertex 50.2676 -60.4038 0
      vertex 50.2676 -60.4038 5
    endloop
  endfacet
  facet normal 0.951067 -0.308983 0
    outer loop
      vertex 50.2676 -60.4038 0
      vertex 50.1382 -60.8021 5
      vertex 50.1382 -60.8021 0
    endloop
  endfacet
  facet normal -0.951067 0.308983 0
    outer loop
      vertex 38.7324 60.4038 0
      vertex 38.8618 60.8021 5
      vertex 38.8618 60.8021 0
    endloop
  endfacet
  facet normal -0.951067 0.308983 0
    outer loop
      vertex 38.8618 60.8021 5
      vertex 38.7324 60.4038 0
      vertex 38.7324 60.4038 5
    endloop
  endfacet
  facet normal -0.970297 -0.241917 0
    outer loop
      vertex 38.7324 -60.4038 0
      vertex 38.6311 -59.9975 5
      vertex 38.6311 -59.9975 0
    endloop
  endfacet
  facet normal -0.970297 -0.241917 0
    outer loop
      vertex 38.6311 -59.9975 5
      vertex 38.7324 -60.4038 0
      vertex 38.7324 -60.4038 5
    endloop
  endfacet
  facet normal -0.406648 -0.913585 0
    outer loop
      vertex 41.8698 -64.1428 0
      vertex 42.2524 -64.3131 5
      vertex 41.8698 -64.1428 5
    endloop
  endfacet
  facet normal -0.406648 -0.913585 -0
    outer loop
      vertex 42.2524 -64.3131 5
      vertex 41.8698 -64.1428 0
      vertex 42.2524 -64.3131 0
    endloop
  endfacet
  facet normal 0.92717 -0.374641 0
    outer loop
      vertex 49.9813 -61.1904 5
      vertex 50.1382 -60.8021 0
      vertex 50.1382 -60.8021 5
    endloop
  endfacet
  facet normal 0.92717 -0.374641 0
    outer loop
      vertex 50.1382 -60.8021 0
      vertex 49.9813 -61.1904 5
      vertex 49.9813 -61.1904 0
    endloop
  endfacet
  facet normal -0.0697198 -0.997567 0
    outer loop
      vertex 43.8728 -64.7171 0
      vertex 44.2906 -64.7463 5
      vertex 43.8728 -64.7171 5
    endloop
  endfacet
  facet normal -0.0697198 -0.997567 -0
    outer loop
      vertex 44.2906 -64.7463 5
      vertex 43.8728 -64.7171 0
      vertex 44.2906 -64.7463 0
    endloop
  endfacet
  facet normal -0.898778 0.438405 0
    outer loop
      vertex 39.0187 61.1904 0
      vertex 39.2023 61.5668 5
      vertex 39.2023 61.5668 0
    endloop
  endfacet
  facet normal -0.898778 0.438405 0
    outer loop
      vertex 39.2023 61.5668 5
      vertex 39.0187 61.1904 0
      vertex 39.0187 61.1904 5
    endloop
  endfacet
  facet normal -0.951067 -0.308983 0
    outer loop
      vertex 38.8618 -60.8021 0
      vertex 38.7324 -60.4038 5
      vertex 38.7324 -60.4038 0
    endloop
  endfacet
  facet normal -0.951067 -0.308983 0
    outer loop
      vertex 38.7324 -60.4038 5
      vertex 38.8618 -60.8021 0
      vertex 38.8618 -60.8021 5
    endloop
  endfacet
  facet normal -0.866031 0.499991 0
    outer loop
      vertex 39.2023 61.5668 0
      vertex 39.4117 61.9295 5
      vertex 39.4117 61.9295 0
    endloop
  endfacet
  facet normal -0.866031 0.499991 0
    outer loop
      vertex 39.4117 61.9295 5
      vertex 39.2023 61.5668 0
      vertex 39.2023 61.5668 5
    endloop
  endfacet
  facet normal 0.829026 -0.55921 0
    outer loop
      vertex 49.3541 -62.2767 5
      vertex 49.5883 -61.9295 0
      vertex 49.5883 -61.9295 5
    endloop
  endfacet
  facet normal 0.829026 -0.55921 0
    outer loop
      vertex 49.5883 -61.9295 0
      vertex 49.3541 -62.2767 5
      vertex 49.3541 -62.2767 0
    endloop
  endfacet
  facet normal -0.788039 -0.615626 0
    outer loop
      vertex 39.9037 -62.6067 0
      vertex 39.6459 -62.2767 5
      vertex 39.6459 -62.2767 0
    endloop
  endfacet
  facet normal -0.788039 -0.615626 0
    outer loop
      vertex 39.6459 -62.2767 5
      vertex 39.9037 -62.6067 0
      vertex 39.9037 -62.6067 5
    endloop
  endfacet
  facet normal 0.866031 -0.499991 0
    outer loop
      vertex 49.5883 -61.9295 5
      vertex 49.7977 -61.5668 0
      vertex 49.7977 -61.5668 5
    endloop
  endfacet
  facet normal 0.866031 -0.499991 0
    outer loop
      vertex 49.7977 -61.5668 0
      vertex 49.5883 -61.9295 5
      vertex 49.5883 -61.9295 0
    endloop
  endfacet
  facet normal -0.207767 -0.978178 0
    outer loop
      vertex 43.0485 -64.5718 0
      vertex 43.4581 -64.6588 5
      vertex 43.0485 -64.5718 5
    endloop
  endfacet
  facet normal -0.207767 -0.978178 -0
    outer loop
      vertex 43.4581 -64.6588 5
      vertex 43.0485 -64.5718 0
      vertex 43.4581 -64.6588 0
    endloop
  endfacet
  facet normal 0.951067 0.308983 0
    outer loop
      vertex 50.2676 60.4038 5
      vertex 50.1382 60.8021 0
      vertex 50.1382 60.8021 5
    endloop
  endfacet
  facet normal 0.951067 0.308983 0
    outer loop
      vertex 50.1382 60.8021 0
      vertex 50.2676 60.4038 5
      vertex 50.2676 60.4038 0
    endloop
  endfacet
  facet normal 0.469423 -0.882973 0
    outer loop
      vertex 47.1302 -64.1428 0
      vertex 47.5 -63.9462 5
      vertex 47.1302 -64.1428 5
    endloop
  endfacet
  facet normal 0.469423 -0.882973 0
    outer loop
      vertex 47.5 -63.9462 5
      vertex 47.1302 -64.1428 0
      vertex 47.5 -63.9462 0
    endloop
  endfacet
  facet normal -0.587703 0.809077 0
    outer loop
      vertex 41.1448 63.7242 0
      vertex 40.806 63.4781 5
      vertex 41.1448 63.7242 5
    endloop
  endfacet
  facet normal -0.587703 0.809077 0
    outer loop
      vertex 40.806 63.4781 5
      vertex 41.1448 63.7242 0
      vertex 40.806 63.4781 0
    endloop
  endfacet
  facet normal -0.341973 0.93971 0
    outer loop
      vertex 42.6459 64.4563 0
      vertex 42.2524 64.3131 5
      vertex 42.6459 64.4563 5
    endloop
  endfacet
  facet normal -0.341973 0.93971 0
    outer loop
      vertex 42.2524 64.3131 5
      vertex 42.6459 64.4563 0
      vertex 42.2524 64.3131 0
    endloop
  endfacet
  facet normal -0.694825 0.719179 0
    outer loop
      vertex 40.4852 63.2089 0
      vertex 40.184 62.9179 5
      vertex 40.4852 63.2089 5
    endloop
  endfacet
  facet normal -0.694825 0.719179 0
    outer loop
      vertex 40.184 62.9179 5
      vertex 40.4852 63.2089 0
      vertex 40.184 62.9179 0
    endloop
  endfacet
  facet normal -0.829026 -0.55921 0
    outer loop
      vertex 39.6459 -62.2767 0
      vertex 39.4117 -61.9295 5
      vertex 39.4117 -61.9295 0
    endloop
  endfacet
  facet normal -0.829026 -0.55921 0
    outer loop
      vertex 39.4117 -61.9295 5
      vertex 39.6459 -62.2767 0
      vertex 39.6459 -62.2767 5
    endloop
  endfacet
  facet normal 0.743033 0.669255 0
    outer loop
      vertex 49.0963 62.6067 5
      vertex 48.816 62.9179 0
      vertex 48.816 62.9179 5
    endloop
  endfacet
  facet normal 0.743033 0.669255 0
    outer loop
      vertex 48.816 62.9179 0
      vertex 49.0963 62.6067 5
      vertex 49.0963 62.6067 0
    endloop
  endfacet
  facet normal -0.275762 -0.961226 0
    outer loop
      vertex 42.6459 -64.4563 0
      vertex 43.0485 -64.5718 5
      vertex 42.6459 -64.4563 5
    endloop
  endfacet
  facet normal -0.275762 -0.961226 -0
    outer loop
      vertex 43.0485 -64.5718 5
      vertex 42.6459 -64.4563 0
      vertex 43.0485 -64.5718 0
    endloop
  endfacet
  facet normal -0.984822 -0.173567 0
    outer loop
      vertex 38.6311 -59.9975 0
      vertex 38.5584 -59.585 5
      vertex 38.5584 -59.585 0
    endloop
  endfacet
  facet normal -0.984822 -0.173567 0
    outer loop
      vertex 38.5584 -59.585 5
      vertex 38.6311 -59.9975 0
      vertex 38.6311 -59.9975 5
    endloop
  endfacet
  facet normal 0 -1 0
    outer loop
      vertex 44.2906 -64.7463 0
      vertex 44.7094 -64.7463 5
      vertex 44.2906 -64.7463 5
    endloop
  endfacet
  facet normal 0 -1 -0
    outer loop
      vertex 44.7094 -64.7463 5
      vertex 44.2906 -64.7463 0
      vertex 44.7094 -64.7463 0
    endloop
  endfacet
  facet normal -0.587703 -0.809077 0
    outer loop
      vertex 40.806 -63.4781 0
      vertex 41.1448 -63.7242 5
      vertex 40.806 -63.4781 5
    endloop
  endfacet
  facet normal -0.587703 -0.809077 -0
    outer loop
      vertex 41.1448 -63.7242 5
      vertex 40.806 -63.4781 0
      vertex 41.1448 -63.7242 0
    endloop
  endfacet
  facet normal -0.341973 -0.93971 0
    outer loop
      vertex 42.2524 -64.3131 0
      vertex 42.6459 -64.4563 5
      vertex 42.2524 -64.3131 5
    endloop
  endfacet
  facet normal -0.341973 -0.93971 -0
    outer loop
      vertex 42.6459 -64.4563 5
      vertex 42.2524 -64.3131 0
      vertex 42.6459 -64.4563 0
    endloop
  endfacet
  facet normal -0.743033 -0.669255 0
    outer loop
      vertex 40.184 -62.9179 0
      vertex 39.9037 -62.6067 5
      vertex 39.9037 -62.6067 0
    endloop
  endfacet
  facet normal -0.743033 -0.669255 0
    outer loop
      vertex 39.9037 -62.6067 5
      vertex 40.184 -62.9179 0
      vertex 40.184 -62.9179 5
    endloop
  endfacet
  facet normal -0.970297 0.241917 0
    outer loop
      vertex 38.6311 59.9975 0
      vertex 38.7324 60.4038 5
      vertex 38.7324 60.4038 0
    endloop
  endfacet
  facet normal -0.970297 0.241917 0
    outer loop
      vertex 38.7324 60.4038 5
      vertex 38.6311 59.9975 0
      vertex 38.6311 59.9975 5
    endloop
  endfacet
  facet normal -0.743033 0.669255 0
    outer loop
      vertex 39.9037 62.6067 0
      vertex 40.184 62.9179 5
      vertex 40.184 62.9179 0
    endloop
  endfacet
  facet normal -0.743033 0.669255 0
    outer loop
      vertex 40.184 62.9179 5
      vertex 39.9037 62.6067 0
      vertex 39.9037 62.6067 5
    endloop
  endfacet
  facet normal 0.984822 0.173567 0
    outer loop
      vertex 50.4416 59.585 5
      vertex 50.3689 59.9975 0
      vertex 50.3689 59.9975 5
    endloop
  endfacet
  facet normal 0.984822 0.173567 0
    outer loop
      vertex 50.3689 59.9975 0
      vertex 50.4416 59.585 5
      vertex 50.4416 59.585 0
    endloop
  endfacet
  facet normal 0.0697198 0.997567 -0
    outer loop
      vertex 45.1272 64.7171 0
      vertex 44.7094 64.7463 5
      vertex 45.1272 64.7171 5
    endloop
  endfacet
  facet normal 0.0697198 0.997567 0
    outer loop
      vertex 44.7094 64.7463 5
      vertex 45.1272 64.7171 0
      vertex 44.7094 64.7463 0
    endloop
  endfacet
  facet normal 0.898778 -0.438405 0
    outer loop
      vertex 49.7977 -61.5668 5
      vertex 49.9813 -61.1904 0
      vertex 49.9813 -61.1904 5
    endloop
  endfacet
  facet normal 0.898778 -0.438405 0
    outer loop
      vertex 49.9813 -61.1904 0
      vertex 49.7977 -61.5668 5
      vertex 49.7977 -61.5668 0
    endloop
  endfacet
  facet normal 0.970297 0.241917 0
    outer loop
      vertex 50.3689 59.9975 5
      vertex 50.2676 60.4038 0
      vertex 50.2676 60.4038 5
    endloop
  endfacet
  facet normal 0.970297 0.241917 0
    outer loop
      vertex 50.2676 60.4038 0
      vertex 50.3689 59.9975 5
      vertex 50.3689 59.9975 0
    endloop
  endfacet
  facet normal 0.469423 0.882973 -0
    outer loop
      vertex 47.5 63.9462 0
      vertex 47.1302 64.1428 5
      vertex 47.5 63.9462 5
    endloop
  endfacet
  facet normal 0.469423 0.882973 0
    outer loop
      vertex 47.1302 64.1428 5
      vertex 47.5 63.9462 0
      vertex 47.1302 64.1428 0
    endloop
  endfacet
  facet normal 0.642811 -0.766025 0
    outer loop
      vertex 48.194 -63.4781 0
      vertex 48.5148 -63.2089 5
      vertex 48.194 -63.4781 5
    endloop
  endfacet
  facet normal 0.642811 -0.766025 0
    outer loop
      vertex 48.5148 -63.2089 5
      vertex 48.194 -63.4781 0
      vertex 48.5148 -63.2089 0
    endloop
  endfacet
  facet normal 0.642811 0.766025 -0
    outer loop
      vertex 48.5148 63.2089 0
      vertex 48.194 63.4781 5
      vertex 48.5148 63.2089 5
    endloop
  endfacet
  facet normal 0.642811 0.766025 0
    outer loop
      vertex 48.194 63.4781 5
      vertex 48.5148 63.2089 0
      vertex 48.194 63.4781 0
    endloop
  endfacet
  facet normal -0.642811 0.766025 0
    outer loop
      vertex 40.806 63.4781 0
      vertex 40.4852 63.2089 5
      vertex 40.806 63.4781 5
    endloop
  endfacet
  facet normal -0.642811 0.766025 0
    outer loop
      vertex 40.4852 63.2089 5
      vertex 40.806 63.4781 0
      vertex 40.4852 63.2089 0
    endloop
  endfacet
  facet normal -0.275762 0.961226 0
    outer loop
      vertex 43.0485 64.5718 0
      vertex 42.6459 64.4563 5
      vertex 43.0485 64.5718 5
    endloop
  endfacet
  facet normal -0.275762 0.961226 0
    outer loop
      vertex 42.6459 64.4563 5
      vertex 43.0485 64.5718 0
      vertex 42.6459 64.4563 0
    endloop
  endfacet
  facet normal -0.866031 -0.499991 0
    outer loop
      vertex 39.4117 -61.9295 0
      vertex 39.2023 -61.5668 5
      vertex 39.2023 -61.5668 0
    endloop
  endfacet
  facet normal -0.866031 -0.499991 0
    outer loop
      vertex 39.2023 -61.5668 5
      vertex 39.4117 -61.9295 0
      vertex 39.4117 -61.9295 5
    endloop
  endfacet
  facet normal 0.406648 0.913585 -0
    outer loop
      vertex 47.1302 64.1428 0
      vertex 46.7476 64.3131 5
      vertex 47.1302 64.1428 5
    endloop
  endfacet
  facet normal 0.406648 0.913585 0
    outer loop
      vertex 46.7476 64.3131 5
      vertex 47.1302 64.1428 0
      vertex 46.7476 64.3131 0
    endloop
  endfacet
  facet normal 0.898778 0.438405 0
    outer loop
      vertex 49.9813 61.1904 5
      vertex 49.7977 61.5668 0
      vertex 49.7977 61.5668 5
    endloop
  endfacet
  facet normal 0.898778 0.438405 0
    outer loop
      vertex 49.7977 61.5668 0
      vertex 49.9813 61.1904 5
      vertex 49.9813 61.1904 0
    endloop
  endfacet
  facet normal 0.694825 0.719179 -0
    outer loop
      vertex 48.816 62.9179 0
      vertex 48.5148 63.2089 5
      vertex 48.816 62.9179 5
    endloop
  endfacet
  facet normal 0.694825 0.719179 0
    outer loop
      vertex 48.5148 63.2089 5
      vertex 48.816 62.9179 0
      vertex 48.5148 63.2089 0
    endloop
  endfacet
  facet normal -0.994516 0.104585 0
    outer loop
      vertex 38.5146 59.1685 0
      vertex 38.5584 59.585 5
      vertex 38.5584 59.585 0
    endloop
  endfacet
  facet normal -0.994516 0.104585 0
    outer loop
      vertex 38.5584 59.585 5
      vertex 38.5146 59.1685 0
      vertex 38.5146 59.1685 5
    endloop
  endfacet
  facet normal 0.694825 -0.719179 0
    outer loop
      vertex 48.5148 -63.2089 0
      vertex 48.816 -62.9179 5
      vertex 48.5148 -63.2089 5
    endloop
  endfacet
  facet normal 0.694825 -0.719179 0
    outer loop
      vertex 48.816 -62.9179 5
      vertex 48.5148 -63.2089 0
      vertex 48.816 -62.9179 0
    endloop
  endfacet
  facet normal -0.788039 0.615626 0
    outer loop
      vertex 39.6459 62.2767 0
      vertex 39.9037 62.6067 5
      vertex 39.9037 62.6067 0
    endloop
  endfacet
  facet normal -0.788039 0.615626 0
    outer loop
      vertex 39.9037 62.6067 5
      vertex 39.6459 62.2767 0
      vertex 39.6459 62.2767 5
    endloop
  endfacet
  facet normal -0 0 1
    outer loop
      vertex 46.279 -57.7229 5
      vertex 50.5 -58.75 5
      vertex 50.5 -52.7479 5
    endloop
  endfacet
  facet normal -0 -0 1
    outer loop
      vertex 46.4842 -58.2183 5
      vertex 50.5 -58.75 5
      vertex 46.279 -57.7229 5
    endloop
  endfacet
  facet normal 0 -0 1
    outer loop
      vertex 46.5542 -58.75 5
      vertex 50.5 -58.75 5
      vertex 46.4842 -58.2183 5
    endloop
  endfacet
  facet normal 0 0 1
    outer loop
      vertex 50.5 -58.75 5
      vertex 46.5542 -58.75 5
      vertex 50.4854 -59.1685 5
    endloop
  endfacet
  facet normal -0 0 1
    outer loop
      vertex 46.4842 -59.2817 5
      vertex 50.4416 -59.585 5
      vertex 46.5542 -58.75 5
    endloop
  endfacet
  facet normal 0 0 1
    outer loop
      vertex 50.4416 -59.585 5
      vertex 46.4842 -59.2817 5
      vertex 50.3689 -59.9975 5
    endloop
  endfacet
  facet normal 0 0 1
    outer loop
      vertex 50.3689 -59.9975 5
      vertex 46.4842 -59.2817 5
      vertex 50.2676 -60.4038 5
    endloop
  endfacet
  facet normal 0 0 1
    outer loop
      vertex 50.2676 -60.4038 5
      vertex 46.4842 -59.2817 5
      vertex 50.1382 -60.8021 5
    endloop
  endfacet
  facet normal 0 0 1
    outer loop
      vertex 50.1382 -60.8021 5
      vertex 46.4842 -59.2817 5
      vertex 49.9813 -61.1904 5
    endloop
  endfacet
  facet normal -0 0 1
    outer loop
      vertex 46.279 -59.7771 5
      vertex 49.9813 -61.1904 5
      vertex 46.4842 -59.2817 5
    endloop
  endfacet
  facet normal 0 0 1
    outer loop
      vertex 49.7977 -61.5668 5
      vertex 46.279 -59.7771 5
      vertex 49.5883 -61.9295 5
    endloop
  endfacet
  facet normal 0 0 1
    outer loop
      vertex 49.5883 -61.9295 5
      vertex 46.279 -59.7771 5
      vertex 49.3541 -62.2767 5
    endloop
  endfacet
  facet normal -0 0 1
    outer loop
      vertex 45.9525 -60.2025 5
      vertex 49.3541 -62.2767 5
      vertex 46.279 -59.7771 5
    endloop
  endfacet
  facet normal 0 0 1
    outer loop
      vertex 49.3541 -62.2767 5
      vertex 45.9525 -60.2025 5
      vertex 49.0963 -62.6067 5
    endloop
  endfacet
  facet normal 0 0 1
    outer loop
      vertex 49.0963 -62.6067 5
      vertex 45.9525 -60.2025 5
      vertex 48.816 -62.9179 5
    endloop
  endfacet
  facet normal 0 0 1
    outer loop
      vertex 48.816 -62.9179 5
      vertex 45.9525 -60.2025 5
      vertex 48.5148 -63.2089 5
    endloop
  endfacet
  facet normal -0 0 1
    outer loop
      vertex 45.5271 -60.529 5
      vertex 48.194 -63.4781 5
      vertex 45.9525 -60.2025 5
    endloop
  endfacet
  facet normal 0 0 1
    outer loop
      vertex 48.5148 -63.2089 5
      vertex 45.9525 -60.2025 5
      vertex 48.194 -63.4781 5
    endloop
  endfacet
  facet normal 0 0 1
    outer loop
      vertex 49.9813 -61.1904 5
      vertex 46.279 -59.7771 5
      vertex 49.7977 -61.5668 5
    endloop
  endfacet
  facet normal 0 0 1
    outer loop
      vertex 50.4854 -59.1685 5
      vertex 46.5542 -58.75 5
      vertex 50.4416 -59.585 5
    endloop
  endfacet
  facet normal 0 0 1
    outer loop
      vertex 50.5 -52.7479 5
      vertex 45.9525 -57.2975 5
      vertex 46.279 -57.7229 5
    endloop
  endfacet
  facet normal 0 0 1
    outer loop
      vertex 50.5 -52.7479 5
      vertex 45.5271 -56.971 5
      vertex 45.9525 -57.2975 5
    endloop
  endfacet
  facet normal 0 0 1
    outer loop
      vertex 50.5 -52.7479 5
      vertex 45.0317 -56.7658 5
      vertex 45.5271 -56.971 5
    endloop
  endfacet
  facet normal 0 0 1
    outer loop
      vertex 50.5 -52.7479 5
      vertex 44.5 -56.6958 5
      vertex 45.0317 -56.7658 5
    endloop
  endfacet
  facet normal -0 0 1
    outer loop
      vertex 38.5 -52.7479 5
      vertex 44.5 -56.6958 5
      vertex 50.5 -52.7479 5
    endloop
  endfacet
  facet normal 0 0 1
    outer loop
      vertex 44.5 -56.6958 5
      vertex 38.5 -52.7479 5
      vertex 43.9683 -56.7658 5
    endloop
  endfacet
  facet normal 0 0 1
    outer loop
      vertex 43.4729 -60.529 5
      vertex 41.8698 -64.1428 5
      vertex 42.2524 -64.3131 5
    endloop
  endfacet
  facet normal 0 0 1
    outer loop
      vertex 42.5158 -59.2817 5
      vertex 41.5 -63.9462 5
      vertex 41.8698 -64.1428 5
    endloop
  endfacet
  facet normal 0 0 1
    outer loop
      vertex 38.5 -58.75 5
      vertex 42.4458 -58.75 5
      vertex 42.5158 -58.2183 5
    endloop
  endfacet
  facet normal 0 0 1
    outer loop
      vertex 42.5158 -59.2817 5
      vertex 41.1448 -63.7242 5
      vertex 41.5 -63.9462 5
    endloop
  endfacet
  facet normal 0 0 1
    outer loop
      vertex 42.5158 -59.2817 5
      vertex 40.806 -63.4781 5
      vertex 41.1448 -63.7242 5
    endloop
  endfacet
  facet normal 0 0 1
    outer loop
      vertex 42.5158 -59.2817 5
      vertex 40.4852 -63.2089 5
      vertex 40.806 -63.4781 5
    endloop
  endfacet
  facet normal 0 0 1
    outer loop
      vertex 42.5158 -59.2817 5
      vertex 40.184 -62.9179 5
      vertex 40.4852 -63.2089 5
    endloop
  endfacet
  facet normal 0 0 1
    outer loop
      vertex 38.5 -58.75 5
      vertex 42.5158 -58.2183 5
      vertex 42.721 -57.7229 5
    endloop
  endfacet
  facet normal 0 0 1
    outer loop
      vertex 42.5158 -59.2817 5
      vertex 39.9037 -62.6067 5
      vertex 40.184 -62.9179 5
    endloop
  endfacet
  facet normal 0 0 1
    outer loop
      vertex 42.5158 -59.2817 5
      vertex 39.6459 -62.2767 5
      vertex 39.9037 -62.6067 5
    endloop
  endfacet
  facet normal 0 0 1
    outer loop
      vertex 42.5158 -59.2817 5
      vertex 39.4117 -61.9295 5
      vertex 39.6459 -62.2767 5
    endloop
  endfacet
  facet normal 0 0 1
    outer loop
      vertex 38.5 -52.7479 5
      vertex 42.721 -57.7229 5
      vertex 43.0475 -57.2975 5
    endloop
  endfacet
  facet normal 0 0 1
    outer loop
      vertex 42.5158 -59.2817 5
      vertex 39.2023 -61.5668 5
      vertex 39.4117 -61.9295 5
    endloop
  endfacet
  facet normal 0 0 1
    outer loop
      vertex 42.5158 -59.2817 5
      vertex 39.0187 -61.1904 5
      vertex 39.2023 -61.5668 5
    endloop
  endfacet
  facet normal 0 0 1
    outer loop
      vertex 42.5158 -59.2817 5
      vertex 38.8618 -60.8021 5
      vertex 39.0187 -61.1904 5
    endloop
  endfacet
  facet normal 0 0 1
    outer loop
      vertex 42.5158 -59.2817 5
      vertex 38.7324 -60.4038 5
      vertex 38.8618 -60.8021 5
    endloop
  endfacet
  facet normal 0 0 1
    outer loop
      vertex 38.5 -52.7479 5
      vertex 43.0475 -57.2975 5
      vertex 43.4729 -56.971 5
    endloop
  endfacet
  facet normal 0 0 1
    outer loop
      vertex 42.5158 -59.2817 5
      vertex 38.6311 -59.9975 5
      vertex 38.7324 -60.4038 5
    endloop
  endfacet
  facet normal 0 0 1
    outer loop
      vertex 42.5158 -59.2817 5
      vertex 38.5584 -59.585 5
      vertex 38.6311 -59.9975 5
    endloop
  endfacet
  facet normal 0 0 1
    outer loop
      vertex 43.9683 -56.7658 5
      vertex 38.5 -52.7479 5
      vertex 43.4729 -56.971 5
    endloop
  endfacet
  facet normal 0 0 1
    outer loop
      vertex 42.4458 -58.75 5
      vertex 38.5 -58.75 5
      vertex 38.5146 -59.1685 5
    endloop
  endfacet
  facet normal 0 0 1
    outer loop
      vertex 42.721 -57.7229 5
      vertex 38.5 -52.7479 5
      vertex 38.5 -58.75 5
    endloop
  endfacet
  facet normal 0 0 1
    outer loop
      vertex 42.4458 -58.75 5
      vertex 38.5146 -59.1685 5
      vertex 38.5584 -59.585 5
    endloop
  endfacet
  facet normal 0 0 1
    outer loop
      vertex 48.194 -63.4781 5
      vertex 45.5271 -60.529 5
      vertex 47.8552 -63.7242 5
    endloop
  endfacet
  facet normal 0 0 1
    outer loop
      vertex 47.8552 -63.7242 5
      vertex 45.5271 -60.529 5
      vertex 47.5 -63.9462 5
    endloop
  endfacet
  facet normal 0 0 1
    outer loop
      vertex 47.5 -63.9462 5
      vertex 45.5271 -60.529 5
      vertex 47.1302 -64.1428 5
    endloop
  endfacet
  facet normal 0 0 1
    outer loop
      vertex 47.1302 -64.1428 5
      vertex 45.5271 -60.529 5
      vertex 46.7476 -64.3131 5
    endloop
  endfacet
  facet normal -0 0 1
    outer loop
      vertex 45.0317 -60.7342 5
      vertex 46.7476 -64.3131 5
      vertex 45.5271 -60.529 5
    endloop
  endfacet
  facet normal 0 0 1
    outer loop
      vertex 46.7476 -64.3131 5
      vertex 45.0317 -60.7342 5
      vertex 46.3541 -64.4563 5
    endloop
  endfacet
  facet normal 0 0 1
    outer loop
      vertex 46.3541 -64.4563 5
      vertex 45.0317 -60.7342 5
      vertex 45.9515 -64.5718 5
    endloop
  endfacet
  facet normal 0 0 1
    outer loop
      vertex 45.9515 -64.5718 5
      vertex 45.0317 -60.7342 5
      vertex 45.5419 -64.6588 5
    endloop
  endfacet
  facet normal 0 0 1
    outer loop
      vertex 45.5419 -64.6588 5
      vertex 45.0317 -60.7342 5
      vertex 45.1272 -64.7171 5
    endloop
  endfacet
  facet normal -0 0 1
    outer loop
      vertex 44.5 -60.8042 5
      vertex 45.1272 -64.7171 5
      vertex 45.0317 -60.7342 5
    endloop
  endfacet
  facet normal 0 0 1
    outer loop
      vertex 45.1272 -64.7171 5
      vertex 44.5 -60.8042 5
      vertex 44.7094 -64.7463 5
    endloop
  endfacet
  facet normal 0 0 1
    outer loop
      vertex 44.5 -60.8042 5
      vertex 44.2906 -64.7463 5
      vertex 44.7094 -64.7463 5
    endloop
  endfacet
  facet normal 0 0 1
    outer loop
      vertex 43.8728 -64.7171 5
      vertex 44.5 -60.8042 5
      vertex 43.9683 -60.7342 5
    endloop
  endfacet
  facet normal 0 0 1
    outer loop
      vertex 44.5 -60.8042 5
      vertex 43.8728 -64.7171 5
      vertex 44.2906 -64.7463 5
    endloop
  endfacet
  facet normal 0 0 1
    outer loop
      vertex 42.2524 -64.3131 5
      vertex 43.9683 -60.7342 5
      vertex 43.4729 -60.529 5
    endloop
  endfacet
  facet normal 0 0 1
    outer loop
      vertex 43.9683 -60.7342 5
      vertex 43.4581 -64.6588 5
      vertex 43.8728 -64.7171 5
    endloop
  endfacet
  facet normal 0 0 1
    outer loop
      vertex 43.9683 -60.7342 5
      vertex 43.0485 -64.5718 5
      vertex 43.4581 -64.6588 5
    endloop
  endfacet
  facet normal 0 0 1
    outer loop
      vertex 41.8698 -64.1428 5
      vertex 43.4729 -60.529 5
      vertex 43.0475 -60.2025 5
    endloop
  endfacet
  facet normal 0 0 1
    outer loop
      vertex 41.8698 -64.1428 5
      vertex 43.0475 -60.2025 5
      vertex 42.721 -59.7771 5
    endloop
  endfacet
  facet normal 0 0 1
    outer loop
      vertex 43.9683 -60.7342 5
      vertex 42.6459 -64.4563 5
      vertex 43.0485 -64.5718 5
    endloop
  endfacet
  facet normal 0 0 1
    outer loop
      vertex 41.8698 -64.1428 5
      vertex 42.721 -59.7771 5
      vertex 42.5158 -59.2817 5
    endloop
  endfacet
  facet normal 0 0 1
    outer loop
      vertex 38.5584 -59.585 5
      vertex 42.5158 -59.2817 5
      vertex 42.4458 -58.75 5
    endloop
  endfacet
  facet normal 0 0 1
    outer loop
      vertex 43.9683 -60.7342 5
      vertex 42.2524 -64.3131 5
      vertex 42.6459 -64.4563 5
    endloop
  endfacet
  facet normal 0 0 1
    outer loop
      vertex 50.4416 59.585 5
      vertex 46.4842 59.2817 5
      vertex 46.5542 58.75 5
    endloop
  endfacet
  facet normal 0 0 1
    outer loop
      vertex 45.0317 60.7342 5
      vertex 46.7476 64.3131 5
      vertex 46.3541 64.4563 5
    endloop
  endfacet
  facet normal 0 0 1
    outer loop
      vertex 47.1302 64.1428 5
      vertex 46.279 59.7771 5
      vertex 46.4842 59.2817 5
    endloop
  endfacet
  facet normal 0 0 1
    outer loop
      vertex 47.1302 64.1428 5
      vertex 45.9525 60.2025 5
      vertex 46.279 59.7771 5
    endloop
  endfacet
  facet normal 0 0 1
    outer loop
      vertex 45.0317 60.7342 5
      vertex 46.3541 64.4563 5
      vertex 45.9515 64.5718 5
    endloop
  endfacet
  facet normal 0 0 1
    outer loop
      vertex 45.0317 60.7342 5
      vertex 45.9515 64.5718 5
      vertex 45.5419 64.6588 5
    endloop
  endfacet
  facet normal 0 0 1
    outer loop
      vertex 47.1302 64.1428 5
      vertex 45.5271 60.529 5
      vertex 45.9525 60.2025 5
    endloop
  endfacet
  facet normal 0 0 1
    outer loop
      vertex 45.0317 60.7342 5
      vertex 45.5419 64.6588 5
      vertex 45.1272 64.7171 5
    endloop
  endfacet
  facet normal 0 0 1
    outer loop
      vertex 46.7476 64.3131 5
      vertex 45.0317 60.7342 5
      vertex 45.5271 60.529 5
    endloop
  endfacet
  facet normal 0 0 1
    outer loop
      vertex 44.5 60.8042 5
      vertex 45.1272 64.7171 5
      vertex 44.7094 64.7463 5
    endloop
  endfacet
  facet normal 0 0 1
    outer loop
      vertex 45.1272 64.7171 5
      vertex 44.5 60.8042 5
      vertex 45.0317 60.7342 5
    endloop
  endfacet
  facet normal -0 0 1
    outer loop
      vertex 44.2906 64.7463 5
      vertex 44.5 60.8042 5
      vertex 44.7094 64.7463 5
    endloop
  endfacet
  facet normal -0 0 1
    outer loop
      vertex 43.8728 64.7171 5
      vertex 44.5 60.8042 5
      vertex 44.2906 64.7463 5
    endloop
  endfacet
  facet normal 0 0 1
    outer loop
      vertex 44.5 60.8042 5
      vertex 43.8728 64.7171 5
      vertex 43.9683 60.7342 5
    endloop
  endfacet
  facet normal -0 0 1
    outer loop
      vertex 43.4581 64.6588 5
      vertex 43.9683 60.7342 5
      vertex 43.8728 64.7171 5
    endloop
  endfacet
  facet normal -0 0 1
    outer loop
      vertex 43.0485 64.5718 5
      vertex 43.9683 60.7342 5
      vertex 43.4581 64.6588 5
    endloop
  endfacet
  facet normal -0 0 1
    outer loop
      vertex 42.6459 64.4563 5
      vertex 43.9683 60.7342 5
      vertex 43.0485 64.5718 5
    endloop
  endfacet
  facet normal -0 0 1
    outer loop
      vertex 42.2524 64.3131 5
      vertex 43.9683 60.7342 5
      vertex 42.6459 64.4563 5
    endloop
  endfacet
  facet normal 0 0 1
    outer loop
      vertex 43.9683 60.7342 5
      vertex 42.2524 64.3131 5
      vertex 43.4729 60.529 5
    endloop
  endfacet
  facet normal -0 0 1
    outer loop
      vertex 41.8698 64.1428 5
      vertex 43.4729 60.529 5
      vertex 42.2524 64.3131 5
    endloop
  endfacet
  facet normal -0 0 1
    outer loop
      vertex 41.5 63.9462 5
      vertex 43.4729 60.529 5
      vertex 41.8698 64.1428 5
    endloop
  endfacet
  facet normal -0 0 1
    outer loop
      vertex 41.1448 63.7242 5
      vertex 43.4729 60.529 5
      vertex 41.5 63.9462 5
    endloop
  endfacet
  facet normal -0 0 1
    outer loop
      vertex 40.806 63.4781 5
      vertex 43.4729 60.529 5
      vertex 41.1448 63.7242 5
    endloop
  endfacet
  facet normal 0 0 1
    outer loop
      vertex 46.5542 58.75 5
      vertex 50.5 58.75 5
      vertex 50.4854 59.1685 5
    endloop
  endfacet
  facet normal 0 0 1
    outer loop
      vertex 46.5542 58.75 5
      vertex 50.4854 59.1685 5
      vertex 50.4416 59.585 5
    endloop
  endfacet
  facet normal 0 0 1
    outer loop
      vertex 46.4842 59.2817 5
      vertex 50.4416 59.585 5
      vertex 50.3689 59.9975 5
    endloop
  endfacet
  facet normal 0 0 1
    outer loop
      vertex 46.4842 59.2817 5
      vertex 50.3689 59.9975 5
      vertex 50.2676 60.4038 5
    endloop
  endfacet
  facet normal 0 0 1
    outer loop
      vertex 46.4842 59.2817 5
      vertex 50.2676 60.4038 5
      vertex 50.1382 60.8021 5
    endloop
  endfacet
  facet normal 0 0 1
    outer loop
      vertex 46.4842 59.2817 5
      vertex 50.1382 60.8021 5
      vertex 49.9813 61.1904 5
    endloop
  endfacet
  facet normal 0 0 1
    outer loop
      vertex 46.4842 59.2817 5
      vertex 49.9813 61.1904 5
      vertex 49.7977 61.5668 5
    endloop
  endfacet
  facet normal 0 0 1
    outer loop
      vertex 46.4842 59.2817 5
      vertex 49.7977 61.5668 5
      vertex 49.5883 61.9295 5
    endloop
  endfacet
  facet normal 0 0 1
    outer loop
      vertex 46.4842 59.2817 5
      vertex 49.5883 61.9295 5
      vertex 49.3541 62.2767 5
    endloop
  endfacet
  facet normal 0 0 1
    outer loop
      vertex 46.4842 59.2817 5
      vertex 49.3541 62.2767 5
      vertex 49.0963 62.6067 5
    endloop
  endfacet
  facet normal 0 0 1
    outer loop
      vertex 46.4842 59.2817 5
      vertex 49.0963 62.6067 5
      vertex 48.816 62.9179 5
    endloop
  endfacet
  facet normal 0 0 1
    outer loop
      vertex 46.4842 59.2817 5
      vertex 48.816 62.9179 5
      vertex 48.5148 63.2089 5
    endloop
  endfacet
  facet normal 0 0 1
    outer loop
      vertex 46.4842 59.2817 5
      vertex 48.5148 63.2089 5
      vertex 48.194 63.4781 5
    endloop
  endfacet
  facet normal 0 0 1
    outer loop
      vertex 46.4842 59.2817 5
      vertex 48.194 63.4781 5
      vertex 47.8552 63.7242 5
    endloop
  endfacet
  facet normal 0 0 1
    outer loop
      vertex 46.4842 59.2817 5
      vertex 47.8552 63.7242 5
      vertex 47.5 63.9462 5
    endloop
  endfacet
  facet normal 0 0 1
    outer loop
      vertex 46.4842 59.2817 5
      vertex 47.5 63.9462 5
      vertex 47.1302 64.1428 5
    endloop
  endfacet
  facet normal 0 0 1
    outer loop
      vertex 45.5271 60.529 5
      vertex 47.1302 64.1428 5
      vertex 46.7476 64.3131 5
    endloop
  endfacet
  facet normal 0 0 1
    outer loop
      vertex 50.5 58.75 5
      vertex 46.5542 58.75 5
      vertex 46.4842 58.2183 5
    endloop
  endfacet
  facet normal 0 0 1
    outer loop
      vertex 50.5 58.75 5
      vertex 46.4842 58.2183 5
      vertex 46.279 57.7229 5
    endloop
  endfacet
  facet normal 0 0 1
    outer loop
      vertex 50.5 58.75 5
      vertex 46.279 57.7229 5
      vertex 50.5 52.7479 5
    endloop
  endfacet
  facet normal -0 0 1
    outer loop
      vertex 45.9525 57.2975 5
      vertex 50.5 52.7479 5
      vertex 46.279 57.7229 5
    endloop
  endfacet
  facet normal -0 0 1
    outer loop
      vertex 45.5271 56.971 5
      vertex 50.5 52.7479 5
      vertex 45.9525 57.2975 5
    endloop
  endfacet
  facet normal -0 0 1
    outer loop
      vertex 45.0317 56.7658 5
      vertex 50.5 52.7479 5
      vertex 45.5271 56.971 5
    endloop
  endfacet
  facet normal -0 0 1
    outer loop
      vertex 44.5 56.6958 5
      vertex 50.5 52.7479 5
      vertex 45.0317 56.7658 5
    endloop
  endfacet
  facet normal 0 0 1
    outer loop
      vertex 38.5 52.7479 5
      vertex 44.5 56.6958 5
      vertex 43.9683 56.7658 5
    endloop
  endfacet
  facet normal 0 0 1
    outer loop
      vertex 38.5 52.7479 5
      vertex 43.9683 56.7658 5
      vertex 43.4729 56.971 5
    endloop
  endfacet
  facet normal 0 0 1
    outer loop
      vertex 43.4729 60.529 5
      vertex 40.806 63.4781 5
      vertex 43.0475 60.2025 5
    endloop
  endfacet
  facet normal -0 0 1
    outer loop
      vertex 40.4852 63.2089 5
      vertex 43.0475 60.2025 5
      vertex 40.806 63.4781 5
    endloop
  endfacet
  facet normal -0 0 1
    outer loop
      vertex 40.184 62.9179 5
      vertex 43.0475 60.2025 5
      vertex 40.4852 63.2089 5
    endloop
  endfacet
  facet normal -0 0 1
    outer loop
      vertex 39.9037 62.6067 5
      vertex 43.0475 60.2025 5
      vertex 40.184 62.9179 5
    endloop
  endfacet
  facet normal -0 0 1
    outer loop
      vertex 39.6459 62.2767 5
      vertex 43.0475 60.2025 5
      vertex 39.9037 62.6067 5
    endloop
  endfacet
  facet normal 0 0 1
    outer loop
      vertex 43.0475 60.2025 5
      vertex 39.6459 62.2767 5
      vertex 42.721 59.7771 5
    endloop
  endfacet
  facet normal -0 0 1
    outer loop
      vertex 39.4117 61.9295 5
      vertex 42.721 59.7771 5
      vertex 39.6459 62.2767 5
    endloop
  endfacet
  facet normal -0 0 1
    outer loop
      vertex 39.2023 61.5668 5
      vertex 42.721 59.7771 5
      vertex 39.4117 61.9295 5
    endloop
  endfacet
  facet normal -0 0 1
    outer loop
      vertex 39.0187 61.1904 5
      vertex 42.721 59.7771 5
      vertex 39.2023 61.5668 5
    endloop
  endfacet
  facet normal 0 0 1
    outer loop
      vertex 42.721 59.7771 5
      vertex 39.0187 61.1904 5
      vertex 42.5158 59.2817 5
    endloop
  endfacet
  facet normal -0 0 1
    outer loop
      vertex 38.8618 60.8021 5
      vertex 42.5158 59.2817 5
      vertex 39.0187 61.1904 5
    endloop
  endfacet
  facet normal -0 0 1
    outer loop
      vertex 38.7324 60.4038 5
      vertex 42.5158 59.2817 5
      vertex 38.8618 60.8021 5
    endloop
  endfacet
  facet normal -0 0 1
    outer loop
      vertex 38.6311 59.9975 5
      vertex 42.5158 59.2817 5
      vertex 38.7324 60.4038 5
    endloop
  endfacet
  facet normal -0 0 1
    outer loop
      vertex 38.5584 59.585 5
      vertex 42.5158 59.2817 5
      vertex 38.6311 59.9975 5
    endloop
  endfacet
  facet normal 0 0 1
    outer loop
      vertex 42.5158 59.2817 5
      vertex 38.5584 59.585 5
      vertex 42.4458 58.75 5
    endloop
  endfacet
  facet normal -0 0 1
    outer loop
      vertex 38.5146 59.1685 5
      vertex 42.4458 58.75 5
      vertex 38.5584 59.585 5
    endloop
  endfacet
  facet normal 0 0 1
    outer loop
      vertex 38.5 58.75 5
      vertex 42.4458 58.75 5
      vertex 38.5146 59.1685 5
    endloop
  endfacet
  facet normal 0 0 1
    outer loop
      vertex 42.4458 58.75 5
      vertex 38.5 58.75 5
      vertex 42.5158 58.2183 5
    endloop
  endfacet
  facet normal 0 0 1
    outer loop
      vertex 42.5158 58.2183 5
      vertex 38.5 58.75 5
      vertex 42.721 57.7229 5
    endloop
  endfacet
  facet normal 0 0 1
    outer loop
      vertex 38.5 52.7479 5
      vertex 42.721 57.7229 5
      vertex 38.5 58.75 5
    endloop
  endfacet
  facet normal 0 0 1
    outer loop
      vertex 42.721 57.7229 5
      vertex 38.5 52.7479 5
      vertex 43.0475 57.2975 5
    endloop
  endfacet
  facet normal 0 0 1
    outer loop
      vertex 43.0475 57.2975 5
      vertex 38.5 52.7479 5
      vertex 43.4729 56.971 5
    endloop
  endfacet
  facet normal 0 0 1
    outer loop
      vertex 44.5 56.6958 5
      vertex 38.5 52.7479 5
      vertex 50.5 52.7479 5
    endloop
  endfacet
  facet normal 0.829026 0.55921 0
    outer loop
      vertex 49.5883 61.9295 5
      vertex 49.3541 62.2767 0
      vertex 49.3541 62.2767 5
    endloop
  endfacet
  facet normal 0.829026 0.55921 0
    outer loop
      vertex 49.3541 62.2767 0
      vertex 49.5883 61.9295 5
      vertex 49.5883 61.9295 0
    endloop
  endfacet
  facet normal 0.341973 0.93971 -0
    outer loop
      vertex 46.7476 64.3131 0
      vertex 46.3541 64.4563 5
      vertex 46.7476 64.3131 5
    endloop
  endfacet
  facet normal 0.341973 0.93971 0
    outer loop
      vertex 46.3541 64.4563 5
      vertex 46.7476 64.3131 0
      vertex 46.3541 64.4563 0
    endloop
  endfacet
  facet normal -0.406648 0.913585 0
    outer loop
      vertex 42.2524 64.3131 0
      vertex 41.8698 64.1428 5
      vertex 42.2524 64.3131 5
    endloop
  endfacet
  facet normal -0.406648 0.913585 0
    outer loop
      vertex 41.8698 64.1428 5
      vertex 42.2524 64.3131 0
      vertex 41.8698 64.1428 0
    endloop
  endfacet
  facet normal 0.994516 -0.104585 0
    outer loop
      vertex 50.4416 -59.585 5
      vertex 50.4854 -59.1685 0
      vertex 50.4854 -59.1685 5
    endloop
  endfacet
  facet normal 0.994516 -0.104585 0
    outer loop
      vertex 50.4854 -59.1685 0
      vertex 50.4416 -59.585 5
      vertex 50.4416 -59.585 0
    endloop
  endfacet
  facet normal 0.587703 0.809077 -0
    outer loop
      vertex -40.806 63.4781 0
      vertex -41.1448 63.7242 5
      vertex -40.806 63.4781 5
    endloop
  endfacet
  facet normal 0.587703 0.809077 0
    outer loop
      vertex -41.1448 63.7242 5
      vertex -40.806 63.4781 0
      vertex -41.1448 63.7242 0
    endloop
  endfacet
  facet normal 0.0697198 -0.997567 0
    outer loop
      vertex -44.2906 -64.7463 0
      vertex -43.8728 -64.7171 5
      vertex -44.2906 -64.7463 5
    endloop
  endfacet
  facet normal 0.0697198 -0.997567 0
    outer loop
      vertex -43.8728 -64.7171 5
      vertex -44.2906 -64.7463 0
      vertex -43.8728 -64.7171 0
    endloop
  endfacet
  facet normal -0.275762 0.961226 0
    outer loop
      vertex -45.9515 64.5718 0
      vertex -46.3541 64.4563 5
      vertex -45.9515 64.5718 5
    endloop
  endfacet
  facet normal -0.275762 0.961226 0
    outer loop
      vertex -46.3541 64.4563 5
      vertex -45.9515 64.5718 0
      vertex -46.3541 64.4563 0
    endloop
  endfacet
  facet normal -0.999392 0.0348653 0
    outer loop
      vertex -50.5 58.75 0
      vertex -50.4854 59.1685 5
      vertex -50.4854 59.1685 0
    endloop
  endfacet
  facet normal -0.999392 0.0348653 0
    outer loop
      vertex -50.4854 59.1685 5
      vertex -50.5 58.75 0
      vertex -50.5 58.75 5
    endloop
  endfacet
  facet normal 0.999392 -0.0348653 0
    outer loop
      vertex -38.5146 -59.1685 5
      vertex -38.5 -58.75 0
      vertex -38.5 -58.75 5
    endloop
  endfacet
  facet normal 0.999392 -0.0348653 0
    outer loop
      vertex -38.5 -58.75 0
      vertex -38.5146 -59.1685 5
      vertex -38.5146 -59.1685 0
    endloop
  endfacet
  facet normal -0.984822 0.173567 0
    outer loop
      vertex -50.4416 59.585 0
      vertex -50.3689 59.9975 5
      vertex -50.3689 59.9975 0
    endloop
  endfacet
  facet normal -0.984822 0.173567 0
    outer loop
      vertex -50.3689 59.9975 5
      vertex -50.4416 59.585 0
      vertex -50.4416 59.585 5
    endloop
  endfacet
  facet normal -0.970297 -0.241917 0
    outer loop
      vertex -50.2676 -60.4038 0
      vertex -50.3689 -59.9975 5
      vertex -50.3689 -59.9975 0
    endloop
  endfacet
  facet normal -0.970297 -0.241917 0
    outer loop
      vertex -50.3689 -59.9975 5
      vertex -50.2676 -60.4038 0
      vertex -50.2676 -60.4038 5
    endloop
  endfacet
  facet normal -0.743033 0.669255 0
    outer loop
      vertex -49.0963 62.6067 0
      vertex -48.816 62.9179 5
      vertex -48.816 62.9179 0
    endloop
  endfacet
  facet normal -0.743033 0.669255 0
    outer loop
      vertex -48.816 62.9179 5
      vertex -49.0963 62.6067 0
      vertex -49.0963 62.6067 5
    endloop
  endfacet
  facet normal 0.587703 -0.809077 0
    outer loop
      vertex -41.1448 -63.7242 0
      vertex -40.806 -63.4781 5
      vertex -41.1448 -63.7242 5
    endloop
  endfacet
  facet normal 0.587703 -0.809077 0
    outer loop
      vertex -40.806 -63.4781 5
      vertex -41.1448 -63.7242 0
      vertex -40.806 -63.4781 0
    endloop
  endfacet
  facet normal -1 0 0
    outer loop
      vertex -50.5 52.7479 0
      vertex -50.5 58.75 5
      vertex -50.5 58.75 0
    endloop
  endfacet
  facet normal -1 -0 0
    outer loop
      vertex -50.5 58.75 5
      vertex -50.5 52.7479 0
      vertex -50.5 52.7479 5
    endloop
  endfacet
  facet normal -1 0 0
    outer loop
      vertex -50.5 -58.75 0
      vertex -50.5 -52.7479 5
      vertex -50.5 -52.7479 0
    endloop
  endfacet
  facet normal -1 -0 0
    outer loop
      vertex -50.5 -52.7479 5
      vertex -50.5 -58.75 0
      vertex -50.5 -58.75 5
    endloop
  endfacet
  facet normal 1 -0 0
    outer loop
      vertex -38.5 -58.75 5
      vertex -38.5 -52.7479 0
      vertex -38.5 -52.7479 5
    endloop
  endfacet
  facet normal 1 0 0
    outer loop
      vertex -38.5 -52.7479 0
      vertex -38.5 -58.75 5
      vertex -38.5 -58.75 0
    endloop
  endfacet
  facet normal 1 -0 0
    outer loop
      vertex -38.5 52.7479 5
      vertex -38.5 58.75 0
      vertex -38.5 58.75 5
    endloop
  endfacet
  facet normal 1 0 0
    outer loop
      vertex -38.5 58.75 0
      vertex -38.5 52.7479 5
      vertex -38.5 52.7479 0
    endloop
  endfacet
  facet normal -0.694825 0.719179 0
    outer loop
      vertex -48.5148 63.2089 0
      vertex -48.816 62.9179 5
      vertex -48.5148 63.2089 5
    endloop
  endfacet
  facet normal -0.694825 0.719179 0
    outer loop
      vertex -48.816 62.9179 5
      vertex -48.5148 63.2089 0
      vertex -48.816 62.9179 0
    endloop
  endfacet
  facet normal -0.994516 0.104585 0
    outer loop
      vertex -50.4854 59.1685 0
      vertex -50.4416 59.585 5
      vertex -50.4416 59.585 0
    endloop
  endfacet
  facet normal -0.994516 0.104585 0
    outer loop
      vertex -50.4416 59.585 5
      vertex -50.4854 59.1685 0
      vertex -50.4854 59.1685 5
    endloop
  endfacet
  facet normal 0.970297 -0.241917 0
    outer loop
      vertex -38.7324 -60.4038 5
      vertex -38.6311 -59.9975 0
      vertex -38.6311 -59.9975 5
    endloop
  endfacet
  facet normal 0.970297 -0.241917 0
    outer loop
      vertex -38.6311 -59.9975 0
      vertex -38.7324 -60.4038 5
      vertex -38.7324 -60.4038 0
    endloop
  endfacet
  facet normal -0.829026 0.55921 0
    outer loop
      vertex -49.5883 61.9295 0
      vertex -49.3541 62.2767 5
      vertex -49.3541 62.2767 0
    endloop
  endfacet
  facet normal -0.829026 0.55921 0
    outer loop
      vertex -49.3541 62.2767 5
      vertex -49.5883 61.9295 0
      vertex -49.5883 61.9295 5
    endloop
  endfacet
  facet normal 0.788039 0.615626 0
    outer loop
      vertex -39.6459 62.2767 5
      vertex -39.9037 62.6067 0
      vertex -39.9037 62.6067 5
    endloop
  endfacet
  facet normal 0.788039 0.615626 0
    outer loop
      vertex -39.9037 62.6067 0
      vertex -39.6459 62.2767 5
      vertex -39.6459 62.2767 0
    endloop
  endfacet
  facet normal 0.970297 0.241917 0
    outer loop
      vertex -38.6311 59.9975 5
      vertex -38.7324 60.4038 0
      vertex -38.7324 60.4038 5
    endloop
  endfacet
  facet normal 0.970297 0.241917 0
    outer loop
      vertex -38.7324 60.4038 0
      vertex -38.6311 59.9975 5
      vertex -38.6311 59.9975 0
    endloop
  endfacet
  facet normal 0.92717 0.374641 0
    outer loop
      vertex -38.8618 60.8021 5
      vertex -39.0187 61.1904 0
      vertex -39.0187 61.1904 5
    endloop
  endfacet
  facet normal 0.92717 0.374641 0
    outer loop
      vertex -39.0187 61.1904 0
      vertex -38.8618 60.8021 5
      vertex -38.8618 60.8021 0
    endloop
  endfacet
  facet normal 0 1 -0
    outer loop
      vertex -44.2906 64.7463 0
      vertex -44.7094 64.7463 5
      vertex -44.2906 64.7463 5
    endloop
  endfacet
  facet normal 0 1 0
    outer loop
      vertex -44.7094 64.7463 5
      vertex -44.2906 64.7463 0
      vertex -44.7094 64.7463 0
    endloop
  endfacet
  facet normal -0.898778 -0.438405 0
    outer loop
      vertex -49.7977 -61.5668 0
      vertex -49.9813 -61.1904 5
      vertex -49.9813 -61.1904 0
    endloop
  endfacet
  facet normal -0.898778 -0.438405 0
    outer loop
      vertex -49.9813 -61.1904 5
      vertex -49.7977 -61.5668 0
      vertex -49.7977 -61.5668 5
    endloop
  endfacet
  facet normal 0.92717 -0.374641 0
    outer loop
      vertex -39.0187 -61.1904 5
      vertex -38.8618 -60.8021 0
      vertex -38.8618 -60.8021 5
    endloop
  endfacet
  facet normal 0.92717 -0.374641 0
    outer loop
      vertex -38.8618 -60.8021 0
      vertex -39.0187 -61.1904 5
      vertex -39.0187 -61.1904 0
    endloop
  endfacet
  facet normal 0.694825 0.719179 -0
    outer loop
      vertex -40.184 62.9179 0
      vertex -40.4852 63.2089 5
      vertex -40.184 62.9179 5
    endloop
  endfacet
  facet normal 0.694825 0.719179 0
    outer loop
      vertex -40.4852 63.2089 5
      vertex -40.184 62.9179 0
      vertex -40.4852 63.2089 0
    endloop
  endfacet
  facet normal -0.275762 -0.961226 0
    outer loop
      vertex -46.3541 -64.4563 0
      vertex -45.9515 -64.5718 5
      vertex -46.3541 -64.4563 5
    endloop
  endfacet
  facet normal -0.275762 -0.961226 -0
    outer loop
      vertex -45.9515 -64.5718 5
      vertex -46.3541 -64.4563 0
      vertex -45.9515 -64.5718 0
    endloop
  endfacet
  facet normal -0.469423 -0.882973 0
    outer loop
      vertex -47.5 -63.9462 0
      vertex -47.1302 -64.1428 5
      vertex -47.5 -63.9462 5
    endloop
  endfacet
  facet normal -0.469423 -0.882973 -0
    outer loop
      vertex -47.1302 -64.1428 5
      vertex -47.5 -63.9462 0
      vertex -47.1302 -64.1428 0
    endloop
  endfacet
  facet normal 0.898778 -0.438405 0
    outer loop
      vertex -39.2023 -61.5668 5
      vertex -39.0187 -61.1904 0
      vertex -39.0187 -61.1904 5
    endloop
  endfacet
  facet normal 0.898778 -0.438405 0
    outer loop
      vertex -39.0187 -61.1904 0
      vertex -39.2023 -61.5668 5
      vertex -39.2023 -61.5668 0
    endloop
  endfacet
  facet normal -0.951067 -0.308983 0
    outer loop
      vertex -50.1382 -60.8021 0
      vertex -50.2676 -60.4038 5
      vertex -50.2676 -60.4038 0
    endloop
  endfacet
  facet normal -0.951067 -0.308983 0
    outer loop
      vertex -50.2676 -60.4038 5
      vertex -50.1382 -60.8021 0
      vertex -50.1382 -60.8021 5
    endloop
  endfacet
  facet normal 0.469423 -0.882973 0
    outer loop
      vertex -41.8698 -64.1428 0
      vertex -41.5 -63.9462 5
      vertex -41.8698 -64.1428 5
    endloop
  endfacet
  facet normal 0.469423 -0.882973 0
    outer loop
      vertex -41.5 -63.9462 5
      vertex -41.8698 -64.1428 0
      vertex -41.5 -63.9462 0
    endloop
  endfacet
  facet normal 0.994516 -0.104585 0
    outer loop
      vertex -38.5584 -59.585 5
      vertex -38.5146 -59.1685 0
      vertex -38.5146 -59.1685 5
    endloop
  endfacet
  facet normal 0.994516 -0.104585 0
    outer loop
      vertex -38.5146 -59.1685 0
      vertex -38.5584 -59.585 5
      vertex -38.5584 -59.585 0
    endloop
  endfacet
  facet normal -0.92717 -0.374641 0
    outer loop
      vertex -49.9813 -61.1904 0
      vertex -50.1382 -60.8021 5
      vertex -50.1382 -60.8021 0
    endloop
  endfacet
  facet normal -0.92717 -0.374641 0
    outer loop
      vertex -50.1382 -60.8021 5
      vertex -49.9813 -61.1904 0
      vertex -49.9813 -61.1904 5
    endloop
  endfacet
  facet normal -0.999392 -0.0348653 0
    outer loop
      vertex -50.4854 -59.1685 0
      vertex -50.5 -58.75 5
      vertex -50.5 -58.75 0
    endloop
  endfacet
  facet normal -0.999392 -0.0348653 0
    outer loop
      vertex -50.5 -58.75 5
      vertex -50.4854 -59.1685 0
      vertex -50.4854 -59.1685 5
    endloop
  endfacet
  facet normal 0.529999 -0.847998 0
    outer loop
      vertex -41.5 -63.9462 0
      vertex -41.1448 -63.7242 5
      vertex -41.5 -63.9462 5
    endloop
  endfacet
  facet normal 0.529999 -0.847998 0
    outer loop
      vertex -41.1448 -63.7242 5
      vertex -41.5 -63.9462 0
      vertex -41.1448 -63.7242 0
    endloop
  endfacet
  facet normal -0.642811 -0.766025 0
    outer loop
      vertex -48.5148 -63.2089 0
      vertex -48.194 -63.4781 5
      vertex -48.5148 -63.2089 5
    endloop
  endfacet
  facet normal -0.642811 -0.766025 -0
    outer loop
      vertex -48.194 -63.4781 5
      vertex -48.5148 -63.2089 0
      vertex -48.194 -63.4781 0
    endloop
  endfacet
  facet normal -0.994516 -0.104585 0
    outer loop
      vertex -50.4416 -59.585 0
      vertex -50.4854 -59.1685 5
      vertex -50.4854 -59.1685 0
    endloop
  endfacet
  facet normal -0.994516 -0.104585 0
    outer loop
      vertex -50.4854 -59.1685 5
      vertex -50.4416 -59.585 0
      vertex -50.4416 -59.585 5
    endloop
  endfacet
  facet normal 0.743033 -0.669255 0
    outer loop
      vertex -40.184 -62.9179 5
      vertex -39.9037 -62.6067 0
      vertex -39.9037 -62.6067 5
    endloop
  endfacet
  facet normal 0.743033 -0.669255 0
    outer loop
      vertex -39.9037 -62.6067 0
      vertex -40.184 -62.9179 5
      vertex -40.184 -62.9179 0
    endloop
  endfacet
  facet normal 0.341973 -0.93971 0
    outer loop
      vertex -42.6459 -64.4563 0
      vertex -42.2524 -64.3131 5
      vertex -42.6459 -64.4563 5
    endloop
  endfacet
  facet normal 0.341973 -0.93971 0
    outer loop
      vertex -42.2524 -64.3131 5
      vertex -42.6459 -64.4563 0
      vertex -42.2524 -64.3131 0
    endloop
  endfacet
  facet normal -0.829026 -0.55921 0
    outer loop
      vertex -49.3541 -62.2767 0
      vertex -49.5883 -61.9295 5
      vertex -49.5883 -61.9295 0
    endloop
  endfacet
  facet normal -0.829026 -0.55921 0
    outer loop
      vertex -49.5883 -61.9295 5
      vertex -49.3541 -62.2767 0
      vertex -49.3541 -62.2767 5
    endloop
  endfacet
  facet normal 0.999392 0.0348653 0
    outer loop
      vertex -38.5 58.75 5
      vertex -38.5146 59.1685 0
      vertex -38.5146 59.1685 5
    endloop
  endfacet
  facet normal 0.999392 0.0348653 0
    outer loop
      vertex -38.5146 59.1685 0
      vertex -38.5 58.75 5
      vertex -38.5 58.75 0
    endloop
  endfacet
  facet normal -0.866031 -0.499991 0
    outer loop
      vertex -49.5883 -61.9295 0
      vertex -49.7977 -61.5668 5
      vertex -49.7977 -61.5668 0
    endloop
  endfacet
  facet normal -0.866031 -0.499991 0
    outer loop
      vertex -49.7977 -61.5668 5
      vertex -49.5883 -61.9295 0
      vertex -49.5883 -61.9295 5
    endloop
  endfacet
  facet normal -0.406648 -0.913585 0
    outer loop
      vertex -47.1302 -64.1428 0
      vertex -46.7476 -64.3131 5
      vertex -47.1302 -64.1428 5
    endloop
  endfacet
  facet normal -0.406648 -0.913585 -0
    outer loop
      vertex -46.7476 -64.3131 5
      vertex -47.1302 -64.1428 0
      vertex -46.7476 -64.3131 0
    endloop
  endfacet
  facet normal 0.994516 0.104585 0
    outer loop
      vertex -38.5146 59.1685 5
      vertex -38.5584 59.585 0
      vertex -38.5584 59.585 5
    endloop
  endfacet
  facet normal 0.994516 0.104585 0
    outer loop
      vertex -38.5584 59.585 0
      vertex -38.5146 59.1685 5
      vertex -38.5146 59.1685 0
    endloop
  endfacet
  facet normal 0.139215 -0.990262 0
    outer loop
      vertex -43.8728 -64.7171 0
      vertex -43.4581 -64.6588 5
      vertex -43.8728 -64.7171 5
    endloop
  endfacet
  facet normal 0.139215 -0.990262 0
    outer loop
      vertex -43.4581 -64.6588 5
      vertex -43.8728 -64.7171 0
      vertex -43.4581 -64.6588 0
    endloop
  endfacet
  facet normal 0.829026 0.55921 0
    outer loop
      vertex -39.4117 61.9295 5
      vertex -39.6459 62.2767 0
      vertex -39.6459 62.2767 5
    endloop
  endfacet
  facet normal 0.829026 0.55921 0
    outer loop
      vertex -39.6459 62.2767 0
      vertex -39.4117 61.9295 5
      vertex -39.4117 61.9295 0
    endloop
  endfacet
  facet normal -0.341973 -0.93971 0
    outer loop
      vertex -46.7476 -64.3131 0
      vertex -46.3541 -64.4563 5
      vertex -46.7476 -64.3131 5
    endloop
  endfacet
  facet normal -0.341973 -0.93971 -0
    outer loop
      vertex -46.3541 -64.4563 5
      vertex -46.7476 -64.3131 0
      vertex -46.3541 -64.4563 0
    endloop
  endfacet
  facet normal -0.984822 -0.173567 0
    outer loop
      vertex -50.3689 -59.9975 0
      vertex -50.4416 -59.585 5
      vertex -50.4416 -59.585 0
    endloop
  endfacet
  facet normal -0.984822 -0.173567 0
    outer loop
      vertex -50.4416 -59.585 5
      vertex -50.3689 -59.9975 0
      vertex -50.3689 -59.9975 5
    endloop
  endfacet
  facet normal 0.341973 0.93971 -0
    outer loop
      vertex -42.2524 64.3131 0
      vertex -42.6459 64.4563 5
      vertex -42.2524 64.3131 5
    endloop
  endfacet
  facet normal 0.341973 0.93971 0
    outer loop
      vertex -42.6459 64.4563 5
      vertex -42.2524 64.3131 0
      vertex -42.6459 64.4563 0
    endloop
  endfacet
  facet normal -0.92717 0.374641 0
    outer loop
      vertex -50.1382 60.8021 0
      vertex -49.9813 61.1904 5
      vertex -49.9813 61.1904 0
    endloop
  endfacet
  facet normal -0.92717 0.374641 0
    outer loop
      vertex -49.9813 61.1904 5
      vertex -50.1382 60.8021 0
      vertex -50.1382 60.8021 5
    endloop
  endfacet
  facet normal 0.0697198 0.997567 -0
    outer loop
      vertex -43.8728 64.7171 0
      vertex -44.2906 64.7463 5
      vertex -43.8728 64.7171 5
    endloop
  endfacet
  facet normal 0.0697198 0.997567 0
    outer loop
      vertex -44.2906 64.7463 5
      vertex -43.8728 64.7171 0
      vertex -44.2906 64.7463 0
    endloop
  endfacet
  facet normal 0.139215 0.990262 -0
    outer loop
      vertex -43.4581 64.6588 0
      vertex -43.8728 64.7171 5
      vertex -43.4581 64.6588 5
    endloop
  endfacet
  facet normal 0.139215 0.990262 0
    outer loop
      vertex -43.8728 64.7171 5
      vertex -43.4581 64.6588 0
      vertex -43.8728 64.7171 0
    endloop
  endfacet
  facet normal -0.898778 0.438405 0
    outer loop
      vertex -49.9813 61.1904 0
      vertex -49.7977 61.5668 5
      vertex -49.7977 61.5668 0
    endloop
  endfacet
  facet normal -0.898778 0.438405 0
    outer loop
      vertex -49.7977 61.5668 5
      vertex -49.9813 61.1904 0
      vertex -49.9813 61.1904 5
    endloop
  endfacet
  facet normal 0.207767 0.978178 -0
    outer loop
      vertex -43.0485 64.5718 0
      vertex -43.4581 64.6588 5
      vertex -43.0485 64.5718 5
    endloop
  endfacet
  facet normal 0.207767 0.978178 0
    outer loop
      vertex -43.4581 64.6588 5
      vertex -43.0485 64.5718 0
      vertex -43.4581 64.6588 0
    endloop
  endfacet
  facet normal -0.0697198 0.997567 0
    outer loop
      vertex -44.7094 64.7463 0
      vertex -45.1272 64.7171 5
      vertex -44.7094 64.7463 5
    endloop
  endfacet
  facet normal -0.0697198 0.997567 0
    outer loop
      vertex -45.1272 64.7171 5
      vertex -44.7094 64.7463 0
      vertex -45.1272 64.7171 0
    endloop
  endfacet
  facet normal 0.275762 0.961226 -0
    outer loop
      vertex -42.6459 64.4563 0
      vertex -43.0485 64.5718 5
      vertex -42.6459 64.4563 5
    endloop
  endfacet
  facet normal 0.275762 0.961226 0
    outer loop
      vertex -43.0485 64.5718 5
      vertex -42.6459 64.4563 0
      vertex -43.0485 64.5718 0
    endloop
  endfacet
  facet normal -0.788039 -0.615626 0
    outer loop
      vertex -49.0963 -62.6067 0
      vertex -49.3541 -62.2767 5
      vertex -49.3541 -62.2767 0
    endloop
  endfacet
  facet normal -0.788039 -0.615626 0
    outer loop
      vertex -49.3541 -62.2767 5
      vertex -49.0963 -62.6067 0
      vertex -49.0963 -62.6067 5
    endloop
  endfacet
  facet normal -0.207767 0.978178 0
    outer loop
      vertex -45.5419 64.6588 0
      vertex -45.9515 64.5718 5
      vertex -45.5419 64.6588 5
    endloop
  endfacet
  facet normal -0.207767 0.978178 0
    outer loop
      vertex -45.9515 64.5718 5
      vertex -45.5419 64.6588 0
      vertex -45.9515 64.5718 0
    endloop
  endfacet
  facet normal 0.406648 -0.913585 0
    outer loop
      vertex -42.2524 -64.3131 0
      vertex -41.8698 -64.1428 5
      vertex -42.2524 -64.3131 5
    endloop
  endfacet
  facet normal 0.406648 -0.913585 0
    outer loop
      vertex -41.8698 -64.1428 5
      vertex -42.2524 -64.3131 0
      vertex -41.8698 -64.1428 0
    endloop
  endfacet
  facet normal -0.642811 0.766025 0
    outer loop
      vertex -48.194 63.4781 0
      vertex -48.5148 63.2089 5
      vertex -48.194 63.4781 5
    endloop
  endfacet
  facet normal -0.642811 0.766025 0
    outer loop
      vertex -48.5148 63.2089 5
      vertex -48.194 63.4781 0
      vertex -48.5148 63.2089 0
    endloop
  endfacet
  facet normal 0.866031 -0.499991 0
    outer loop
      vertex -39.4117 -61.9295 5
      vertex -39.2023 -61.5668 0
      vertex -39.2023 -61.5668 5
    endloop
  endfacet
  facet normal 0.866031 -0.499991 0
    outer loop
      vertex -39.2023 -61.5668 0
      vertex -39.4117 -61.9295 5
      vertex -39.4117 -61.9295 0
    endloop
  endfacet
  facet normal -0.866031 0.499991 0
    outer loop
      vertex -49.7977 61.5668 0
      vertex -49.5883 61.9295 5
      vertex -49.5883 61.9295 0
    endloop
  endfacet
  facet normal -0.866031 0.499991 0
    outer loop
      vertex -49.5883 61.9295 5
      vertex -49.7977 61.5668 0
      vertex -49.7977 61.5668 5
    endloop
  endfacet
  facet normal 0.694825 -0.719179 0
    outer loop
      vertex -40.4852 -63.2089 0
      vertex -40.184 -62.9179 5
      vertex -40.4852 -63.2089 5
    endloop
  endfacet
  facet normal 0.694825 -0.719179 0
    outer loop
      vertex -40.184 -62.9179 5
      vertex -40.4852 -63.2089 0
      vertex -40.184 -62.9179 0
    endloop
  endfacet
  facet normal -0.788039 0.615626 0
    outer loop
      vertex -49.3541 62.2767 0
      vertex -49.0963 62.6067 5
      vertex -49.0963 62.6067 0
    endloop
  endfacet
  facet normal -0.788039 0.615626 0
    outer loop
      vertex -49.0963 62.6067 5
      vertex -49.3541 62.2767 0
      vertex -49.3541 62.2767 5
    endloop
  endfacet
  facet normal -0.587703 0.809077 0
    outer loop
      vertex -47.8552 63.7242 0
      vertex -48.194 63.4781 5
      vertex -47.8552 63.7242 5
    endloop
  endfacet
  facet normal -0.587703 0.809077 0
    outer loop
      vertex -48.194 63.4781 5
      vertex -47.8552 63.7242 0
      vertex -48.194 63.4781 0
    endloop
  endfacet
  facet normal -0.743033 -0.669255 0
    outer loop
      vertex -48.816 -62.9179 0
      vertex -49.0963 -62.6067 5
      vertex -49.0963 -62.6067 0
    endloop
  endfacet
  facet normal -0.743033 -0.669255 0
    outer loop
      vertex -49.0963 -62.6067 5
      vertex -48.816 -62.9179 0
      vertex -48.816 -62.9179 5
    endloop
  endfacet
  facet normal -0.694825 -0.719179 0
    outer loop
      vertex -48.816 -62.9179 0
      vertex -48.5148 -63.2089 5
      vertex -48.816 -62.9179 5
    endloop
  endfacet
  facet normal -0.694825 -0.719179 -0
    outer loop
      vertex -48.5148 -63.2089 5
      vertex -48.816 -62.9179 0
      vertex -48.5148 -63.2089 0
    endloop
  endfacet
  facet normal -0.970297 0.241917 0
    outer loop
      vertex -50.3689 59.9975 0
      vertex -50.2676 60.4038 5
      vertex -50.2676 60.4038 0
    endloop
  endfacet
  facet normal -0.970297 0.241917 0
    outer loop
      vertex -50.2676 60.4038 5
      vertex -50.3689 59.9975 0
      vertex -50.3689 59.9975 5
    endloop
  endfacet
  facet normal -0.139215 0.990262 0
    outer loop
      vertex -45.1272 64.7171 0
      vertex -45.5419 64.6588 5
      vertex -45.1272 64.7171 5
    endloop
  endfacet
  facet normal -0.139215 0.990262 0
    outer loop
      vertex -45.5419 64.6588 5
      vertex -45.1272 64.7171 0
      vertex -45.5419 64.6588 0
    endloop
  endfacet
  facet normal 0.642811 0.766025 -0
    outer loop
      vertex -40.4852 63.2089 0
      vertex -40.806 63.4781 5
      vertex -40.4852 63.2089 5
    endloop
  endfacet
  facet normal 0.642811 0.766025 0
    outer loop
      vertex -40.806 63.4781 5
      vertex -40.4852 63.2089 0
      vertex -40.806 63.4781 0
    endloop
  endfacet
  facet normal -0.587703 -0.809077 0
    outer loop
      vertex -48.194 -63.4781 0
      vertex -47.8552 -63.7242 5
      vertex -48.194 -63.4781 5
    endloop
  endfacet
  facet normal -0.587703 -0.809077 -0
    outer loop
      vertex -47.8552 -63.7242 5
      vertex -48.194 -63.4781 0
      vertex -47.8552 -63.7242 0
    endloop
  endfacet
  facet normal -0.529999 -0.847998 0
    outer loop
      vertex -47.8552 -63.7242 0
      vertex -47.5 -63.9462 5
      vertex -47.8552 -63.7242 5
    endloop
  endfacet
  facet normal -0.529999 -0.847998 -0
    outer loop
      vertex -47.5 -63.9462 5
      vertex -47.8552 -63.7242 0
      vertex -47.5 -63.9462 0
    endloop
  endfacet
  facet normal 0.866031 0.499991 0
    outer loop
      vertex -39.2023 61.5668 5
      vertex -39.4117 61.9295 0
      vertex -39.4117 61.9295 5
    endloop
  endfacet
  facet normal 0.866031 0.499991 0
    outer loop
      vertex -39.4117 61.9295 0
      vertex -39.2023 61.5668 5
      vertex -39.2023 61.5668 0
    endloop
  endfacet
  facet normal 0.207767 -0.978178 0
    outer loop
      vertex -43.4581 -64.6588 0
      vertex -43.0485 -64.5718 5
      vertex -43.4581 -64.6588 5
    endloop
  endfacet
  facet normal 0.207767 -0.978178 0
    outer loop
      vertex -43.0485 -64.5718 5
      vertex -43.4581 -64.6588 0
      vertex -43.0485 -64.5718 0
    endloop
  endfacet
  facet normal 0.743033 0.669255 0
    outer loop
      vertex -39.9037 62.6067 5
      vertex -40.184 62.9179 0
      vertex -40.184 62.9179 5
    endloop
  endfacet
  facet normal 0.743033 0.669255 0
    outer loop
      vertex -40.184 62.9179 0
      vertex -39.9037 62.6067 5
      vertex -39.9037 62.6067 0
    endloop
  endfacet
  facet normal 0.275762 -0.961226 0
    outer loop
      vertex -43.0485 -64.5718 0
      vertex -42.6459 -64.4563 5
      vertex -43.0485 -64.5718 5
    endloop
  endfacet
  facet normal 0.275762 -0.961226 0
    outer loop
      vertex -42.6459 -64.4563 5
      vertex -43.0485 -64.5718 0
      vertex -42.6459 -64.4563 0
    endloop
  endfacet
  facet normal -0.341973 0.93971 0
    outer loop
      vertex -46.3541 64.4563 0
      vertex -46.7476 64.3131 5
      vertex -46.3541 64.4563 5
    endloop
  endfacet
  facet normal -0.341973 0.93971 0
    outer loop
      vertex -46.7476 64.3131 5
      vertex -46.3541 64.4563 0
      vertex -46.7476 64.3131 0
    endloop
  endfacet
  facet normal 0.406648 0.913585 -0
    outer loop
      vertex -41.8698 64.1428 0
      vertex -42.2524 64.3131 5
      vertex -41.8698 64.1428 5
    endloop
  endfacet
  facet normal 0.406648 0.913585 0
    outer loop
      vertex -42.2524 64.3131 5
      vertex -41.8698 64.1428 0
      vertex -42.2524 64.3131 0
    endloop
  endfacet
  facet normal -0.406648 0.913585 0
    outer loop
      vertex -46.7476 64.3131 0
      vertex -47.1302 64.1428 5
      vertex -46.7476 64.3131 5
    endloop
  endfacet
  facet normal -0.406648 0.913585 0
    outer loop
      vertex -47.1302 64.1428 5
      vertex -46.7476 64.3131 0
      vertex -47.1302 64.1428 0
    endloop
  endfacet
  facet normal -0.139215 -0.990262 0
    outer loop
      vertex -45.5419 -64.6588 0
      vertex -45.1272 -64.7171 5
      vertex -45.5419 -64.6588 5
    endloop
  endfacet
  facet normal -0.139215 -0.990262 -0
    outer loop
      vertex -45.1272 -64.7171 5
      vertex -45.5419 -64.6588 0
      vertex -45.1272 -64.7171 0
    endloop
  endfacet
  facet normal 0.642811 -0.766025 0
    outer loop
      vertex -40.806 -63.4781 0
      vertex -40.4852 -63.2089 5
      vertex -40.806 -63.4781 5
    endloop
  endfacet
  facet normal 0.642811 -0.766025 0
    outer loop
      vertex -40.4852 -63.2089 5
      vertex -40.806 -63.4781 0
      vertex -40.4852 -63.2089 0
    endloop
  endfacet
  facet normal 0.984822 -0.173567 0
    outer loop
      vertex -38.6311 -59.9975 5
      vertex -38.5584 -59.585 0
      vertex -38.5584 -59.585 5
    endloop
  endfacet
  facet normal 0.984822 -0.173567 0
    outer loop
      vertex -38.5584 -59.585 0
      vertex -38.6311 -59.9975 5
      vertex -38.6311 -59.9975 0
    endloop
  endfacet
  facet normal -0.951067 0.308983 0
    outer loop
      vertex -50.2676 60.4038 0
      vertex -50.1382 60.8021 5
      vertex -50.1382 60.8021 0
    endloop
  endfacet
  facet normal -0.951067 0.308983 0
    outer loop
      vertex -50.1382 60.8021 5
      vertex -50.2676 60.4038 0
      vertex -50.2676 60.4038 5
    endloop
  endfacet
  facet normal 0.984822 0.173567 0
    outer loop
      vertex -38.5584 59.585 5
      vertex -38.6311 59.9975 0
      vertex -38.6311 59.9975 5
    endloop
  endfacet
  facet normal 0.984822 0.173567 0
    outer loop
      vertex -38.6311 59.9975 0
      vertex -38.5584 59.585 5
      vertex -38.5584 59.585 0
    endloop
  endfacet
  facet normal 0.951067 -0.308983 0
    outer loop
      vertex -38.8618 -60.8021 5
      vertex -38.7324 -60.4038 0
      vertex -38.7324 -60.4038 5
    endloop
  endfacet
  facet normal 0.951067 -0.308983 0
    outer loop
      vertex -38.7324 -60.4038 0
      vertex -38.8618 -60.8021 5
      vertex -38.8618 -60.8021 0
    endloop
  endfacet
  facet normal 0.951067 0.308983 0
    outer loop
      vertex -38.7324 60.4038 5
      vertex -38.8618 60.8021 0
      vertex -38.8618 60.8021 5
    endloop
  endfacet
  facet normal 0.951067 0.308983 0
    outer loop
      vertex -38.8618 60.8021 0
      vertex -38.7324 60.4038 5
      vertex -38.7324 60.4038 0
    endloop
  endfacet
  facet normal -0.469423 0.882973 0
    outer loop
      vertex -47.1302 64.1428 0
      vertex -47.5 63.9462 5
      vertex -47.1302 64.1428 5
    endloop
  endfacet
  facet normal -0.469423 0.882973 0
    outer loop
      vertex -47.5 63.9462 5
      vertex -47.1302 64.1428 0
      vertex -47.5 63.9462 0
    endloop
  endfacet
  facet normal -0.529999 0.847998 0
    outer loop
      vertex -47.5 63.9462 0
      vertex -47.8552 63.7242 5
      vertex -47.5 63.9462 5
    endloop
  endfacet
  facet normal -0.529999 0.847998 0
    outer loop
      vertex -47.8552 63.7242 5
      vertex -47.5 63.9462 0
      vertex -47.8552 63.7242 0
    endloop
  endfacet
  facet normal 0.788039 -0.615626 0
    outer loop
      vertex -39.9037 -62.6067 5
      vertex -39.6459 -62.2767 0
      vertex -39.6459 -62.2767 5
    endloop
  endfacet
  facet normal 0.788039 -0.615626 0
    outer loop
      vertex -39.6459 -62.2767 0
      vertex -39.9037 -62.6067 5
      vertex -39.9037 -62.6067 0
    endloop
  endfacet
  facet normal 0 -1 0
    outer loop
      vertex -44.7094 -64.7463 0
      vertex -44.2906 -64.7463 5
      vertex -44.7094 -64.7463 5
    endloop
  endfacet
  facet normal 0 -1 -0
    outer loop
      vertex -44.2906 -64.7463 5
      vertex -44.7094 -64.7463 0
      vertex -44.2906 -64.7463 0
    endloop
  endfacet
  facet normal 0.529999 0.847998 -0
    outer loop
      vertex -41.1448 63.7242 0
      vertex -41.5 63.9462 5
      vertex -41.1448 63.7242 5
    endloop
  endfacet
  facet normal 0.529999 0.847998 0
    outer loop
      vertex -41.5 63.9462 5
      vertex -41.1448 63.7242 0
      vertex -41.5 63.9462 0
    endloop
  endfacet
  facet normal 0.898778 0.438405 0
    outer loop
      vertex -39.0187 61.1904 5
      vertex -39.2023 61.5668 0
      vertex -39.2023 61.5668 5
    endloop
  endfacet
  facet normal 0.898778 0.438405 0
    outer loop
      vertex -39.2023 61.5668 0
      vertex -39.0187 61.1904 5
      vertex -39.0187 61.1904 0
    endloop
  endfacet
  facet normal -0.0697198 -0.997567 0
    outer loop
      vertex -45.1272 -64.7171 0
      vertex -44.7094 -64.7463 5
      vertex -45.1272 -64.7171 5
    endloop
  endfacet
  facet normal -0.0697198 -0.997567 -0
    outer loop
      vertex -44.7094 -64.7463 5
      vertex -45.1272 -64.7171 0
      vertex -44.7094 -64.7463 0
    endloop
  endfacet
  facet normal 0.469423 0.882973 -0
    outer loop
      vertex -41.5 63.9462 0
      vertex -41.8698 64.1428 5
      vertex -41.5 63.9462 5
    endloop
  endfacet
  facet normal 0.469423 0.882973 0
    outer loop
      vertex -41.8698 64.1428 5
      vertex -41.5 63.9462 0
      vertex -41.8698 64.1428 0
    endloop
  endfacet
  facet normal -0.207767 -0.978178 0
    outer loop
      vertex -45.9515 -64.5718 0
      vertex -45.5419 -64.6588 5
      vertex -45.9515 -64.5718 5
    endloop
  endfacet
  facet normal -0.207767 -0.978178 -0
    outer loop
      vertex -45.5419 -64.6588 5
      vertex -45.9515 -64.5718 0
      vertex -45.5419 -64.6588 0
    endloop
  endfacet
  facet normal 0.829026 -0.55921 0
    outer loop
      vertex -39.6459 -62.2767 5
      vertex -39.4117 -61.9295 0
      vertex -39.4117 -61.9295 5
    endloop
  endfacet
  facet normal 0.829026 -0.55921 0
    outer loop
      vertex -39.4117 -61.9295 0
      vertex -39.6459 -62.2767 5
      vertex -39.6459 -62.2767 0
    endloop
  endfacet
  facet normal 0 0 1
    outer loop
      vertex -38.5584 59.585 5
      vertex -42.5158 59.2817 5
      vertex -42.4458 58.75 5
    endloop
  endfacet
  facet normal 0 0 1
    outer loop
      vertex -43.9683 60.7342 5
      vertex -42.2524 64.3131 5
      vertex -42.6459 64.4563 5
    endloop
  endfacet
  facet normal 0 0 1
    outer loop
      vertex -41.8698 64.1428 5
      vertex -42.721 59.7771 5
      vertex -42.5158 59.2817 5
    endloop
  endfacet
  facet normal 0 0 1
    outer loop
      vertex -41.8698 64.1428 5
      vertex -43.0475 60.2025 5
      vertex -42.721 59.7771 5
    endloop
  endfacet
  facet normal 0 0 1
    outer loop
      vertex -43.9683 60.7342 5
      vertex -42.6459 64.4563 5
      vertex -43.0485 64.5718 5
    endloop
  endfacet
  facet normal 0 0 1
    outer loop
      vertex -43.9683 60.7342 5
      vertex -43.0485 64.5718 5
      vertex -43.4581 64.6588 5
    endloop
  endfacet
  facet normal 0 0 1
    outer loop
      vertex -41.8698 64.1428 5
      vertex -43.4729 60.529 5
      vertex -43.0475 60.2025 5
    endloop
  endfacet
  facet normal 0 0 1
    outer loop
      vertex -43.9683 60.7342 5
      vertex -43.4581 64.6588 5
      vertex -43.8728 64.7171 5
    endloop
  endfacet
  facet normal 0 0 1
    outer loop
      vertex -42.2524 64.3131 5
      vertex -43.9683 60.7342 5
      vertex -43.4729 60.529 5
    endloop
  endfacet
  facet normal 0 0 1
    outer loop
      vertex -44.5 60.8042 5
      vertex -43.8728 64.7171 5
      vertex -44.2906 64.7463 5
    endloop
  endfacet
  facet normal 0 0 1
    outer loop
      vertex -43.8728 64.7171 5
      vertex -44.5 60.8042 5
      vertex -43.9683 60.7342 5
    endloop
  endfacet
  facet normal -0 0 1
    outer loop
      vertex -44.7094 64.7463 5
      vertex -44.5 60.8042 5
      vertex -44.2906 64.7463 5
    endloop
  endfacet
  facet normal -0 0 1
    outer loop
      vertex -45.1272 64.7171 5
      vertex -44.5 60.8042 5
      vertex -44.7094 64.7463 5
    endloop
  endfacet
  facet normal 0 0 1
    outer loop
      vertex -44.5 60.8042 5
      vertex -45.1272 64.7171 5
      vertex -45.0317 60.7342 5
    endloop
  endfacet
  facet normal -0 0 1
    outer loop
      vertex -45.5419 64.6588 5
      vertex -45.0317 60.7342 5
      vertex -45.1272 64.7171 5
    endloop
  endfacet
  facet normal -0 0 1
    outer loop
      vertex -45.9515 64.5718 5
      vertex -45.0317 60.7342 5
      vertex -45.5419 64.6588 5
    endloop
  endfacet
  facet normal -0 0 1
    outer loop
      vertex -46.3541 64.4563 5
      vertex -45.0317 60.7342 5
      vertex -45.9515 64.5718 5
    endloop
  endfacet
  facet normal -0 0 1
    outer loop
      vertex -46.7476 64.3131 5
      vertex -45.0317 60.7342 5
      vertex -46.3541 64.4563 5
    endloop
  endfacet
  facet normal 0 0 1
    outer loop
      vertex -45.0317 60.7342 5
      vertex -46.7476 64.3131 5
      vertex -45.5271 60.529 5
    endloop
  endfacet
  facet normal -0 0 1
    outer loop
      vertex -47.1302 64.1428 5
      vertex -45.5271 60.529 5
      vertex -46.7476 64.3131 5
    endloop
  endfacet
  facet normal -0 0 1
    outer loop
      vertex -47.5 63.9462 5
      vertex -45.5271 60.529 5
      vertex -47.1302 64.1428 5
    endloop
  endfacet
  facet normal -0 0 1
    outer loop
      vertex -47.8552 63.7242 5
      vertex -45.5271 60.529 5
      vertex -47.5 63.9462 5
    endloop
  endfacet
  facet normal -0 0 1
    outer loop
      vertex -48.194 63.4781 5
      vertex -45.5271 60.529 5
      vertex -47.8552 63.7242 5
    endloop
  endfacet
  facet normal 0 0 1
    outer loop
      vertex -42.4458 58.75 5
      vertex -38.5 58.75 5
      vertex -38.5146 59.1685 5
    endloop
  endfacet
  facet normal 0 0 1
    outer loop
      vertex -42.4458 58.75 5
      vertex -38.5146 59.1685 5
      vertex -38.5584 59.585 5
    endloop
  endfacet
  facet normal 0 0 1
    outer loop
      vertex -42.5158 59.2817 5
      vertex -38.5584 59.585 5
      vertex -38.6311 59.9975 5
    endloop
  endfacet
  facet normal 0 0 1
    outer loop
      vertex -42.5158 59.2817 5
      vertex -38.6311 59.9975 5
      vertex -38.7324 60.4038 5
    endloop
  endfacet
  facet normal 0 0 1
    outer loop
      vertex -42.5158 59.2817 5
      vertex -38.7324 60.4038 5
      vertex -38.8618 60.8021 5
    endloop
  endfacet
  facet normal 0 0 1
    outer loop
      vertex -42.5158 59.2817 5
      vertex -38.8618 60.8021 5
      vertex -39.0187 61.1904 5
    endloop
  endfacet
  facet normal 0 0 1
    outer loop
      vertex -42.5158 59.2817 5
      vertex -39.0187 61.1904 5
      vertex -39.2023 61.5668 5
    endloop
  endfacet
  facet normal 0 0 1
    outer loop
      vertex -42.5158 59.2817 5
      vertex -39.2023 61.5668 5
      vertex -39.4117 61.9295 5
    endloop
  endfacet
  facet normal 0 0 1
    outer loop
      vertex -42.5158 59.2817 5
      vertex -39.4117 61.9295 5
      vertex -39.6459 62.2767 5
    endloop
  endfacet
  facet normal 0 0 1
    outer loop
      vertex -42.5158 59.2817 5
      vertex -39.6459 62.2767 5
      vertex -39.9037 62.6067 5
    endloop
  endfacet
  facet normal 0 0 1
    outer loop
      vertex -42.5158 59.2817 5
      vertex -39.9037 62.6067 5
      vertex -40.184 62.9179 5
    endloop
  endfacet
  facet normal 0 0 1
    outer loop
      vertex -42.5158 59.2817 5
      vertex -40.184 62.9179 5
      vertex -40.4852 63.2089 5
    endloop
  endfacet
  facet normal 0 0 1
    outer loop
      vertex -42.5158 59.2817 5
      vertex -40.4852 63.2089 5
      vertex -40.806 63.4781 5
    endloop
  endfacet
  facet normal 0 0 1
    outer loop
      vertex -42.5158 59.2817 5
      vertex -40.806 63.4781 5
      vertex -41.1448 63.7242 5
    endloop
  endfacet
  facet normal 0 0 1
    outer loop
      vertex -42.5158 59.2817 5
      vertex -41.1448 63.7242 5
      vertex -41.5 63.9462 5
    endloop
  endfacet
  facet normal 0 0 1
    outer loop
      vertex -42.5158 59.2817 5
      vertex -41.5 63.9462 5
      vertex -41.8698 64.1428 5
    endloop
  endfacet
  facet normal 0 0 1
    outer loop
      vertex -43.4729 60.529 5
      vertex -41.8698 64.1428 5
      vertex -42.2524 64.3131 5
    endloop
  endfacet
  facet normal 0 0 1
    outer loop
      vertex -38.5 58.75 5
      vertex -42.4458 58.75 5
      vertex -42.5158 58.2183 5
    endloop
  endfacet
  facet normal 0 0 1
    outer loop
      vertex -38.5 58.75 5
      vertex -42.5158 58.2183 5
      vertex -42.721 57.7229 5
    endloop
  endfacet
  facet normal 0 0 1
    outer loop
      vertex -38.5 58.75 5
      vertex -42.721 57.7229 5
      vertex -38.5 52.7479 5
    endloop
  endfacet
  facet normal -0 0 1
    outer loop
      vertex -43.0475 57.2975 5
      vertex -38.5 52.7479 5
      vertex -42.721 57.7229 5
    endloop
  endfacet
  facet normal -0 0 1
    outer loop
      vertex -43.4729 56.971 5
      vertex -38.5 52.7479 5
      vertex -43.0475 57.2975 5
    endloop
  endfacet
  facet normal -0 0 1
    outer loop
      vertex -43.9683 56.7658 5
      vertex -38.5 52.7479 5
      vertex -43.4729 56.971 5
    endloop
  endfacet
  facet normal -0 0 1
    outer loop
      vertex -44.5 56.6958 5
      vertex -38.5 52.7479 5
      vertex -43.9683 56.7658 5
    endloop
  endfacet
  facet normal 0 0 1
    outer loop
      vertex -50.5 52.7479 5
      vertex -44.5 56.6958 5
      vertex -45.0317 56.7658 5
    endloop
  endfacet
  facet normal 0 0 1
    outer loop
      vertex -50.5 52.7479 5
      vertex -45.0317 56.7658 5
      vertex -45.5271 56.971 5
    endloop
  endfacet
  facet normal 0 0 1
    outer loop
      vertex -45.5271 60.529 5
      vertex -48.194 63.4781 5
      vertex -45.9525 60.2025 5
    endloop
  endfacet
  facet normal -0 0 1
    outer loop
      vertex -48.5148 63.2089 5
      vertex -45.9525 60.2025 5
      vertex -48.194 63.4781 5
    endloop
  endfacet
  facet normal -0 0 1
    outer loop
      vertex -48.816 62.9179 5
      vertex -45.9525 60.2025 5
      vertex -48.5148 63.2089 5
    endloop
  endfacet
  facet normal -0 0 1
    outer loop
      vertex -49.0963 62.6067 5
      vertex -45.9525 60.2025 5
      vertex -48.816 62.9179 5
    endloop
  endfacet
  facet normal -0 0 1
    outer loop
      vertex -49.3541 62.2767 5
      vertex -45.9525 60.2025 5
      vertex -49.0963 62.6067 5
    endloop
  endfacet
  facet normal 0 0 1
    outer loop
      vertex -45.9525 60.2025 5
      vertex -49.3541 62.2767 5
      vertex -46.279 59.7771 5
    endloop
  endfacet
  facet normal -0 0 1
    outer loop
      vertex -49.5883 61.9295 5
      vertex -46.279 59.7771 5
      vertex -49.3541 62.2767 5
    endloop
  endfacet
  facet normal -0 0 1
    outer loop
      vertex -49.7977 61.5668 5
      vertex -46.279 59.7771 5
      vertex -49.5883 61.9295 5
    endloop
  endfacet
  facet normal -0 0 1
    outer loop
      vertex -49.9813 61.1904 5
      vertex -46.279 59.7771 5
      vertex -49.7977 61.5668 5
    endloop
  endfacet
  facet normal 0 0 1
    outer loop
      vertex -46.279 59.7771 5
      vertex -49.9813 61.1904 5
      vertex -46.4842 59.2817 5
    endloop
  endfacet
  facet normal -0 0 1
    outer loop
      vertex -50.1382 60.8021 5
      vertex -46.4842 59.2817 5
      vertex -49.9813 61.1904 5
    endloop
  endfacet
  facet normal -0 0 1
    outer loop
      vertex -50.2676 60.4038 5
      vertex -46.4842 59.2817 5
      vertex -50.1382 60.8021 5
    endloop
  endfacet
  facet normal -0 0 1
    outer loop
      vertex -50.3689 59.9975 5
      vertex -46.4842 59.2817 5
      vertex -50.2676 60.4038 5
    endloop
  endfacet
  facet normal -0 0 1
    outer loop
      vertex -50.4416 59.585 5
      vertex -46.4842 59.2817 5
      vertex -50.3689 59.9975 5
    endloop
  endfacet
  facet normal 0 0 1
    outer loop
      vertex -46.4842 59.2817 5
      vertex -50.4416 59.585 5
      vertex -46.5542 58.75 5
    endloop
  endfacet
  facet normal -0 0 1
    outer loop
      vertex -50.4854 59.1685 5
      vertex -46.5542 58.75 5
      vertex -50.4416 59.585 5
    endloop
  endfacet
  facet normal 0 0 1
    outer loop
      vertex -50.5 58.75 5
      vertex -46.5542 58.75 5
      vertex -50.4854 59.1685 5
    endloop
  endfacet
  facet normal 0 0 1
    outer loop
      vertex -46.5542 58.75 5
      vertex -50.5 58.75 5
      vertex -46.4842 58.2183 5
    endloop
  endfacet
  facet normal 0 0 1
    outer loop
      vertex -46.4842 58.2183 5
      vertex -50.5 58.75 5
      vertex -46.279 57.7229 5
    endloop
  endfacet
  facet normal 0 0 1
    outer loop
      vertex -50.5 52.7479 5
      vertex -46.279 57.7229 5
      vertex -50.5 58.75 5
    endloop
  endfacet
  facet normal 0 0 1
    outer loop
      vertex -46.279 57.7229 5
      vertex -50.5 52.7479 5
      vertex -45.9525 57.2975 5
    endloop
  endfacet
  facet normal 0 0 1
    outer loop
      vertex -45.9525 57.2975 5
      vertex -50.5 52.7479 5
      vertex -45.5271 56.971 5
    endloop
  endfacet
  facet normal 0 0 1
    outer loop
      vertex -44.5 56.6958 5
      vertex -50.5 52.7479 5
      vertex -38.5 52.7479 5
    endloop
  endfacet
  facet normal -0 0 1
    outer loop
      vertex -42.721 -57.7229 5
      vertex -38.5 -58.75 5
      vertex -38.5 -52.7479 5
    endloop
  endfacet
  facet normal -0 -0 1
    outer loop
      vertex -42.5158 -58.2183 5
      vertex -38.5 -58.75 5
      vertex -42.721 -57.7229 5
    endloop
  endfacet
  facet normal 0 -0 1
    outer loop
      vertex -42.4458 -58.75 5
      vertex -38.5 -58.75 5
      vertex -42.5158 -58.2183 5
    endloop
  endfacet
  facet normal 0 0 1
    outer loop
      vertex -38.5 -58.75 5
      vertex -42.4458 -58.75 5
      vertex -38.5146 -59.1685 5
    endloop
  endfacet
  facet normal -0 0 1
    outer loop
      vertex -42.5158 -59.2817 5
      vertex -38.5584 -59.585 5
      vertex -42.4458 -58.75 5
    endloop
  endfacet
  facet normal 0 0 1
    outer loop
      vertex -38.5584 -59.585 5
      vertex -42.5158 -59.2817 5
      vertex -38.6311 -59.9975 5
    endloop
  endfacet
  facet normal 0 0 1
    outer loop
      vertex -38.6311 -59.9975 5
      vertex -42.5158 -59.2817 5
      vertex -38.7324 -60.4038 5
    endloop
  endfacet
  facet normal 0 0 1
    outer loop
      vertex -38.7324 -60.4038 5
      vertex -42.5158 -59.2817 5
      vertex -38.8618 -60.8021 5
    endloop
  endfacet
  facet normal 0 0 1
    outer loop
      vertex -38.8618 -60.8021 5
      vertex -42.5158 -59.2817 5
      vertex -39.0187 -61.1904 5
    endloop
  endfacet
  facet normal -0 0 1
    outer loop
      vertex -42.721 -59.7771 5
      vertex -39.0187 -61.1904 5
      vertex -42.5158 -59.2817 5
    endloop
  endfacet
  facet normal 0 0 1
    outer loop
      vertex -39.2023 -61.5668 5
      vertex -42.721 -59.7771 5
      vertex -39.4117 -61.9295 5
    endloop
  endfacet
  facet normal 0 0 1
    outer loop
      vertex -39.4117 -61.9295 5
      vertex -42.721 -59.7771 5
      vertex -39.6459 -62.2767 5
    endloop
  endfacet
  facet normal -0 0 1
    outer loop
      vertex -43.0475 -60.2025 5
      vertex -39.6459 -62.2767 5
      vertex -42.721 -59.7771 5
    endloop
  endfacet
  facet normal 0 0 1
    outer loop
      vertex -39.6459 -62.2767 5
      vertex -43.0475 -60.2025 5
      vertex -39.9037 -62.6067 5
    endloop
  endfacet
  facet normal 0 0 1
    outer loop
      vertex -39.9037 -62.6067 5
      vertex -43.0475 -60.2025 5
      vertex -40.184 -62.9179 5
    endloop
  endfacet
  facet normal 0 0 1
    outer loop
      vertex -40.184 -62.9179 5
      vertex -43.0475 -60.2025 5
      vertex -40.4852 -63.2089 5
    endloop
  endfacet
  facet normal -0 0 1
    outer loop
      vertex -43.4729 -60.529 5
      vertex -40.806 -63.4781 5
      vertex -43.0475 -60.2025 5
    endloop
  endfacet
  facet normal 0 0 1
    outer loop
      vertex -40.4852 -63.2089 5
      vertex -43.0475 -60.2025 5
      vertex -40.806 -63.4781 5
    endloop
  endfacet
  facet normal 0 0 1
    outer loop
      vertex -39.0187 -61.1904 5
      vertex -42.721 -59.7771 5
      vertex -39.2023 -61.5668 5
    endloop
  endfacet
  facet normal 0 0 1
    outer loop
      vertex -38.5146 -59.1685 5
      vertex -42.4458 -58.75 5
      vertex -38.5584 -59.585 5
    endloop
  endfacet
  facet normal 0 0 1
    outer loop
      vertex -38.5 -52.7479 5
      vertex -43.0475 -57.2975 5
      vertex -42.721 -57.7229 5
    endloop
  endfacet
  facet normal 0 0 1
    outer loop
      vertex -38.5 -52.7479 5
      vertex -43.4729 -56.971 5
      vertex -43.0475 -57.2975 5
    endloop
  endfacet
  facet normal 0 0 1
    outer loop
      vertex -38.5 -52.7479 5
      vertex -43.9683 -56.7658 5
      vertex -43.4729 -56.971 5
    endloop
  endfacet
  facet normal 0 0 1
    outer loop
      vertex -38.5 -52.7479 5
      vertex -44.5 -56.6958 5
      vertex -43.9683 -56.7658 5
    endloop
  endfacet
  facet normal -0 0 1
    outer loop
      vertex -50.5 -52.7479 5
      vertex -44.5 -56.6958 5
      vertex -38.5 -52.7479 5
    endloop
  endfacet
  facet normal 0 0 1
    outer loop
      vertex -44.5 -56.6958 5
      vertex -50.5 -52.7479 5
      vertex -45.0317 -56.7658 5
    endloop
  endfacet
  facet normal 0 0 1
    outer loop
      vertex -45.5271 -60.529 5
      vertex -47.1302 -64.1428 5
      vertex -46.7476 -64.3131 5
    endloop
  endfacet
  facet normal 0 0 1
    outer loop
      vertex -46.4842 -59.2817 5
      vertex -47.5 -63.9462 5
      vertex -47.1302 -64.1428 5
    endloop
  endfacet
  facet normal 0 0 1
    outer loop
      vertex -50.5 -58.75 5
      vertex -46.5542 -58.75 5
      vertex -46.4842 -58.2183 5
    endloop
  endfacet
  facet normal 0 0 1
    outer loop
      vertex -46.4842 -59.2817 5
      vertex -47.8552 -63.7242 5
      vertex -47.5 -63.9462 5
    endloop
  endfacet
  facet normal 0 0 1
    outer loop
      vertex -46.4842 -59.2817 5
      vertex -48.194 -63.4781 5
      vertex -47.8552 -63.7242 5
    endloop
  endfacet
  facet normal 0 0 1
    outer loop
      vertex -46.4842 -59.2817 5
      vertex -48.5148 -63.2089 5
      vertex -48.194 -63.4781 5
    endloop
  endfacet
  facet normal 0 0 1
    outer loop
      vertex -46.4842 -59.2817 5
      vertex -48.816 -62.9179 5
      vertex -48.5148 -63.2089 5
    endloop
  endfacet
  facet normal 0 0 1
    outer loop
      vertex -50.5 -58.75 5
      vertex -46.4842 -58.2183 5
      vertex -46.279 -57.7229 5
    endloop
  endfacet
  facet normal 0 0 1
    outer loop
      vertex -46.4842 -59.2817 5
      vertex -49.0963 -62.6067 5
      vertex -48.816 -62.9179 5
    endloop
  endfacet
  facet normal 0 0 1
    outer loop
      vertex -46.4842 -59.2817 5
      vertex -49.3541 -62.2767 5
      vertex -49.0963 -62.6067 5
    endloop
  endfacet
  facet normal 0 0 1
    outer loop
      vertex -46.4842 -59.2817 5
      vertex -49.5883 -61.9295 5
      vertex -49.3541 -62.2767 5
    endloop
  endfacet
  facet normal 0 0 1
    outer loop
      vertex -50.5 -52.7479 5
      vertex -46.279 -57.7229 5
      vertex -45.9525 -57.2975 5
    endloop
  endfacet
  facet normal 0 0 1
    outer loop
      vertex -46.4842 -59.2817 5
      vertex -49.7977 -61.5668 5
      vertex -49.5883 -61.9295 5
    endloop
  endfacet
  facet normal 0 0 1
    outer loop
      vertex -46.4842 -59.2817 5
      vertex -49.9813 -61.1904 5
      vertex -49.7977 -61.5668 5
    endloop
  endfacet
  facet normal 0 0 1
    outer loop
      vertex -46.4842 -59.2817 5
      vertex -50.1382 -60.8021 5
      vertex -49.9813 -61.1904 5
    endloop
  endfacet
  facet normal 0 0 1
    outer loop
      vertex -46.4842 -59.2817 5
      vertex -50.2676 -60.4038 5
      vertex -50.1382 -60.8021 5
    endloop
  endfacet
  facet normal 0 0 1
    outer loop
      vertex -50.5 -52.7479 5
      vertex -45.9525 -57.2975 5
      vertex -45.5271 -56.971 5
    endloop
  endfacet
  facet normal 0 0 1
    outer loop
      vertex -46.4842 -59.2817 5
      vertex -50.3689 -59.9975 5
      vertex -50.2676 -60.4038 5
    endloop
  endfacet
  facet normal 0 0 1
    outer loop
      vertex -46.4842 -59.2817 5
      vertex -50.4416 -59.585 5
      vertex -50.3689 -59.9975 5
    endloop
  endfacet
  facet normal 0 0 1
    outer loop
      vertex -45.0317 -56.7658 5
      vertex -50.5 -52.7479 5
      vertex -45.5271 -56.971 5
    endloop
  endfacet
  facet normal 0 0 1
    outer loop
      vertex -46.5542 -58.75 5
      vertex -50.5 -58.75 5
      vertex -50.4854 -59.1685 5
    endloop
  endfacet
  facet normal 0 0 1
    outer loop
      vertex -46.279 -57.7229 5
      vertex -50.5 -52.7479 5
      vertex -50.5 -58.75 5
    endloop
  endfacet
  facet normal 0 0 1
    outer loop
      vertex -46.5542 -58.75 5
      vertex -50.4854 -59.1685 5
      vertex -50.4416 -59.585 5
    endloop
  endfacet
  facet normal 0 0 1
    outer loop
      vertex -40.806 -63.4781 5
      vertex -43.4729 -60.529 5
      vertex -41.1448 -63.7242 5
    endloop
  endfacet
  facet normal 0 0 1
    outer loop
      vertex -41.1448 -63.7242 5
      vertex -43.4729 -60.529 5
      vertex -41.5 -63.9462 5
    endloop
  endfacet
  facet normal 0 0 1
    outer loop
      vertex -41.5 -63.9462 5
      vertex -43.4729 -60.529 5
      vertex -41.8698 -64.1428 5
    endloop
  endfacet
  facet normal 0 0 1
    outer loop
      vertex -41.8698 -64.1428 5
      vertex -43.4729 -60.529 5
      vertex -42.2524 -64.3131 5
    endloop
  endfacet
  facet normal -0 0 1
    outer loop
      vertex -43.9683 -60.7342 5
      vertex -42.2524 -64.3131 5
      vertex -43.4729 -60.529 5
    endloop
  endfacet
  facet normal 0 0 1
    outer loop
      vertex -42.2524 -64.3131 5
      vertex -43.9683 -60.7342 5
      vertex -42.6459 -64.4563 5
    endloop
  endfacet
  facet normal 0 0 1
    outer loop
      vertex -42.6459 -64.4563 5
      vertex -43.9683 -60.7342 5
      vertex -43.0485 -64.5718 5
    endloop
  endfacet
  facet normal 0 0 1
    outer loop
      vertex -43.0485 -64.5718 5
      vertex -43.9683 -60.7342 5
      vertex -43.4581 -64.6588 5
    endloop
  endfacet
  facet normal 0 0 1
    outer loop
      vertex -43.4581 -64.6588 5
      vertex -43.9683 -60.7342 5
      vertex -43.8728 -64.7171 5
    endloop
  endfacet
  facet normal -0 0 1
    outer loop
      vertex -44.5 -60.8042 5
      vertex -43.8728 -64.7171 5
      vertex -43.9683 -60.7342 5
    endloop
  endfacet
  facet normal 0 0 1
    outer loop
      vertex -43.8728 -64.7171 5
      vertex -44.5 -60.8042 5
      vertex -44.2906 -64.7463 5
    endloop
  endfacet
  facet normal 0 0 1
    outer loop
      vertex -44.5 -60.8042 5
      vertex -44.7094 -64.7463 5
      vertex -44.2906 -64.7463 5
    endloop
  endfacet
  facet normal 0 0 1
    outer loop
      vertex -45.1272 -64.7171 5
      vertex -44.5 -60.8042 5
      vertex -45.0317 -60.7342 5
    endloop
  endfacet
  facet normal 0 0 1
    outer loop
      vertex -44.5 -60.8042 5
      vertex -45.1272 -64.7171 5
      vertex -44.7094 -64.7463 5
    endloop
  endfacet
  facet normal 0 0 1
    outer loop
      vertex -46.7476 -64.3131 5
      vertex -45.0317 -60.7342 5
      vertex -45.5271 -60.529 5
    endloop
  endfacet
  facet normal 0 0 1
    outer loop
      vertex -45.0317 -60.7342 5
      vertex -45.5419 -64.6588 5
      vertex -45.1272 -64.7171 5
    endloop
  endfacet
  facet normal 0 0 1
    outer loop
      vertex -45.0317 -60.7342 5
      vertex -45.9515 -64.5718 5
      vertex -45.5419 -64.6588 5
    endloop
  endfacet
  facet normal 0 0 1
    outer loop
      vertex -47.1302 -64.1428 5
      vertex -45.5271 -60.529 5
      vertex -45.9525 -60.2025 5
    endloop
  endfacet
  facet normal 0 0 1
    outer loop
      vertex -47.1302 -64.1428 5
      vertex -45.9525 -60.2025 5
      vertex -46.279 -59.7771 5
    endloop
  endfacet
  facet normal 0 0 1
    outer loop
      vertex -45.0317 -60.7342 5
      vertex -46.3541 -64.4563 5
      vertex -45.9515 -64.5718 5
    endloop
  endfacet
  facet normal 0 0 1
    outer loop
      vertex -47.1302 -64.1428 5
      vertex -46.279 -59.7771 5
      vertex -46.4842 -59.2817 5
    endloop
  endfacet
  facet normal 0 0 1
    outer loop
      vertex -50.4416 -59.585 5
      vertex -46.4842 -59.2817 5
      vertex -46.5542 -58.75 5
    endloop
  endfacet
  facet normal 0 0 1
    outer loop
      vertex -45.0317 -60.7342 5
      vertex -46.7476 -64.3131 5
      vertex -46.3541 -64.4563 5
    endloop
  endfacet
  facet normal 0 0 1
    outer loop
      vertex -54.5 -49.25 19.6
      vertex -53.25 -49.25 19.6
      vertex -53.25 -38.75 19.6
    endloop
  endfacet
  facet normal 0 -0 1
    outer loop
      vertex -54.4915 -49.4941 19.6
      vertex -53.25 -49.25 19.6
      vertex -54.5 -49.25 19.6
    endloop
  endfacet
  facet normal 0 0 1
    outer loop
      vertex -53.25 -49.25 19.6
      vertex -53.5177 -51.6813 19.6
      vertex -53.342 -51.851 19.6
    endloop
  endfacet
  facet normal 0 0 1
    outer loop
      vertex -53.25 -49.25 19.6
      vertex -53.6812 -51.4998 19.6
      vertex -53.5177 -51.6813 19.6
    endloop
  endfacet
  facet normal 0 0 1
    outer loop
      vertex -53.25 -49.25 19.6
      vertex -53.8316 -51.3072 19.6
      vertex -53.6812 -51.4998 19.6
    endloop
  endfacet
  facet normal 0 0 1
    outer loop
      vertex -53.25 -49.25 19.6
      vertex -53.9682 -51.1047 19.6
      vertex -53.8316 -51.3072 19.6
    endloop
  endfacet
  facet normal 0 0 1
    outer loop
      vertex -53.25 -49.25 19.6
      vertex -54.0903 -50.8932 19.6
      vertex -53.9682 -51.1047 19.6
    endloop
  endfacet
  facet normal 0 0 1
    outer loop
      vertex -53.25 -49.25 19.6
      vertex -54.1974 -50.6736 19.6
      vertex -54.0903 -50.8932 19.6
    endloop
  endfacet
  facet normal 0 0 1
    outer loop
      vertex -53.25 -49.25 19.6
      vertex -54.2889 -50.4471 19.6
      vertex -54.1974 -50.6736 19.6
    endloop
  endfacet
  facet normal 0 0 1
    outer loop
      vertex -53.25 -49.25 19.6
      vertex -54.3644 -50.2147 19.6
      vertex -54.2889 -50.4471 19.6
    endloop
  endfacet
  facet normal 0 0 1
    outer loop
      vertex -53.25 -49.25 19.6
      vertex -54.4235 -49.9777 19.6
      vertex -54.3644 -50.2147 19.6
    endloop
  endfacet
  facet normal 0 0 1
    outer loop
      vertex -53.25 -49.25 19.6
      vertex -54.4659 -49.7371 19.6
      vertex -54.4235 -49.9777 19.6
    endloop
  endfacet
  facet normal 0 0 1
    outer loop
      vertex -54.5 -49.25 19.6
      vertex -53.25 -38.75 19.6
      vertex -54.5 -38.75 19.6
    endloop
  endfacet
  facet normal 0 0 1
    outer loop
      vertex -53.25 -49.25 19.6
      vertex -54.4915 -49.4941 19.6
      vertex -54.4659 -49.7371 19.6
    endloop
  endfacet
  facet normal 0 0 1
    outer loop
      vertex 53.25 -49.25 19.6
      vertex 54.5 -49.25 19.6
      vertex 54.5 6.25 19.6
    endloop
  endfacet
  facet normal 0 0 1
    outer loop
      vertex 54.5 -49.25 19.6
      vertex 53.25 -49.25 19.6
      vertex 54.4915 -49.4941 19.6
    endloop
  endfacet
  facet normal -0 0 1
    outer loop
      vertex 53.2445 -49.407 19.6
      vertex 54.4915 -49.4941 19.6
      vertex 53.25 -49.25 19.6
    endloop
  endfacet
  facet normal 0 0 1
    outer loop
      vertex 54.4915 -49.4941 19.6
      vertex 53.2445 -49.407 19.6
      vertex 54.4659 -49.7371 19.6
    endloop
  endfacet
  facet normal -0 0 1
    outer loop
      vertex 53.2281 -49.5631 19.6
      vertex 54.4659 -49.7371 19.6
      vertex 53.2445 -49.407 19.6
    endloop
  endfacet
  facet normal 0 0 1
    outer loop
      vertex 54.4659 -49.7371 19.6
      vertex 53.2281 -49.5631 19.6
      vertex 54.4235 -49.9777 19.6
    endloop
  endfacet
  facet normal -0 0 1
    outer loop
      vertex 53.2008 -49.7178 19.6
      vertex 54.4235 -49.9777 19.6
      vertex 53.2281 -49.5631 19.6
    endloop
  endfacet
  facet normal 0 0 1
    outer loop
      vertex 54.4235 -49.9777 19.6
      vertex 53.2008 -49.7178 19.6
      vertex 54.3644 -50.2147 19.6
    endloop
  endfacet
  facet normal -0 0 1
    outer loop
      vertex 53.1628 -49.8702 19.6
      vertex 54.3644 -50.2147 19.6
      vertex 53.2008 -49.7178 19.6
    endloop
  endfacet
  facet normal 0 0 1
    outer loop
      vertex 54.3644 -50.2147 19.6
      vertex 53.1628 -49.8702 19.6
      vertex 54.2889 -50.4471 19.6
    endloop
  endfacet
  facet normal -0 0 1
    outer loop
      vertex 53.1143 -50.0195 19.6
      vertex 54.2889 -50.4471 19.6
      vertex 53.1628 -49.8702 19.6
    endloop
  endfacet
  facet normal 0 0 1
    outer loop
      vertex 54.2889 -50.4471 19.6
      vertex 53.1143 -50.0195 19.6
      vertex 54.1974 -50.6736 19.6
    endloop
  endfacet
  facet normal 0 0 1
    outer loop
      vertex 53.25 -49.25 19.6
      vertex 54.5 6.25 19.6
      vertex 53.25 6.25 19.6
    endloop
  endfacet
  facet normal -0 0 1
    outer loop
      vertex 53.0555 -50.1652 19.6
      vertex 54.1974 -50.6736 19.6
      vertex 53.1143 -50.0195 19.6
    endloop
  endfacet
  facet normal 0 0 1
    outer loop
      vertex 54.1974 -50.6736 19.6
      vertex 53.0555 -50.1652 19.6
      vertex 54.0903 -50.8932 19.6
    endloop
  endfacet
  facet normal -0 0 1
    outer loop
      vertex 52.9866 -50.3063 19.6
      vertex 54.0903 -50.8932 19.6
      vertex 53.0555 -50.1652 19.6
    endloop
  endfacet
  facet normal 0 0 1
    outer loop
      vertex 54.0903 -50.8932 19.6
      vertex 52.9866 -50.3063 19.6
      vertex 53.9682 -51.1047 19.6
    endloop
  endfacet
  facet normal -0 0 1
    outer loop
      vertex 52.9081 -50.4423 19.6
      vertex 53.9682 -51.1047 19.6
      vertex 52.9866 -50.3063 19.6
    endloop
  endfacet
  facet normal 0 0 1
    outer loop
      vertex 53.9682 -51.1047 19.6
      vertex 52.9081 -50.4423 19.6
      vertex 53.8316 -51.3072 19.6
    endloop
  endfacet
  facet normal -0 0 1
    outer loop
      vertex 52.8203 -50.5725 19.6
      vertex 53.8316 -51.3072 19.6
      vertex 52.9081 -50.4423 19.6
    endloop
  endfacet
  facet normal 0 0 1
    outer loop
      vertex 53.8316 -51.3072 19.6
      vertex 52.8203 -50.5725 19.6
      vertex 53.6812 -51.4998 19.6
    endloop
  endfacet
  facet normal -0 0 1
    outer loop
      vertex 52.7236 -50.6963 19.6
      vertex 53.6812 -51.4998 19.6
      vertex 52.8203 -50.5725 19.6
    endloop
  endfacet
  facet normal 0 0 1
    outer loop
      vertex 53.6812 -51.4998 19.6
      vertex 52.7236 -50.6963 19.6
      vertex 53.5177 -51.6813 19.6
    endloop
  endfacet
  facet normal -0 0 1
    outer loop
      vertex 52.6185 -50.813 19.6
      vertex 53.5177 -51.6813 19.6
      vertex 52.7236 -50.6963 19.6
    endloop
  endfacet
  facet normal 0 0 1
    outer loop
      vertex 53.5177 -51.6813 19.6
      vertex 52.6185 -50.813 19.6
      vertex 53.342 -51.851 19.6
    endloop
  endfacet
  facet normal -0 0 1
    outer loop
      vertex 52.5055 -50.9221 19.6
      vertex 53.342 -51.851 19.6
      vertex 52.6185 -50.813 19.6
    endloop
  endfacet
  facet normal 0 0 1
    outer loop
      vertex 53.342 -51.851 19.6
      vertex 52.5055 -50.9221 19.6
      vertex 53.1548 -52.008 19.6
    endloop
  endfacet
  facet normal -0 0 1
    outer loop
      vertex 52.3852 -51.023 19.6
      vertex 53.1548 -52.008 19.6
      vertex 52.5055 -50.9221 19.6
    endloop
  endfacet
  facet normal 0 0 1
    outer loop
      vertex 53.1548 -52.008 19.6
      vertex 52.3852 -51.023 19.6
      vertex 52.9572 -52.1516 19.6
    endloop
  endfacet
  facet normal -0 0 1
    outer loop
      vertex 52.2582 -51.1153 19.6
      vertex 52.9572 -52.1516 19.6
      vertex 52.3852 -51.023 19.6
    endloop
  endfacet
  facet normal 0 0 1
    outer loop
      vertex 52.9572 -52.1516 19.6
      vertex 52.2582 -51.1153 19.6
      vertex 52.75 -52.2811 19.6
    endloop
  endfacet
  facet normal -0 0 1
    outer loop
      vertex 52.125 -51.1986 19.6
      vertex 52.75 -52.2811 19.6
      vertex 52.2582 -51.1153 19.6
    endloop
  endfacet
  facet normal 0 0 1
    outer loop
      vertex 52.75 -52.2811 19.6
      vertex 52.125 -51.1986 19.6
      vertex 52.5343 -52.3958 19.6
    endloop
  endfacet
  facet normal -0 0 1
    outer loop
      vertex 51.9863 -51.2723 19.6
      vertex 52.5343 -52.3958 19.6
      vertex 52.125 -51.1986 19.6
    endloop
  endfacet
  facet normal 0 0 1
    outer loop
      vertex 52.5343 -52.3958 19.6
      vertex 51.9863 -51.2723 19.6
      vertex 52.3111 -52.4951 19.6
    endloop
  endfacet
  facet normal -0 0 1
    outer loop
      vertex 51.8429 -51.3362 19.6
      vertex 52.3111 -52.4951 19.6
      vertex 51.9863 -51.2723 19.6
    endloop
  endfacet
  facet normal 0 0 1
    outer loop
      vertex 52.3111 -52.4951 19.6
      vertex 51.8429 -51.3362 19.6
      vertex 52.0816 -52.5787 19.6
    endloop
  endfacet
  facet normal -0 0 1
    outer loop
      vertex 51.6953 -51.3899 19.6
      vertex 52.0816 -52.5787 19.6
      vertex 51.8429 -51.3362 19.6
    endloop
  endfacet
  facet normal 0 0 1
    outer loop
      vertex 52.0816 -52.5787 19.6
      vertex 51.6953 -51.3899 19.6
      vertex 51.8467 -52.646 19.6
    endloop
  endfacet
  facet normal -0 0 1
    outer loop
      vertex 51.5443 -51.4332 19.6
      vertex 51.8467 -52.646 19.6
      vertex 51.6953 -51.3899 19.6
    endloop
  endfacet
  facet normal 0 0 1
    outer loop
      vertex 51.8467 -52.646 19.6
      vertex 51.5443 -51.4332 19.6
      vertex 51.6078 -52.6968 19.6
    endloop
  endfacet
  facet normal -0 0 1
    outer loop
      vertex 51.3907 -51.4658 19.6
      vertex 51.6078 -52.6968 19.6
      vertex 51.5443 -51.4332 19.6
    endloop
  endfacet
  facet normal 0 0 1
    outer loop
      vertex 51.3907 -51.4658 19.6
      vertex 51.3658 -52.7308 19.6
      vertex 51.6078 -52.6968 19.6
    endloop
  endfacet
  facet normal -0 0 1
    outer loop
      vertex 51.2352 -51.4877 19.6
      vertex 51.3658 -52.7308 19.6
      vertex 51.3907 -51.4658 19.6
    endloop
  endfacet
  facet normal 0 0 1
    outer loop
      vertex 51.2352 -51.4877 19.6
      vertex 51.1221 -52.7479 19.6
      vertex 51.3658 -52.7308 19.6
    endloop
  endfacet
  facet normal -0 0 1
    outer loop
      vertex 51.0785 -51.4986 19.6
      vertex 51.1221 -52.7479 19.6
      vertex 51.2352 -51.4877 19.6
    endloop
  endfacet
  facet normal -0 0 1
    outer loop
      vertex -51.0785 -51.4986 19.6
      vertex 51.1221 -52.7479 19.6
      vertex 51.0785 -51.4986 19.6
    endloop
  endfacet
  facet normal 0 0 1
    outer loop
      vertex -51.0785 -51.4986 19.6
      vertex -51.1221 -52.7479 19.6
      vertex 51.1221 -52.7479 19.6
    endloop
  endfacet
  facet normal 0 0 1
    outer loop
      vertex -51.2352 -51.4877 19.6
      vertex -51.1221 -52.7479 19.6
      vertex -51.0785 -51.4986 19.6
    endloop
  endfacet
  facet normal 0 0 1
    outer loop
      vertex -51.2352 -51.4877 19.6
      vertex -51.3658 -52.7308 19.6
      vertex -51.1221 -52.7479 19.6
    endloop
  endfacet
  facet normal 0 0 1
    outer loop
      vertex -51.3907 -51.4658 19.6
      vertex -51.3658 -52.7308 19.6
      vertex -51.2352 -51.4877 19.6
    endloop
  endfacet
  facet normal 0 0 1
    outer loop
      vertex -51.6078 -52.6968 19.6
      vertex -51.3907 -51.4658 19.6
      vertex -51.5443 -51.4332 19.6
    endloop
  endfacet
  facet normal 0 0 1
    outer loop
      vertex -51.3907 -51.4658 19.6
      vertex -51.6078 -52.6968 19.6
      vertex -51.3658 -52.7308 19.6
    endloop
  endfacet
  facet normal 0 0 1
    outer loop
      vertex -51.8467 -52.646 19.6
      vertex -51.5443 -51.4332 19.6
      vertex -51.6953 -51.3899 19.6
    endloop
  endfacet
  facet normal 0 0 1
    outer loop
      vertex -52.0816 -52.5787 19.6
      vertex -51.6953 -51.3899 19.6
      vertex -51.8429 -51.3362 19.6
    endloop
  endfacet
  facet normal 0 0 1
    outer loop
      vertex -51.5443 -51.4332 19.6
      vertex -51.8467 -52.646 19.6
      vertex -51.6078 -52.6968 19.6
    endloop
  endfacet
  facet normal 0 0 1
    outer loop
      vertex -52.3111 -52.4951 19.6
      vertex -51.8429 -51.3362 19.6
      vertex -51.9863 -51.2723 19.6
    endloop
  endfacet
  facet normal 0 0 1
    outer loop
      vertex -51.6953 -51.3899 19.6
      vertex -52.0816 -52.5787 19.6
      vertex -51.8467 -52.646 19.6
    endloop
  endfacet
  facet normal 0 0 1
    outer loop
      vertex -52.5343 -52.3958 19.6
      vertex -51.9863 -51.2723 19.6
      vertex -52.125 -51.1986 19.6
    endloop
  endfacet
  facet normal 0 0 1
    outer loop
      vertex -52.75 -52.2811 19.6
      vertex -52.125 -51.1986 19.6
      vertex -52.2582 -51.1153 19.6
    endloop
  endfacet
  facet normal 0 0 1
    outer loop
      vertex -51.8429 -51.3362 19.6
      vertex -52.3111 -52.4951 19.6
      vertex -52.0816 -52.5787 19.6
    endloop
  endfacet
  facet normal 0 0 1
    outer loop
      vertex -52.9572 -52.1516 19.6
      vertex -52.2582 -51.1153 19.6
      vertex -52.3852 -51.023 19.6
    endloop
  endfacet
  facet normal 0 0 1
    outer loop
      vertex -53.1548 -52.008 19.6
      vertex -52.3852 -51.023 19.6
      vertex -52.5055 -50.9221 19.6
    endloop
  endfacet
  facet normal 0 0 1
    outer loop
      vertex -51.9863 -51.2723 19.6
      vertex -52.5343 -52.3958 19.6
      vertex -52.3111 -52.4951 19.6
    endloop
  endfacet
  facet normal 0 0 1
    outer loop
      vertex -53.342 -51.851 19.6
      vertex -52.5055 -50.9221 19.6
      vertex -52.6185 -50.813 19.6
    endloop
  endfacet
  facet normal 0 0 1
    outer loop
      vertex -53.342 -51.851 19.6
      vertex -52.6185 -50.813 19.6
      vertex -52.7236 -50.6963 19.6
    endloop
  endfacet
  facet normal 0 0 1
    outer loop
      vertex -52.125 -51.1986 19.6
      vertex -52.75 -52.2811 19.6
      vertex -52.5343 -52.3958 19.6
    endloop
  endfacet
  facet normal 0 0 1
    outer loop
      vertex -53.342 -51.851 19.6
      vertex -52.7236 -50.6963 19.6
      vertex -52.8203 -50.5725 19.6
    endloop
  endfacet
  facet normal 0 0 1
    outer loop
      vertex -53.342 -51.851 19.6
      vertex -52.8203 -50.5725 19.6
      vertex -52.9081 -50.4423 19.6
    endloop
  endfacet
  facet normal 0 0 1
    outer loop
      vertex -52.2582 -51.1153 19.6
      vertex -52.9572 -52.1516 19.6
      vertex -52.75 -52.2811 19.6
    endloop
  endfacet
  facet normal 0 0 1
    outer loop
      vertex -53.342 -51.851 19.6
      vertex -52.9081 -50.4423 19.6
      vertex -52.9866 -50.3063 19.6
    endloop
  endfacet
  facet normal 0 0 1
    outer loop
      vertex -53.342 -51.851 19.6
      vertex -52.9866 -50.3063 19.6
      vertex -53.0555 -50.1652 19.6
    endloop
  endfacet
  facet normal 0 0 1
    outer loop
      vertex -53.342 -51.851 19.6
      vertex -53.0555 -50.1652 19.6
      vertex -53.1143 -50.0195 19.6
    endloop
  endfacet
  facet normal 0 0 1
    outer loop
      vertex -52.3852 -51.023 19.6
      vertex -53.1548 -52.008 19.6
      vertex -52.9572 -52.1516 19.6
    endloop
  endfacet
  facet normal 0 0 1
    outer loop
      vertex -53.342 -51.851 19.6
      vertex -53.1143 -50.0195 19.6
      vertex -53.1628 -49.8702 19.6
    endloop
  endfacet
  facet normal 0 0 1
    outer loop
      vertex -53.342 -51.851 19.6
      vertex -53.1628 -49.8702 19.6
      vertex -53.2008 -49.7178 19.6
    endloop
  endfacet
  facet normal 0 0 1
    outer loop
      vertex -53.342 -51.851 19.6
      vertex -53.2008 -49.7178 19.6
      vertex -53.2281 -49.5631 19.6
    endloop
  endfacet
  facet normal 0 0 1
    outer loop
      vertex -53.342 -51.851 19.6
      vertex -53.2281 -49.5631 19.6
      vertex -53.2445 -49.407 19.6
    endloop
  endfacet
  facet normal 0 0 1
    outer loop
      vertex -53.342 -51.851 19.6
      vertex -53.2445 -49.407 19.6
      vertex -53.25 -49.25 19.6
    endloop
  endfacet
  facet normal 0 0 1
    outer loop
      vertex -52.5055 -50.9221 19.6
      vertex -53.342 -51.851 19.6
      vertex -53.1548 -52.008 19.6
    endloop
  endfacet
  facet normal 0 0 1
    outer loop
      vertex 54.4915 49.4941 19.6
      vertex 53.2445 49.407 19.6
      vertex 53.25 49.25 19.6
    endloop
  endfacet
  facet normal 0 0 1
    outer loop
      vertex 53.5177 51.6813 19.6
      vertex 53.2281 49.5631 19.6
      vertex 53.2445 49.407 19.6
    endloop
  endfacet
  facet normal 0 0 1
    outer loop
      vertex 53.5177 51.6813 19.6
      vertex 53.2008 49.7178 19.6
      vertex 53.2281 49.5631 19.6
    endloop
  endfacet
  facet normal 0 0 1
    outer loop
      vertex 53.5177 51.6813 19.6
      vertex 53.1628 49.8702 19.6
      vertex 53.2008 49.7178 19.6
    endloop
  endfacet
  facet normal 0 0 1
    outer loop
      vertex 52.5055 50.9221 19.6
      vertex 53.342 51.851 19.6
      vertex 53.1548 52.008 19.6
    endloop
  endfacet
  facet normal 0 0 1
    outer loop
      vertex 53.5177 51.6813 19.6
      vertex 53.1143 50.0195 19.6
      vertex 53.1628 49.8702 19.6
    endloop
  endfacet
  facet normal 0 0 1
    outer loop
      vertex 53.5177 51.6813 19.6
      vertex 53.0555 50.1652 19.6
      vertex 53.1143 50.0195 19.6
    endloop
  endfacet
  facet normal 0 0 1
    outer loop
      vertex 53.5177 51.6813 19.6
      vertex 52.9866 50.3063 19.6
      vertex 53.0555 50.1652 19.6
    endloop
  endfacet
  facet normal 0 0 1
    outer loop
      vertex 52.3852 51.023 19.6
      vertex 53.1548 52.008 19.6
      vertex 52.9572 52.1516 19.6
    endloop
  endfacet
  facet normal 0 0 1
    outer loop
      vertex 53.5177 51.6813 19.6
      vertex 52.9081 50.4423 19.6
      vertex 52.9866 50.3063 19.6
    endloop
  endfacet
  facet normal 0 0 1
    outer loop
      vertex 53.5177 51.6813 19.6
      vertex 52.8203 50.5725 19.6
      vertex 52.9081 50.4423 19.6
    endloop
  endfacet
  facet normal 0 0 1
    outer loop
      vertex 52.2582 51.1153 19.6
      vertex 52.9572 52.1516 19.6
      vertex 52.75 52.2811 19.6
    endloop
  endfacet
  facet normal 0 0 1
    outer loop
      vertex 53.5177 51.6813 19.6
      vertex 52.7236 50.6963 19.6
      vertex 52.8203 50.5725 19.6
    endloop
  endfacet
  facet normal 0 0 1
    outer loop
      vertex 53.5177 51.6813 19.6
      vertex 52.6185 50.813 19.6
      vertex 52.7236 50.6963 19.6
    endloop
  endfacet
  facet normal 0 0 1
    outer loop
      vertex 52.125 51.1986 19.6
      vertex 52.75 52.2811 19.6
      vertex 52.5343 52.3958 19.6
    endloop
  endfacet
  facet normal 0 0 1
    outer loop
      vertex 53.342 51.851 19.6
      vertex 52.5055 50.9221 19.6
      vertex 52.6185 50.813 19.6
    endloop
  endfacet
  facet normal 0 0 1
    outer loop
      vertex 53.1548 52.008 19.6
      vertex 52.3852 51.023 19.6
      vertex 52.5055 50.9221 19.6
    endloop
  endfacet
  facet normal 0 0 1
    outer loop
      vertex 51.9863 51.2723 19.6
      vertex 52.5343 52.3958 19.6
      vertex 52.3111 52.4951 19.6
    endloop
  endfacet
  facet normal 0 0 1
    outer loop
      vertex 52.9572 52.1516 19.6
      vertex 52.2582 51.1153 19.6
      vertex 52.3852 51.023 19.6
    endloop
  endfacet
  facet normal 0 0 1
    outer loop
      vertex 52.75 52.2811 19.6
      vertex 52.125 51.1986 19.6
      vertex 52.2582 51.1153 19.6
    endloop
  endfacet
  facet normal 0 0 1
    outer loop
      vertex 51.8429 51.3362 19.6
      vertex 52.3111 52.4951 19.6
      vertex 52.0816 52.5787 19.6
    endloop
  endfacet
  facet normal 0 0 1
    outer loop
      vertex 52.5343 52.3958 19.6
      vertex 51.9863 51.2723 19.6
      vertex 52.125 51.1986 19.6
    endloop
  endfacet
  facet normal 0 0 1
    outer loop
      vertex 51.6953 51.3899 19.6
      vertex 52.0816 52.5787 19.6
      vertex 51.8467 52.646 19.6
    endloop
  endfacet
  facet normal 0 0 1
    outer loop
      vertex 52.3111 52.4951 19.6
      vertex 51.8429 51.3362 19.6
      vertex 51.9863 51.2723 19.6
    endloop
  endfacet
  facet normal 0 0 1
    outer loop
      vertex 52.0816 52.5787 19.6
      vertex 51.6953 51.3899 19.6
      vertex 51.8429 51.3362 19.6
    endloop
  endfacet
  facet normal 0 0 1
    outer loop
      vertex 51.5443 51.4332 19.6
      vertex 51.8467 52.646 19.6
      vertex 51.6078 52.6968 19.6
    endloop
  endfacet
  facet normal 0 0 1
    outer loop
      vertex 51.8467 52.646 19.6
      vertex 51.5443 51.4332 19.6
      vertex 51.6953 51.3899 19.6
    endloop
  endfacet
  facet normal 0 0 1
    outer loop
      vertex 51.6078 52.6968 19.6
      vertex 51.3907 51.4658 19.6
      vertex 51.5443 51.4332 19.6
    endloop
  endfacet
  facet normal 0 0 1
    outer loop
      vertex 51.3658 52.7308 19.6
      vertex 51.3907 51.4658 19.6
      vertex 51.6078 52.6968 19.6
    endloop
  endfacet
  facet normal 0 0 1
    outer loop
      vertex 51.3658 52.7308 19.6
      vertex 51.2352 51.4877 19.6
      vertex 51.3907 51.4658 19.6
    endloop
  endfacet
  facet normal 0 0 1
    outer loop
      vertex 51.1221 52.7479 19.6
      vertex 51.2352 51.4877 19.6
      vertex 51.3658 52.7308 19.6
    endloop
  endfacet
  facet normal 0 0 1
    outer loop
      vertex 51.1221 52.7479 19.6
      vertex 51.0785 51.4986 19.6
      vertex 51.2352 51.4877 19.6
    endloop
  endfacet
  facet normal 0 0 1
    outer loop
      vertex 51.1221 52.7479 19.6
      vertex -51.0785 51.4986 19.6
      vertex 51.0785 51.4986 19.6
    endloop
  endfacet
  facet normal -0 0 1
    outer loop
      vertex -51.1221 52.7479 19.6
      vertex -51.0785 51.4986 19.6
      vertex 51.1221 52.7479 19.6
    endloop
  endfacet
  facet normal 0 0 1
    outer loop
      vertex -51.1221 52.7479 19.6
      vertex -51.2352 51.4877 19.6
      vertex -51.0785 51.4986 19.6
    endloop
  endfacet
  facet normal -0 0 1
    outer loop
      vertex -51.3658 52.7308 19.6
      vertex -51.2352 51.4877 19.6
      vertex -51.1221 52.7479 19.6
    endloop
  endfacet
  facet normal 0 0 1
    outer loop
      vertex -51.3658 52.7308 19.6
      vertex -51.3907 51.4658 19.6
      vertex -51.2352 51.4877 19.6
    endloop
  endfacet
  facet normal -0 0 1
    outer loop
      vertex -51.6078 52.6968 19.6
      vertex -51.3907 51.4658 19.6
      vertex -51.3658 52.7308 19.6
    endloop
  endfacet
  facet normal 0 0 1
    outer loop
      vertex -51.3907 51.4658 19.6
      vertex -51.6078 52.6968 19.6
      vertex -51.5443 51.4332 19.6
    endloop
  endfacet
  facet normal -0 0 1
    outer loop
      vertex -51.8467 52.646 19.6
      vertex -51.5443 51.4332 19.6
      vertex -51.6078 52.6968 19.6
    endloop
  endfacet
  facet normal 0 0 1
    outer loop
      vertex -51.5443 51.4332 19.6
      vertex -51.8467 52.646 19.6
      vertex -51.6953 51.3899 19.6
    endloop
  endfacet
  facet normal -0 0 1
    outer loop
      vertex -52.0816 52.5787 19.6
      vertex -51.6953 51.3899 19.6
      vertex -51.8467 52.646 19.6
    endloop
  endfacet
  facet normal 0 0 1
    outer loop
      vertex -51.6953 51.3899 19.6
      vertex -52.0816 52.5787 19.6
      vertex -51.8429 51.3362 19.6
    endloop
  endfacet
  facet normal -0 0 1
    outer loop
      vertex -52.3111 52.4951 19.6
      vertex -51.8429 51.3362 19.6
      vertex -52.0816 52.5787 19.6
    endloop
  endfacet
  facet normal 0 0 1
    outer loop
      vertex -51.8429 51.3362 19.6
      vertex -52.3111 52.4951 19.6
      vertex -51.9863 51.2723 19.6
    endloop
  endfacet
  facet normal -0 0 1
    outer loop
      vertex -52.5343 52.3958 19.6
      vertex -51.9863 51.2723 19.6
      vertex -52.3111 52.4951 19.6
    endloop
  endfacet
  facet normal 0 0 1
    outer loop
      vertex -51.9863 51.2723 19.6
      vertex -52.5343 52.3958 19.6
      vertex -52.125 51.1986 19.6
    endloop
  endfacet
  facet normal -0 0 1
    outer loop
      vertex -52.75 52.2811 19.6
      vertex -52.125 51.1986 19.6
      vertex -52.5343 52.3958 19.6
    endloop
  endfacet
  facet normal 0 0 1
    outer loop
      vertex -52.125 51.1986 19.6
      vertex -52.75 52.2811 19.6
      vertex -52.2582 51.1153 19.6
    endloop
  endfacet
  facet normal -0 0 1
    outer loop
      vertex -52.9572 52.1516 19.6
      vertex -52.2582 51.1153 19.6
      vertex -52.75 52.2811 19.6
    endloop
  endfacet
  facet normal 0 0 1
    outer loop
      vertex -52.2582 51.1153 19.6
      vertex -52.9572 52.1516 19.6
      vertex -52.3852 51.023 19.6
    endloop
  endfacet
  facet normal -0 0 1
    outer loop
      vertex -53.1548 52.008 19.6
      vertex -52.3852 51.023 19.6
      vertex -52.9572 52.1516 19.6
    endloop
  endfacet
  facet normal 0 0 1
    outer loop
      vertex -52.3852 51.023 19.6
      vertex -53.1548 52.008 19.6
      vertex -52.5055 50.9221 19.6
    endloop
  endfacet
  facet normal -0 0 1
    outer loop
      vertex -53.342 51.851 19.6
      vertex -52.5055 50.9221 19.6
      vertex -53.1548 52.008 19.6
    endloop
  endfacet
  facet normal 0 0 1
    outer loop
      vertex -52.5055 50.9221 19.6
      vertex -53.342 51.851 19.6
      vertex -52.6185 50.813 19.6
    endloop
  endfacet
  facet normal -0 0 1
    outer loop
      vertex -53.5177 51.6813 19.6
      vertex -52.6185 50.813 19.6
      vertex -53.342 51.851 19.6
    endloop
  endfacet
  facet normal 0 0 1
    outer loop
      vertex -52.6185 50.813 19.6
      vertex -53.5177 51.6813 19.6
      vertex -52.7236 50.6963 19.6
    endloop
  endfacet
  facet normal -0 0 1
    outer loop
      vertex -53.6812 51.4998 19.6
      vertex -52.7236 50.6963 19.6
      vertex -53.5177 51.6813 19.6
    endloop
  endfacet
  facet normal 0 0 1
    outer loop
      vertex -52.7236 50.6963 19.6
      vertex -53.6812 51.4998 19.6
      vertex -52.8203 50.5725 19.6
    endloop
  endfacet
  facet normal -0 0 1
    outer loop
      vertex -53.8316 51.3072 19.6
      vertex -52.8203 50.5725 19.6
      vertex -53.6812 51.4998 19.6
    endloop
  endfacet
  facet normal 0 0 1
    outer loop
      vertex -52.8203 50.5725 19.6
      vertex -53.8316 51.3072 19.6
      vertex -52.9081 50.4423 19.6
    endloop
  endfacet
  facet normal -0 0 1
    outer loop
      vertex -53.9682 51.1047 19.6
      vertex -52.9081 50.4423 19.6
      vertex -53.8316 51.3072 19.6
    endloop
  endfacet
  facet normal 0 0 1
    outer loop
      vertex -52.9081 50.4423 19.6
      vertex -53.9682 51.1047 19.6
      vertex -52.9866 50.3063 19.6
    endloop
  endfacet
  facet normal -0 0 1
    outer loop
      vertex -54.0903 50.8932 19.6
      vertex -52.9866 50.3063 19.6
      vertex -53.9682 51.1047 19.6
    endloop
  endfacet
  facet normal 0 0 1
    outer loop
      vertex -52.9866 50.3063 19.6
      vertex -54.0903 50.8932 19.6
      vertex -53.0555 50.1652 19.6
    endloop
  endfacet
  facet normal -0 0 1
    outer loop
      vertex -54.1974 50.6736 19.6
      vertex -53.0555 50.1652 19.6
      vertex -54.0903 50.8932 19.6
    endloop
  endfacet
  facet normal 0 0 1
    outer loop
      vertex -53.0555 50.1652 19.6
      vertex -54.1974 50.6736 19.6
      vertex -53.1143 50.0195 19.6
    endloop
  endfacet
  facet normal -0 0 1
    outer loop
      vertex -54.2889 50.4471 19.6
      vertex -53.1143 50.0195 19.6
      vertex -54.1974 50.6736 19.6
    endloop
  endfacet
  facet normal 0 0 1
    outer loop
      vertex -53.1143 50.0195 19.6
      vertex -54.2889 50.4471 19.6
      vertex -53.1628 49.8702 19.6
    endloop
  endfacet
  facet normal -0 0 1
    outer loop
      vertex -54.3644 50.2147 19.6
      vertex -53.1628 49.8702 19.6
      vertex -54.2889 50.4471 19.6
    endloop
  endfacet
  facet normal 0 0 1
    outer loop
      vertex -53.1628 49.8702 19.6
      vertex -54.3644 50.2147 19.6
      vertex -53.2008 49.7178 19.6
    endloop
  endfacet
  facet normal -0 0 1
    outer loop
      vertex -54.4235 49.9777 19.6
      vertex -53.2008 49.7178 19.6
      vertex -54.3644 50.2147 19.6
    endloop
  endfacet
  facet normal 0 0 1
    outer loop
      vertex -53.2008 49.7178 19.6
      vertex -54.4235 49.9777 19.6
      vertex -53.2281 49.5631 19.6
    endloop
  endfacet
  facet normal -0 0 1
    outer loop
      vertex -54.4659 49.7371 19.6
      vertex -53.2281 49.5631 19.6
      vertex -54.4235 49.9777 19.6
    endloop
  endfacet
  facet normal 0 0 1
    outer loop
      vertex -53.2281 49.5631 19.6
      vertex -54.4659 49.7371 19.6
      vertex -53.2445 49.407 19.6
    endloop
  endfacet
  facet normal -0 0 1
    outer loop
      vertex -54.4915 49.4941 19.6
      vertex -53.2445 49.407 19.6
      vertex -54.4659 49.7371 19.6
    endloop
  endfacet
  facet normal 0 0 1
    outer loop
      vertex -53.2445 49.407 19.6
      vertex -54.4915 49.4941 19.6
      vertex -53.25 49.25 19.6
    endloop
  endfacet
  facet normal 0 0 1
    outer loop
      vertex -53.25 49.25 19.6
      vertex -54.4915 49.4941 19.6
      vertex -54.5 49.25 19.6
    endloop
  endfacet
  facet normal 0 0 1
    outer loop
      vertex -53.25 49.25 19.6
      vertex -54.5 49.25 19.6
      vertex -53.25 36.75 19.6
    endloop
  endfacet
  facet normal 0 0 1
    outer loop
      vertex -53.25 36.75 19.6
      vertex -54.5 49.25 19.6
      vertex -54.5 36.75 19.6
    endloop
  endfacet
  facet normal 0 0 1
    outer loop
      vertex 53.25 49.25 19.6
      vertex 54.5 49.25 19.6
      vertex 54.4915 49.4941 19.6
    endloop
  endfacet
  facet normal 0 0 1
    outer loop
      vertex 53.2445 49.407 19.6
      vertex 54.4915 49.4941 19.6
      vertex 54.4659 49.7371 19.6
    endloop
  endfacet
  facet normal 0 0 1
    outer loop
      vertex 53.2445 49.407 19.6
      vertex 54.4659 49.7371 19.6
      vertex 54.4235 49.9777 19.6
    endloop
  endfacet
  facet normal 0 0 1
    outer loop
      vertex 53.2445 49.407 19.6
      vertex 54.4235 49.9777 19.6
      vertex 54.3644 50.2147 19.6
    endloop
  endfacet
  facet normal 0 0 1
    outer loop
      vertex 53.2445 49.407 19.6
      vertex 54.3644 50.2147 19.6
      vertex 54.2889 50.4471 19.6
    endloop
  endfacet
  facet normal 0 0 1
    outer loop
      vertex 53.2445 49.407 19.6
      vertex 54.2889 50.4471 19.6
      vertex 54.1974 50.6736 19.6
    endloop
  endfacet
  facet normal 0 0 1
    outer loop
      vertex 53.2445 49.407 19.6
      vertex 54.1974 50.6736 19.6
      vertex 54.0903 50.8932 19.6
    endloop
  endfacet
  facet normal 0 0 1
    outer loop
      vertex 53.2445 49.407 19.6
      vertex 54.0903 50.8932 19.6
      vertex 53.9682 51.1047 19.6
    endloop
  endfacet
  facet normal 0 0 1
    outer loop
      vertex 53.2445 49.407 19.6
      vertex 53.9682 51.1047 19.6
      vertex 53.8316 51.3072 19.6
    endloop
  endfacet
  facet normal 0 0 1
    outer loop
      vertex 53.2445 49.407 19.6
      vertex 53.8316 51.3072 19.6
      vertex 53.6812 51.4998 19.6
    endloop
  endfacet
  facet normal 0 0 1
    outer loop
      vertex 53.2445 49.407 19.6
      vertex 53.6812 51.4998 19.6
      vertex 53.5177 51.6813 19.6
    endloop
  endfacet
  facet normal 0 0 1
    outer loop
      vertex 52.6185 50.813 19.6
      vertex 53.5177 51.6813 19.6
      vertex 53.342 51.851 19.6
    endloop
  endfacet
  facet normal 0 0 1
    outer loop
      vertex 54.5 49.25 19.6
      vertex 53.25 49.25 19.6
      vertex 54.5 32.75 19.6
    endloop
  endfacet
  facet normal 0 0 1
    outer loop
      vertex 54.5 32.75 19.6
      vertex 53.25 49.25 19.6
      vertex 53.25 32.75 19.6
    endloop
  endfacet
  facet normal 0 -1 0
    outer loop
      vertex -51.0785 -51.4986 19.6
      vertex 51.0785 -51.4986 20.8
      vertex -51.0785 -51.4986 20.8
    endloop
  endfacet
  facet normal 0 -1 -0
    outer loop
      vertex 51.0785 -51.4986 20.8
      vertex -51.0785 -51.4986 19.6
      vertex 51.0785 -51.4986 19.6
    endloop
  endfacet
  facet normal 0.994526 0.104486 0
    outer loop
      vertex 53.2445 49.407 20.8
      vertex 53.2281 49.5631 19.6
      vertex 53.2281 49.5631 20.8
    endloop
  endfacet
  facet normal 0.994526 0.104486 0
    outer loop
      vertex 53.2281 49.5631 19.6
      vertex 53.2445 49.407 20.8
      vertex 53.2445 49.407 19.6
    endloop
  endfacet
  facet normal -0.530228 -0.847855 0
    outer loop
      vertex -52.2582 -51.1153 19.6
      vertex -52.125 -51.1986 20.8
      vertex -52.2582 -51.1153 20.8
    endloop
  endfacet
  facet normal -0.530228 -0.847855 -0
    outer loop
      vertex -52.125 -51.1986 20.8
      vertex -52.2582 -51.1153 19.6
      vertex -52.125 -51.1986 19.6
    endloop
  endfacet
  facet normal -0.994526 -0.104486 0
    outer loop
      vertex -53.2281 -49.5631 19.6
      vertex -53.2445 -49.407 20.8
      vertex -53.2445 -49.407 19.6
    endloop
  endfacet
  facet normal -0.994526 -0.104486 0
    outer loop
      vertex -53.2445 -49.407 20.8
      vertex -53.2281 -49.5631 19.6
      vertex -53.2281 -49.5631 20.8
    endloop
  endfacet
  facet normal 0.587907 0.808929 -0
    outer loop
      vertex 52.3852 51.023 19.6
      vertex 52.2582 51.1153 20.8
      vertex 52.3852 51.023 20.8
    endloop
  endfacet
  facet normal 0.587907 0.808929 0
    outer loop
      vertex 52.2582 51.1153 20.8
      vertex 52.3852 51.023 19.6
      vertex 52.2582 51.1153 19.6
    endloop
  endfacet
  facet normal 0.069392 -0.997589 0
    outer loop
      vertex 51.0785 -51.4986 19.6
      vertex 51.2352 -51.4877 20.8
      vertex 51.0785 -51.4986 20.8
    endloop
  endfacet
  facet normal 0.069392 -0.997589 0
    outer loop
      vertex 51.2352 -51.4877 20.8
      vertex 51.0785 -51.4986 19.6
      vertex 51.2352 -51.4877 19.6
    endloop
  endfacet
  facet normal 0.13946 -0.990228 0
    outer loop
      vertex 51.2352 -51.4877 19.6
      vertex 51.3907 -51.4658 20.8
      vertex 51.2352 -51.4877 20.8
    endloop
  endfacet
  facet normal 0.13946 -0.990228 0
    outer loop
      vertex 51.3907 -51.4658 20.8
      vertex 51.2352 -51.4877 19.6
      vertex 51.3907 -51.4658 19.6
    endloop
  endfacet
  facet normal 0.207615 0.978211 -0
    outer loop
      vertex 51.5443 51.4332 19.6
      vertex 51.3907 51.4658 20.8
      vertex 51.5443 51.4332 20.8
    endloop
  endfacet
  facet normal 0.207615 0.978211 0
    outer loop
      vertex 51.3907 51.4658 20.8
      vertex 51.5443 51.4332 19.6
      vertex 51.3907 51.4658 19.6
    endloop
  endfacet
  facet normal -0.069392 -0.997589 0
    outer loop
      vertex -51.2352 -51.4877 19.6
      vertex -51.0785 -51.4986 20.8
      vertex -51.2352 -51.4877 20.8
    endloop
  endfacet
  facet normal -0.069392 -0.997589 -0
    outer loop
      vertex -51.0785 -51.4986 20.8
      vertex -51.2352 -51.4877 19.6
      vertex -51.0785 -51.4986 19.6
    endloop
  endfacet
  facet normal 0.788082 -0.61557 0
    outer loop
      vertex 52.7236 -50.6963 20.8
      vertex 52.8203 -50.5725 19.6
      vertex 52.8203 -50.5725 20.8
    endloop
  endfacet
  facet normal 0.788082 -0.61557 0
    outer loop
      vertex 52.8203 -50.5725 19.6
      vertex 52.7236 -50.6963 20.8
      vertex 52.7236 -50.6963 19.6
    endloop
  endfacet
  facet normal -0.984784 0.173785 0
    outer loop
      vertex -53.2281 49.5631 19.6
      vertex -53.2008 49.7178 20.8
      vertex -53.2008 49.7178 19.6
    endloop
  endfacet
  facet normal -0.984784 0.173785 0
    outer loop
      vertex -53.2008 49.7178 20.8
      vertex -53.2281 49.5631 19.6
      vertex -53.2281 49.5631 20.8
    endloop
  endfacet
  facet normal -0.13946 -0.990228 0
    outer loop
      vertex -51.3907 -51.4658 19.6
      vertex -51.2352 -51.4877 20.8
      vertex -51.3907 -51.4658 20.8
    endloop
  endfacet
  facet normal -0.13946 -0.990228 -0
    outer loop
      vertex -51.2352 -51.4877 20.8
      vertex -51.3907 -51.4658 19.6
      vertex -51.2352 -51.4877 19.6
    endloop
  endfacet
  facet normal 0.951076 -0.308956 0
    outer loop
      vertex 53.1143 -50.0195 20.8
      vertex 53.1628 -49.8702 19.6
      vertex 53.1628 -49.8702 20.8
    endloop
  endfacet
  facet normal 0.951076 -0.308956 0
    outer loop
      vertex 53.1628 -49.8702 19.6
      vertex 53.1143 -50.0195 20.8
      vertex 53.1143 -50.0195 19.6
    endloop
  endfacet
  facet normal 0.530228 0.847855 -0
    outer loop
      vertex 52.2582 51.1153 19.6
      vertex 52.125 51.1986 20.8
      vertex 52.2582 51.1153 20.8
    endloop
  endfacet
  facet normal 0.530228 0.847855 0
    outer loop
      vertex 52.125 51.1986 20.8
      vertex 52.2582 51.1153 19.6
      vertex 52.125 51.1986 19.6
    endloop
  endfacet
  facet normal -0.069392 0.997589 0
    outer loop
      vertex -51.0785 51.4986 19.6
      vertex -51.2352 51.4877 20.8
      vertex -51.0785 51.4986 20.8
    endloop
  endfacet
  facet normal -0.069392 0.997589 0
    outer loop
      vertex -51.2352 51.4877 20.8
      vertex -51.0785 51.4986 19.6
      vertex -51.2352 51.4877 19.6
    endloop
  endfacet
  facet normal 0 1 -0
    outer loop
      vertex 51.0785 51.4986 19.6
      vertex -51.0785 51.4986 20.8
      vertex 51.0785 51.4986 20.8
    endloop
  endfacet
  facet normal 0 1 0
    outer loop
      vertex -51.0785 51.4986 20.8
      vertex 51.0785 51.4986 19.6
      vertex -51.0785 51.4986 19.6
    endloop
  endfacet
  facet normal 0.530228 -0.847855 0
    outer loop
      vertex 52.125 -51.1986 19.6
      vertex 52.2582 -51.1153 20.8
      vertex 52.125 -51.1986 20.8
    endloop
  endfacet
  facet normal 0.530228 -0.847855 0
    outer loop
      vertex 52.2582 -51.1153 20.8
      vertex 52.125 -51.1986 19.6
      vertex 52.2582 -51.1153 19.6
    endloop
  endfacet
  facet normal 0.275646 -0.961259 0
    outer loop
      vertex 51.5443 -51.4332 19.6
      vertex 51.6953 -51.3899 20.8
      vertex 51.5443 -51.4332 20.8
    endloop
  endfacet
  facet normal 0.275646 -0.961259 0
    outer loop
      vertex 51.6953 -51.3899 20.8
      vertex 51.5443 -51.4332 19.6
      vertex 51.6953 -51.3899 19.6
    endloop
  endfacet
  facet normal -0.469233 -0.883074 0
    outer loop
      vertex -52.125 -51.1986 19.6
      vertex -51.9863 -51.2723 20.8
      vertex -52.125 -51.1986 20.8
    endloop
  endfacet
  facet normal -0.469233 -0.883074 -0
    outer loop
      vertex -51.9863 -51.2723 20.8
      vertex -52.125 -51.1986 19.6
      vertex -51.9863 -51.2723 19.6
    endloop
  endfacet
  facet normal -0.275646 -0.961259 0
    outer loop
      vertex -51.6953 -51.3899 19.6
      vertex -51.5443 -51.4332 20.8
      vertex -51.6953 -51.3899 20.8
    endloop
  endfacet
  facet normal -0.275646 -0.961259 -0
    outer loop
      vertex -51.5443 -51.4332 20.8
      vertex -51.6953 -51.3899 19.6
      vertex -51.5443 -51.4332 19.6
    endloop
  endfacet
  facet normal 0.999387 -0.0350104 0
    outer loop
      vertex 53.2445 -49.407 20.8
      vertex 53.25 -49.25 19.6
      vertex 53.25 -49.25 20.8
    endloop
  endfacet
  facet normal 0.999387 -0.0350104 0
    outer loop
      vertex 53.25 -49.25 19.6
      vertex 53.2445 -49.407 20.8
      vertex 53.2445 -49.407 19.6
    endloop
  endfacet
  facet normal -0.587907 0.808929 0
    outer loop
      vertex -52.2582 51.1153 19.6
      vertex -52.3852 51.023 20.8
      vertex -52.2582 51.1153 20.8
    endloop
  endfacet
  facet normal -0.587907 0.808929 0
    outer loop
      vertex -52.3852 51.023 20.8
      vertex -52.2582 51.1153 19.6
      vertex -52.3852 51.023 19.6
    endloop
  endfacet
  facet normal -0.788082 0.61557 0
    outer loop
      vertex -52.8203 50.5725 19.6
      vertex -52.7236 50.6963 20.8
      vertex -52.7236 50.6963 19.6
    endloop
  endfacet
  facet normal -0.788082 0.61557 0
    outer loop
      vertex -52.7236 50.6963 20.8
      vertex -52.8203 50.5725 19.6
      vertex -52.8203 50.5725 20.8
    endloop
  endfacet
  facet normal -0.407025 -0.913417 0
    outer loop
      vertex -51.9863 -51.2723 19.6
      vertex -51.8429 -51.3362 20.8
      vertex -51.9863 -51.2723 20.8
    endloop
  endfacet
  facet normal -0.407025 -0.913417 -0
    outer loop
      vertex -51.8429 -51.3362 20.8
      vertex -51.9863 -51.2723 19.6
      vertex -51.8429 -51.3362 19.6
    endloop
  endfacet
  facet normal -0.407025 0.913417 0
    outer loop
      vertex -51.8429 51.3362 19.6
      vertex -51.9863 51.2723 20.8
      vertex -51.8429 51.3362 20.8
    endloop
  endfacet
  facet normal -0.407025 0.913417 0
    outer loop
      vertex -51.9863 51.2723 20.8
      vertex -51.8429 51.3362 19.6
      vertex -51.9863 51.2723 19.6
    endloop
  endfacet
  facet normal 1 -0 0
    outer loop
      vertex 53.25 -49.25 20.8
      vertex 53.25 6.25 19.6
      vertex 53.25 6.25 20.8
    endloop
  endfacet
  facet normal 1 0 0
    outer loop
      vertex 53.25 6.25 19.6
      vertex 53.25 -49.25 20.8
      vertex 53.25 -49.25 19.6
    endloop
  endfacet
  facet normal 1 -0 0
    outer loop
      vertex 53.25 32.75 20.8
      vertex 53.25 49.25 19.6
      vertex 53.25 49.25 20.8
    endloop
  endfacet
  facet normal 1 0 0
    outer loop
      vertex 53.25 49.25 19.6
      vertex 53.25 32.75 20.8
      vertex 53.25 32.75 19.6
    endloop
  endfacet
  facet normal -1 0 0
    outer loop
      vertex -53.25 -49.25 19.6
      vertex -53.25 -38.75 20.8
      vertex -53.25 -38.75 19.6
    endloop
  endfacet
  facet normal -1 -0 0
    outer loop
      vertex -53.25 -38.75 20.8
      vertex -53.25 -49.25 19.6
      vertex -53.25 -49.25 20.8
    endloop
  endfacet
  facet normal -1 0 0
    outer loop
      vertex -53.25 36.75 19.6
      vertex -53.25 49.25 20.8
      vertex -53.25 49.25 19.6
    endloop
  endfacet
  facet normal -1 -0 0
    outer loop
      vertex -53.25 49.25 20.8
      vertex -53.25 36.75 19.6
      vertex -53.25 36.75 20.8
    endloop
  endfacet
  facet normal 0.927331 0.374242 0
    outer loop
      vertex 53.1143 50.0195 20.8
      vertex 53.0555 50.1652 19.6
      vertex 53.0555 50.1652 20.8
    endloop
  endfacet
  facet normal 0.927331 0.374242 0
    outer loop
      vertex 53.0555 50.1652 19.6
      vertex 53.1143 50.0195 20.8
      vertex 53.1143 50.0195 19.6
    endloop
  endfacet
  facet normal -0.788082 -0.61557 0
    outer loop
      vertex -52.7236 -50.6963 19.6
      vertex -52.8203 -50.5725 20.8
      vertex -52.8203 -50.5725 19.6
    endloop
  endfacet
  facet normal -0.788082 -0.61557 0
    outer loop
      vertex -52.8203 -50.5725 20.8
      vertex -52.7236 -50.6963 19.6
      vertex -52.7236 -50.6963 20.8
    endloop
  endfacet
  facet normal -0.694583 -0.719412 0
    outer loop
      vertex -52.6185 -50.813 19.6
      vertex -52.5055 -50.9221 20.8
      vertex -52.6185 -50.813 20.8
    endloop
  endfacet
  facet normal -0.694583 -0.719412 -0
    outer loop
      vertex -52.5055 -50.9221 20.8
      vertex -52.6185 -50.813 19.6
      vertex -52.5055 -50.9221 19.6
    endloop
  endfacet
  facet normal 0.207615 -0.978211 0
    outer loop
      vertex 51.3907 -51.4658 19.6
      vertex 51.5443 -51.4332 20.8
      vertex 51.3907 -51.4658 20.8
    endloop
  endfacet
  facet normal 0.207615 -0.978211 0
    outer loop
      vertex 51.5443 -51.4332 20.8
      vertex 51.3907 -51.4658 19.6
      vertex 51.5443 -51.4332 19.6
    endloop
  endfacet
  facet normal 0.898591 -0.438787 0
    outer loop
      vertex 52.9866 -50.3063 20.8
      vertex 53.0555 -50.1652 19.6
      vertex 53.0555 -50.1652 20.8
    endloop
  endfacet
  facet normal 0.898591 -0.438787 0
    outer loop
      vertex 53.0555 -50.1652 19.6
      vertex 52.9866 -50.3063 20.8
      vertex 52.9866 -50.3063 19.6
    endloop
  endfacet
  facet normal 0.407025 -0.913417 0
    outer loop
      vertex 51.8429 -51.3362 19.6
      vertex 51.9863 -51.2723 20.8
      vertex 51.8429 -51.3362 20.8
    endloop
  endfacet
  facet normal 0.407025 -0.913417 0
    outer loop
      vertex 51.9863 -51.2723 20.8
      vertex 51.8429 -51.3362 19.6
      vertex 51.9863 -51.2723 19.6
    endloop
  endfacet
  facet normal 0.694583 -0.719412 0
    outer loop
      vertex 52.5055 -50.9221 19.6
      vertex 52.6185 -50.813 20.8
      vertex 52.5055 -50.9221 20.8
    endloop
  endfacet
  facet normal 0.694583 -0.719412 0
    outer loop
      vertex 52.6185 -50.813 20.8
      vertex 52.5055 -50.9221 19.6
      vertex 52.6185 -50.813 19.6
    endloop
  endfacet
  facet normal 0.999387 0.0350104 0
    outer loop
      vertex 53.25 49.25 20.8
      vertex 53.2445 49.407 19.6
      vertex 53.2445 49.407 20.8
    endloop
  endfacet
  facet normal 0.999387 0.0350104 0
    outer loop
      vertex 53.2445 49.407 19.6
      vertex 53.25 49.25 20.8
      vertex 53.25 49.25 19.6
    endloop
  endfacet
  facet normal 0.587907 -0.808929 0
    outer loop
      vertex 52.2582 -51.1153 19.6
      vertex 52.3852 -51.023 20.8
      vertex 52.2582 -51.1153 20.8
    endloop
  endfacet
  facet normal 0.587907 -0.808929 0
    outer loop
      vertex 52.3852 -51.023 20.8
      vertex 52.2582 -51.1153 19.6
      vertex 52.3852 -51.023 19.6
    endloop
  endfacet
  facet normal 0.275646 0.961259 -0
    outer loop
      vertex 51.6953 51.3899 19.6
      vertex 51.5443 51.4332 20.8
      vertex 51.6953 51.3899 20.8
    endloop
  endfacet
  facet normal 0.275646 0.961259 0
    outer loop
      vertex 51.5443 51.4332 20.8
      vertex 51.6953 51.3899 19.6
      vertex 51.5443 51.4332 19.6
    endloop
  endfacet
  facet normal 0.469233 -0.883074 0
    outer loop
      vertex 51.9863 -51.2723 19.6
      vertex 52.125 -51.1986 20.8
      vertex 51.9863 -51.2723 20.8
    endloop
  endfacet
  facet normal 0.469233 -0.883074 0
    outer loop
      vertex 52.125 -51.1986 20.8
      vertex 51.9863 -51.2723 19.6
      vertex 52.125 -51.1986 19.6
    endloop
  endfacet
  facet normal -0.207615 0.978211 0
    outer loop
      vertex -51.3907 51.4658 19.6
      vertex -51.5443 51.4332 20.8
      vertex -51.3907 51.4658 20.8
    endloop
  endfacet
  facet normal -0.207615 0.978211 0
    outer loop
      vertex -51.5443 51.4332 20.8
      vertex -51.3907 51.4658 19.6
      vertex -51.5443 51.4332 19.6
    endloop
  endfacet
  facet normal -0.587907 -0.808929 0
    outer loop
      vertex -52.3852 -51.023 19.6
      vertex -52.2582 -51.1153 20.8
      vertex -52.3852 -51.023 20.8
    endloop
  endfacet
  facet normal -0.587907 -0.808929 -0
    outer loop
      vertex -52.2582 -51.1153 20.8
      vertex -52.3852 -51.023 19.6
      vertex -52.2582 -51.1153 19.6
    endloop
  endfacet
  facet normal -0.642624 -0.766181 0
    outer loop
      vertex -52.5055 -50.9221 19.6
      vertex -52.3852 -51.023 20.8
      vertex -52.5055 -50.9221 20.8
    endloop
  endfacet
  facet normal -0.642624 -0.766181 -0
    outer loop
      vertex -52.3852 -51.023 20.8
      vertex -52.5055 -50.9221 19.6
      vertex -52.3852 -51.023 19.6
    endloop
  endfacet
  facet normal 0.694583 0.719412 -0
    outer loop
      vertex 52.6185 50.813 19.6
      vertex 52.5055 50.9221 20.8
      vertex 52.6185 50.813 20.8
    endloop
  endfacet
  facet normal 0.694583 0.719412 0
    outer loop
      vertex 52.5055 50.9221 20.8
      vertex 52.6185 50.813 19.6
      vertex 52.5055 50.9221 19.6
    endloop
  endfacet
  facet normal 0.341896 -0.939738 0
    outer loop
      vertex 51.6953 -51.3899 19.6
      vertex 51.8429 -51.3362 20.8
      vertex 51.6953 -51.3899 20.8
    endloop
  endfacet
  facet normal 0.341896 -0.939738 0
    outer loop
      vertex 51.8429 -51.3362 20.8
      vertex 51.6953 -51.3899 19.6
      vertex 51.8429 -51.3362 19.6
    endloop
  endfacet
  facet normal 0.469233 0.883074 -0
    outer loop
      vertex 52.125 51.1986 19.6
      vertex 51.9863 51.2723 20.8
      vertex 52.125 51.1986 20.8
    endloop
  endfacet
  facet normal 0.469233 0.883074 0
    outer loop
      vertex 51.9863 51.2723 20.8
      vertex 52.125 51.1986 19.6
      vertex 51.9863 51.2723 19.6
    endloop
  endfacet
  facet normal -0.927331 0.374242 0
    outer loop
      vertex -53.1143 50.0195 19.6
      vertex -53.0555 50.1652 20.8
      vertex -53.0555 50.1652 19.6
    endloop
  endfacet
  facet normal -0.927331 0.374242 0
    outer loop
      vertex -53.0555 50.1652 20.8
      vertex -53.1143 50.0195 19.6
      vertex -53.1143 50.0195 20.8
    endloop
  endfacet
  facet normal -0.999387 0.0350104 0
    outer loop
      vertex -53.25 49.25 19.6
      vertex -53.2445 49.407 20.8
      vertex -53.2445 49.407 19.6
    endloop
  endfacet
  facet normal -0.999387 0.0350104 0
    outer loop
      vertex -53.2445 49.407 20.8
      vertex -53.25 49.25 19.6
      vertex -53.25 49.25 20.8
    endloop
  endfacet
  facet normal 0.8291 0.559101 0
    outer loop
      vertex 52.9081 50.4423 20.8
      vertex 52.8203 50.5725 19.6
      vertex 52.8203 50.5725 20.8
    endloop
  endfacet
  facet normal 0.8291 0.559101 0
    outer loop
      vertex 52.8203 50.5725 19.6
      vertex 52.9081 50.4423 20.8
      vertex 52.9081 50.4423 19.6
    endloop
  endfacet
  facet normal -0.694583 0.719412 0
    outer loop
      vertex -52.5055 50.9221 19.6
      vertex -52.6185 50.813 20.8
      vertex -52.5055 50.9221 20.8
    endloop
  endfacet
  facet normal -0.694583 0.719412 0
    outer loop
      vertex -52.6185 50.813 20.8
      vertex -52.5055 50.9221 19.6
      vertex -52.6185 50.813 19.6
    endloop
  endfacet
  facet normal 0.743072 -0.669211 0
    outer loop
      vertex 52.6185 -50.813 20.8
      vertex 52.7236 -50.6963 19.6
      vertex 52.7236 -50.6963 20.8
    endloop
  endfacet
  facet normal 0.743072 -0.669211 0
    outer loop
      vertex 52.7236 -50.6963 19.6
      vertex 52.6185 -50.813 20.8
      vertex 52.6185 -50.813 19.6
    endloop
  endfacet
  facet normal -0.341896 -0.939738 0
    outer loop
      vertex -51.8429 -51.3362 19.6
      vertex -51.6953 -51.3899 20.8
      vertex -51.8429 -51.3362 20.8
    endloop
  endfacet
  facet normal -0.341896 -0.939738 -0
    outer loop
      vertex -51.6953 -51.3899 20.8
      vertex -51.8429 -51.3362 19.6
      vertex -51.6953 -51.3899 19.6
    endloop
  endfacet
  facet normal -0.207615 -0.978211 0
    outer loop
      vertex -51.5443 -51.4332 19.6
      vertex -51.3907 -51.4658 20.8
      vertex -51.5443 -51.4332 20.8
    endloop
  endfacet
  facet normal -0.207615 -0.978211 -0
    outer loop
      vertex -51.3907 -51.4658 20.8
      vertex -51.5443 -51.4332 19.6
      vertex -51.3907 -51.4658 19.6
    endloop
  endfacet
  facet normal -0.743072 -0.669211 0
    outer loop
      vertex -52.6185 -50.813 19.6
      vertex -52.7236 -50.6963 20.8
      vertex -52.7236 -50.6963 19.6
    endloop
  endfacet
  facet normal -0.743072 -0.669211 0
    outer loop
      vertex -52.7236 -50.6963 20.8
      vertex -52.6185 -50.813 19.6
      vertex -52.6185 -50.813 20.8
    endloop
  endfacet
  facet normal -0.984784 -0.173785 0
    outer loop
      vertex -53.2008 -49.7178 19.6
      vertex -53.2281 -49.5631 20.8
      vertex -53.2281 -49.5631 19.6
    endloop
  endfacet
  facet normal -0.984784 -0.173785 0
    outer loop
      vertex -53.2281 -49.5631 20.8
      vertex -53.2008 -49.7178 19.6
      vertex -53.2008 -49.7178 20.8
    endloop
  endfacet
  facet normal -0.275646 0.961259 0
    outer loop
      vertex -51.5443 51.4332 19.6
      vertex -51.6953 51.3899 20.8
      vertex -51.5443 51.4332 20.8
    endloop
  endfacet
  facet normal -0.275646 0.961259 0
    outer loop
      vertex -51.6953 51.3899 20.8
      vertex -51.5443 51.4332 19.6
      vertex -51.6953 51.3899 19.6
    endloop
  endfacet
  facet normal -0.469233 0.883074 0
    outer loop
      vertex -51.9863 51.2723 19.6
      vertex -52.125 51.1986 20.8
      vertex -51.9863 51.2723 20.8
    endloop
  endfacet
  facet normal -0.469233 0.883074 0
    outer loop
      vertex -52.125 51.1986 20.8
      vertex -51.9863 51.2723 19.6
      vertex -52.125 51.1986 19.6
    endloop
  endfacet
  facet normal 0.341896 0.939738 -0
    outer loop
      vertex 51.8429 51.3362 19.6
      vertex 51.6953 51.3899 20.8
      vertex 51.8429 51.3362 20.8
    endloop
  endfacet
  facet normal 0.341896 0.939738 0
    outer loop
      vertex 51.6953 51.3899 20.8
      vertex 51.8429 51.3362 19.6
      vertex 51.6953 51.3899 19.6
    endloop
  endfacet
  facet normal -0.341896 0.939738 0
    outer loop
      vertex -51.6953 51.3899 19.6
      vertex -51.8429 51.3362 20.8
      vertex -51.6953 51.3899 20.8
    endloop
  endfacet
  facet normal -0.341896 0.939738 0
    outer loop
      vertex -51.8429 51.3362 20.8
      vertex -51.6953 51.3899 19.6
      vertex -51.8429 51.3362 19.6
    endloop
  endfacet
  facet normal 0.642624 -0.766181 0
    outer loop
      vertex 52.3852 -51.023 19.6
      vertex 52.5055 -50.9221 20.8
      vertex 52.3852 -51.023 20.8
    endloop
  endfacet
  facet normal 0.642624 -0.766181 0
    outer loop
      vertex 52.5055 -50.9221 20.8
      vertex 52.3852 -51.023 19.6
      vertex 52.5055 -50.9221 19.6
    endloop
  endfacet
  facet normal -0.927331 -0.374242 0
    outer loop
      vertex -53.0555 -50.1652 19.6
      vertex -53.1143 -50.0195 20.8
      vertex -53.1143 -50.0195 19.6
    endloop
  endfacet
  facet normal -0.927331 -0.374242 0
    outer loop
      vertex -53.1143 -50.0195 20.8
      vertex -53.0555 -50.1652 19.6
      vertex -53.0555 -50.1652 20.8
    endloop
  endfacet
  facet normal -0.13946 0.990228 0
    outer loop
      vertex -51.2352 51.4877 19.6
      vertex -51.3907 51.4658 20.8
      vertex -51.2352 51.4877 20.8
    endloop
  endfacet
  facet normal -0.13946 0.990228 0
    outer loop
      vertex -51.3907 51.4658 20.8
      vertex -51.2352 51.4877 19.6
      vertex -51.3907 51.4658 19.6
    endloop
  endfacet
  facet normal 0.970292 -0.241936 0
    outer loop
      vertex 53.1628 -49.8702 20.8
      vertex 53.2008 -49.7178 19.6
      vertex 53.2008 -49.7178 20.8
    endloop
  endfacet
  facet normal 0.970292 -0.241936 0
    outer loop
      vertex 53.2008 -49.7178 19.6
      vertex 53.1628 -49.8702 20.8
      vertex 53.1628 -49.8702 19.6
    endloop
  endfacet
  facet normal 0.743072 0.669211 0
    outer loop
      vertex 52.7236 50.6963 20.8
      vertex 52.6185 50.813 19.6
      vertex 52.6185 50.813 20.8
    endloop
  endfacet
  facet normal 0.743072 0.669211 0
    outer loop
      vertex 52.6185 50.813 19.6
      vertex 52.7236 50.6963 20.8
      vertex 52.7236 50.6963 19.6
    endloop
  endfacet
  facet normal 0.788082 0.61557 0
    outer loop
      vertex 52.8203 50.5725 20.8
      vertex 52.7236 50.6963 19.6
      vertex 52.7236 50.6963 20.8
    endloop
  endfacet
  facet normal 0.788082 0.61557 0
    outer loop
      vertex 52.7236 50.6963 19.6
      vertex 52.8203 50.5725 20.8
      vertex 52.8203 50.5725 19.6
    endloop
  endfacet
  facet normal 0.984784 0.173785 0
    outer loop
      vertex 53.2281 49.5631 20.8
      vertex 53.2008 49.7178 19.6
      vertex 53.2008 49.7178 20.8
    endloop
  endfacet
  facet normal 0.984784 0.173785 0
    outer loop
      vertex 53.2008 49.7178 19.6
      vertex 53.2281 49.5631 20.8
      vertex 53.2281 49.5631 19.6
    endloop
  endfacet
  facet normal 0.970292 0.241936 0
    outer loop
      vertex 53.2008 49.7178 20.8
      vertex 53.1628 49.8702 19.6
      vertex 53.1628 49.8702 20.8
    endloop
  endfacet
  facet normal 0.970292 0.241936 0
    outer loop
      vertex 53.1628 49.8702 19.6
      vertex 53.2008 49.7178 20.8
      vertex 53.2008 49.7178 19.6
    endloop
  endfacet
  facet normal -0.86608 0.499906 0
    outer loop
      vertex -52.9866 50.3063 19.6
      vertex -52.9081 50.4423 20.8
      vertex -52.9081 50.4423 19.6
    endloop
  endfacet
  facet normal -0.86608 0.499906 0
    outer loop
      vertex -52.9081 50.4423 20.8
      vertex -52.9866 50.3063 19.6
      vertex -52.9866 50.3063 20.8
    endloop
  endfacet
  facet normal -0.8291 0.559101 0
    outer loop
      vertex -52.9081 50.4423 19.6
      vertex -52.8203 50.5725 20.8
      vertex -52.8203 50.5725 19.6
    endloop
  endfacet
  facet normal -0.8291 0.559101 0
    outer loop
      vertex -52.8203 50.5725 20.8
      vertex -52.9081 50.4423 19.6
      vertex -52.9081 50.4423 20.8
    endloop
  endfacet
  facet normal -0.8291 -0.559101 0
    outer loop
      vertex -52.8203 -50.5725 19.6
      vertex -52.9081 -50.4423 20.8
      vertex -52.9081 -50.4423 19.6
    endloop
  endfacet
  facet normal -0.8291 -0.559101 0
    outer loop
      vertex -52.9081 -50.4423 20.8
      vertex -52.8203 -50.5725 19.6
      vertex -52.8203 -50.5725 20.8
    endloop
  endfacet
  facet normal 0.86608 0.499906 0
    outer loop
      vertex 52.9866 50.3063 20.8
      vertex 52.9081 50.4423 19.6
      vertex 52.9081 50.4423 20.8
    endloop
  endfacet
  facet normal 0.86608 0.499906 0
    outer loop
      vertex 52.9081 50.4423 19.6
      vertex 52.9866 50.3063 20.8
      vertex 52.9866 50.3063 19.6
    endloop
  endfacet
  facet normal 0.927331 -0.374242 0
    outer loop
      vertex 53.0555 -50.1652 20.8
      vertex 53.1143 -50.0195 19.6
      vertex 53.1143 -50.0195 20.8
    endloop
  endfacet
  facet normal 0.927331 -0.374242 0
    outer loop
      vertex 53.1143 -50.0195 19.6
      vertex 53.0555 -50.1652 20.8
      vertex 53.0555 -50.1652 19.6
    endloop
  endfacet
  facet normal -0.970292 -0.241936 0
    outer loop
      vertex -53.1628 -49.8702 19.6
      vertex -53.2008 -49.7178 20.8
      vertex -53.2008 -49.7178 19.6
    endloop
  endfacet
  facet normal -0.970292 -0.241936 0
    outer loop
      vertex -53.2008 -49.7178 20.8
      vertex -53.1628 -49.8702 19.6
      vertex -53.1628 -49.8702 20.8
    endloop
  endfacet
  facet normal -0.642624 0.766181 0
    outer loop
      vertex -52.3852 51.023 19.6
      vertex -52.5055 50.9221 20.8
      vertex -52.3852 51.023 20.8
    endloop
  endfacet
  facet normal -0.642624 0.766181 0
    outer loop
      vertex -52.5055 50.9221 20.8
      vertex -52.3852 51.023 19.6
      vertex -52.5055 50.9221 19.6
    endloop
  endfacet
  facet normal -0.530228 0.847855 0
    outer loop
      vertex -52.125 51.1986 19.6
      vertex -52.2582 51.1153 20.8
      vertex -52.125 51.1986 20.8
    endloop
  endfacet
  facet normal -0.530228 0.847855 0
    outer loop
      vertex -52.2582 51.1153 20.8
      vertex -52.125 51.1986 19.6
      vertex -52.2582 51.1153 19.6
    endloop
  endfacet
  facet normal 0.069392 0.997589 -0
    outer loop
      vertex 51.2352 51.4877 19.6
      vertex 51.0785 51.4986 20.8
      vertex 51.2352 51.4877 20.8
    endloop
  endfacet
  facet normal 0.069392 0.997589 0
    outer loop
      vertex 51.0785 51.4986 20.8
      vertex 51.2352 51.4877 19.6
      vertex 51.0785 51.4986 19.6
    endloop
  endfacet
  facet normal 0.407025 0.913417 -0
    outer loop
      vertex 51.9863 51.2723 19.6
      vertex 51.8429 51.3362 20.8
      vertex 51.9863 51.2723 20.8
    endloop
  endfacet
  facet normal 0.407025 0.913417 0
    outer loop
      vertex 51.8429 51.3362 20.8
      vertex 51.9863 51.2723 19.6
      vertex 51.8429 51.3362 19.6
    endloop
  endfacet
  facet normal 0.8291 -0.559101 0
    outer loop
      vertex 52.8203 -50.5725 20.8
      vertex 52.9081 -50.4423 19.6
      vertex 52.9081 -50.4423 20.8
    endloop
  endfacet
  facet normal 0.8291 -0.559101 0
    outer loop
      vertex 52.9081 -50.4423 19.6
      vertex 52.8203 -50.5725 20.8
      vertex 52.8203 -50.5725 19.6
    endloop
  endfacet
  facet normal -0.898591 -0.438787 0
    outer loop
      vertex -52.9866 -50.3063 19.6
      vertex -53.0555 -50.1652 20.8
      vertex -53.0555 -50.1652 19.6
    endloop
  endfacet
  facet normal -0.898591 -0.438787 0
    outer loop
      vertex -53.0555 -50.1652 20.8
      vertex -52.9866 -50.3063 19.6
      vertex -52.9866 -50.3063 20.8
    endloop
  endfacet
  facet normal 0.951076 0.308956 0
    outer loop
      vertex 53.1628 49.8702 20.8
      vertex 53.1143 50.0195 19.6
      vertex 53.1143 50.0195 20.8
    endloop
  endfacet
  facet normal 0.951076 0.308956 0
    outer loop
      vertex 53.1143 50.0195 19.6
      vertex 53.1628 49.8702 20.8
      vertex 53.1628 49.8702 19.6
    endloop
  endfacet
  facet normal -0.86608 -0.499906 0
    outer loop
      vertex -52.9081 -50.4423 19.6
      vertex -52.9866 -50.3063 20.8
      vertex -52.9866 -50.3063 19.6
    endloop
  endfacet
  facet normal -0.86608 -0.499906 0
    outer loop
      vertex -52.9866 -50.3063 20.8
      vertex -52.9081 -50.4423 19.6
      vertex -52.9081 -50.4423 20.8
    endloop
  endfacet
  facet normal -0.970292 0.241936 0
    outer loop
      vertex -53.2008 49.7178 19.6
      vertex -53.1628 49.8702 20.8
      vertex -53.1628 49.8702 19.6
    endloop
  endfacet
  facet normal -0.970292 0.241936 0
    outer loop
      vertex -53.1628 49.8702 20.8
      vertex -53.2008 49.7178 19.6
      vertex -53.2008 49.7178 20.8
    endloop
  endfacet
  facet normal 0.898591 0.438787 0
    outer loop
      vertex 53.0555 50.1652 20.8
      vertex 52.9866 50.3063 19.6
      vertex 52.9866 50.3063 20.8
    endloop
  endfacet
  facet normal 0.898591 0.438787 0
    outer loop
      vertex 52.9866 50.3063 19.6
      vertex 53.0555 50.1652 20.8
      vertex 53.0555 50.1652 19.6
    endloop
  endfacet
  facet normal -0.898591 0.438787 0
    outer loop
      vertex -53.0555 50.1652 19.6
      vertex -52.9866 50.3063 20.8
      vertex -52.9866 50.3063 19.6
    endloop
  endfacet
  facet normal -0.898591 0.438787 0
    outer loop
      vertex -52.9866 50.3063 20.8
      vertex -53.0555 50.1652 19.6
      vertex -53.0555 50.1652 20.8
    endloop
  endfacet
  facet normal -0.994526 0.104486 0
    outer loop
      vertex -53.2445 49.407 19.6
      vertex -53.2281 49.5631 20.8
      vertex -53.2281 49.5631 19.6
    endloop
  endfacet
  facet normal -0.994526 0.104486 0
    outer loop
      vertex -53.2281 49.5631 20.8
      vertex -53.2445 49.407 19.6
      vertex -53.2445 49.407 20.8
    endloop
  endfacet
  facet normal -0.743072 0.669211 0
    outer loop
      vertex -52.7236 50.6963 19.6
      vertex -52.6185 50.813 20.8
      vertex -52.6185 50.813 19.6
    endloop
  endfacet
  facet normal -0.743072 0.669211 0
    outer loop
      vertex -52.6185 50.813 20.8
      vertex -52.7236 50.6963 19.6
      vertex -52.7236 50.6963 20.8
    endloop
  endfacet
  facet normal 0.642624 0.766181 -0
    outer loop
      vertex 52.5055 50.9221 19.6
      vertex 52.3852 51.023 20.8
      vertex 52.5055 50.9221 20.8
    endloop
  endfacet
  facet normal 0.642624 0.766181 0
    outer loop
      vertex 52.3852 51.023 20.8
      vertex 52.5055 50.9221 19.6
      vertex 52.3852 51.023 19.6
    endloop
  endfacet
  facet normal -0.999387 -0.0350104 0
    outer loop
      vertex -53.2445 -49.407 19.6
      vertex -53.25 -49.25 20.8
      vertex -53.25 -49.25 19.6
    endloop
  endfacet
  facet normal -0.999387 -0.0350104 0
    outer loop
      vertex -53.25 -49.25 20.8
      vertex -53.2445 -49.407 19.6
      vertex -53.2445 -49.407 20.8
    endloop
  endfacet
  facet normal 0.994526 -0.104486 0
    outer loop
      vertex 53.2281 -49.5631 20.8
      vertex 53.2445 -49.407 19.6
      vertex 53.2445 -49.407 20.8
    endloop
  endfacet
  facet normal 0.994526 -0.104486 0
    outer loop
      vertex 53.2445 -49.407 19.6
      vertex 53.2281 -49.5631 20.8
      vertex 53.2281 -49.5631 19.6
    endloop
  endfacet
  facet normal 0.984784 -0.173785 0
    outer loop
      vertex 53.2008 -49.7178 20.8
      vertex 53.2281 -49.5631 19.6
      vertex 53.2281 -49.5631 20.8
    endloop
  endfacet
  facet normal 0.984784 -0.173785 0
    outer loop
      vertex 53.2281 -49.5631 19.6
      vertex 53.2008 -49.7178 20.8
      vertex 53.2008 -49.7178 19.6
    endloop
  endfacet
  facet normal 0.86608 -0.499906 0
    outer loop
      vertex 52.9081 -50.4423 20.8
      vertex 52.9866 -50.3063 19.6
      vertex 52.9866 -50.3063 20.8
    endloop
  endfacet
  facet normal 0.86608 -0.499906 0
    outer loop
      vertex 52.9866 -50.3063 19.6
      vertex 52.9081 -50.4423 20.8
      vertex 52.9081 -50.4423 19.6
    endloop
  endfacet
  facet normal -0.951076 -0.308956 0
    outer loop
      vertex -53.1143 -50.0195 19.6
      vertex -53.1628 -49.8702 20.8
      vertex -53.1628 -49.8702 19.6
    endloop
  endfacet
  facet normal -0.951076 -0.308956 0
    outer loop
      vertex -53.1628 -49.8702 20.8
      vertex -53.1143 -50.0195 19.6
      vertex -53.1143 -50.0195 20.8
    endloop
  endfacet
  facet normal -0.951076 0.308956 0
    outer loop
      vertex -53.1628 49.8702 19.6
      vertex -53.1143 50.0195 20.8
      vertex -53.1143 50.0195 19.6
    endloop
  endfacet
  facet normal -0.951076 0.308956 0
    outer loop
      vertex -53.1143 50.0195 20.8
      vertex -53.1628 49.8702 19.6
      vertex -53.1628 49.8702 20.8
    endloop
  endfacet
  facet normal 0.13946 0.990228 -0
    outer loop
      vertex 51.3907 51.4658 19.6
      vertex 51.2352 51.4877 20.8
      vertex 51.3907 51.4658 20.8
    endloop
  endfacet
  facet normal 0.13946 0.990228 0
    outer loop
      vertex 51.2352 51.4877 20.8
      vertex 51.3907 51.4658 19.6
      vertex 51.2352 51.4877 19.6
    endloop
  endfacet
  facet normal 0.20767 -0.978199 0
    outer loop
      vertex -51.2419 50.2203 6
      vertex -51.1736 50.2348 20.8
      vertex -51.2419 50.2203 20.8
    endloop
  endfacet
  facet normal 0.20767 -0.978199 0
    outer loop
      vertex -51.1736 50.2348 20.8
      vertex -51.2419 50.2203 6
      vertex -51.1736 50.2348 6
    endloop
  endfacet
  facet normal -0.139013 0.990291 0
    outer loop
      vertex 51.1736 -50.2348 6
      vertex 51.1045 -50.2445 20.8
      vertex 51.1736 -50.2348 20.8
    endloop
  endfacet
  facet normal -0.139013 0.990291 0
    outer loop
      vertex 51.1045 -50.2445 20.8
      vertex 51.1736 -50.2348 6
      vertex 51.1045 -50.2445 6
    endloop
  endfacet
  facet normal 0.694082 0.719895 -0
    outer loop
      vertex -51.6691 -49.9931 6
      vertex -51.7193 -49.9447 20.8
      vertex -51.6691 -49.9931 20.8
    endloop
  endfacet
  facet normal 0.694082 0.719895 0
    outer loop
      vertex -51.7193 -49.9447 20.8
      vertex -51.6691 -49.9931 6
      vertex -51.7193 -49.9447 6
    endloop
  endfacet
  facet normal -0.469993 0.88267 0
    outer loop
      vertex 51.5 -50.116 6
      vertex 51.4384 -50.1488 20.8
      vertex 51.5 -50.116 20.8
    endloop
  endfacet
  facet normal -0.469993 0.88267 0
    outer loop
      vertex 51.4384 -50.1488 20.8
      vertex 51.5 -50.116 6
      vertex 51.4384 -50.1488 6
    endloop
  endfacet
  facet normal -0.58732 0.809355 0
    outer loop
      vertex 51.6157 -50.038 6
      vertex 51.5592 -50.079 20.8
      vertex 51.6157 -50.038 20.8
    endloop
  endfacet
  facet normal -0.58732 0.809355 0
    outer loop
      vertex 51.5592 -50.079 20.8
      vertex 51.6157 -50.038 6
      vertex 51.5592 -50.079 6
    endloop
  endfacet
  facet normal 0.95095 -0.309345 0
    outer loop
      vertex -51.9613 49.5256 20.8
      vertex -51.9397 49.592 6
      vertex -51.9397 49.592 20.8
    endloop
  endfacet
  facet normal 0.95095 -0.309345 0
    outer loop
      vertex -51.9397 49.592 6
      vertex -51.9613 49.5256 20.8
      vertex -51.9613 49.5256 6
    endloop
  endfacet
  facet normal -0.643562 0.765394 0
    outer loop
      vertex 51.6691 -49.9931 6
      vertex 51.6157 -50.038 20.8
      vertex 51.6691 -49.9931 20.8
    endloop
  endfacet
  facet normal -0.643562 0.765394 0
    outer loop
      vertex 51.6157 -50.038 20.8
      vertex 51.6691 -49.9931 6
      vertex 51.6157 -50.038 6
    endloop
  endfacet
  facet normal -0.694082 -0.719895 0
    outer loop
      vertex 51.6691 49.9931 6
      vertex 51.7193 49.9447 20.8
      vertex 51.6691 49.9931 20.8
    endloop
  endfacet
  facet normal -0.694082 -0.719895 -0
    outer loop
      vertex 51.7193 49.9447 20.8
      vertex 51.6691 49.9931 6
      vertex 51.7193 49.9447 6
    endloop
  endfacet
  facet normal 1 -0 0
    outer loop
      vertex -52 -49.25 20.8
      vertex -52 -38.75 7.8
      vertex -52 -38.75 20.8
    endloop
  endfacet
  facet normal 1 0 0
    outer loop
      vertex -52 -49.25 6
      vertex -52 -38.75 7.8
      vertex -52 -49.25 20.8
    endloop
  endfacet
  facet normal 1 0 0
    outer loop
      vertex -52 -38.75 7.8
      vertex -52 -49.25 6
      vertex -52 -40.724 6
    endloop
  endfacet
  facet normal 1 0 0
    outer loop
      vertex -52 49.25 20.8
      vertex -52 40.724 6
      vertex -52 49.25 6
    endloop
  endfacet
  facet normal 1 -0 0
    outer loop
      vertex -52 36.75 20.8
      vertex -52 40.724 6
      vertex -52 49.25 20.8
    endloop
  endfacet
  facet normal 1 -0 0
    outer loop
      vertex -52 36.75 7.8
      vertex -52 40.724 6
      vertex -52 36.75 20.8
    endloop
  endfacet
  facet normal 1 0 0
    outer loop
      vertex -52 40.724 6
      vertex -52 36.75 7.8
      vertex -52 40.724 3
    endloop
  endfacet
  facet normal 1 0 0
    outer loop
      vertex -52 -40.724 3
      vertex -52 36.75 7.8
      vertex -52 -38.75 7.8
    endloop
  endfacet
  facet normal 1 0 0
    outer loop
      vertex -52 -40.724 3
      vertex -52 -38.75 7.8
      vertex -52 -40.724 6
    endloop
  endfacet
  facet normal 1 0 0
    outer loop
      vertex -52 36.75 7.8
      vertex -52 -40.724 3
      vertex -52 40.724 3
    endloop
  endfacet
  facet normal 0.984595 -0.174848 0
    outer loop
      vertex -51.9903 49.3892 20.8
      vertex -51.9781 49.4579 6
      vertex -51.9781 49.4579 20.8
    endloop
  endfacet
  facet normal 0.984595 -0.174848 0
    outer loop
      vertex -51.9781 49.4579 6
      vertex -51.9903 49.3892 20.8
      vertex -51.9903 49.3892 6
    endloop
  endfacet
  facet normal 0.743365 -0.668886 0
    outer loop
      vertex -51.766 49.8928 20.8
      vertex -51.7193 49.9447 6
      vertex -51.7193 49.9447 20.8
    endloop
  endfacet
  facet normal 0.743365 -0.668886 0
    outer loop
      vertex -51.7193 49.9447 6
      vertex -51.766 49.8928 20.8
      vertex -51.766 49.8928 6
    endloop
  endfacet
  facet normal -0.984595 0.174848 0
    outer loop
      vertex 51.9781 -49.4579 6
      vertex 51.9903 -49.3892 20.8
      vertex 51.9903 -49.3892 6
    endloop
  endfacet
  facet normal -0.984595 0.174848 0
    outer loop
      vertex 51.9903 -49.3892 20.8
      vertex 51.9781 -49.4579 6
      vertex 51.9781 -49.4579 20.8
    endloop
  endfacet
  facet normal 0 -1 0
    outer loop
      vertex -42.4743 50.2494 3
      vertex 42.4743 50.2494 6
      vertex -42.4743 50.2494 6
    endloop
  endfacet
  facet normal 0 -1 -0
    outer loop
      vertex 42.4743 50.2494 6
      vertex -42.4743 50.2494 3
      vertex 42.4743 50.2494 3
    endloop
  endfacet
  facet normal 0 -1 0
    outer loop
      vertex -42.4743 50.2494 6
      vertex -51.0349 50.2494 20.8
      vertex -51.0349 50.2494 6
    endloop
  endfacet
  facet normal 0 -1 0
    outer loop
      vertex -51.0349 50.2494 20.8
      vertex -42.4743 50.2494 6
      vertex 51.0349 50.2494 20.8
    endloop
  endfacet
  facet normal 0 -1 0
    outer loop
      vertex 42.4743 50.2494 6
      vertex 51.0349 50.2494 20.8
      vertex -42.4743 50.2494 6
    endloop
  endfacet
  facet normal 0 -1 -0
    outer loop
      vertex 51.0349 50.2494 20.8
      vertex 42.4743 50.2494 6
      vertex 51.0349 50.2494 6
    endloop
  endfacet
  facet normal 0.787807 0.615922 0
    outer loop
      vertex -51.766 -49.8928 20.8
      vertex -51.809 -49.8378 6
      vertex -51.809 -49.8378 20.8
    endloop
  endfacet
  facet normal 0.787807 0.615922 0
    outer loop
      vertex -51.809 -49.8378 6
      vertex -51.766 -49.8928 20.8
      vertex -51.766 -49.8928 6
    endloop
  endfacet
  facet normal 0.898961 0.438029 0
    outer loop
      vertex -51.8829 -49.7195 20.8
      vertex -51.9135 -49.6567 6
      vertex -51.9135 -49.6567 20.8
    endloop
  endfacet
  facet normal 0.898961 0.438029 0
    outer loop
      vertex -51.9135 -49.6567 6
      vertex -51.8829 -49.7195 20.8
      vertex -51.8829 -49.7195 6
    endloop
  endfacet
  facet normal -0.58732 -0.809355 0
    outer loop
      vertex 51.5592 50.079 6
      vertex 51.6157 50.038 20.8
      vertex 51.5592 50.079 20.8
    endloop
  endfacet
  facet normal -0.58732 -0.809355 -0
    outer loop
      vertex 51.6157 50.038 20.8
      vertex 51.5592 50.079 6
      vertex 51.6157 50.038 6
    endloop
  endfacet
  facet normal 0.970563 -0.240849 0
    outer loop
      vertex -51.9781 49.4579 20.8
      vertex -51.9613 49.5256 6
      vertex -51.9613 49.5256 20.8
    endloop
  endfacet
  facet normal 0.970563 -0.240849 0
    outer loop
      vertex -51.9613 49.5256 6
      vertex -51.9781 49.4579 20.8
      vertex -51.9781 49.4579 6
    endloop
  endfacet
  facet normal 0.694082 -0.719895 0
    outer loop
      vertex -51.7193 49.9447 6
      vertex -51.6691 49.9931 20.8
      vertex -51.7193 49.9447 20.8
    endloop
  endfacet
  facet normal 0.694082 -0.719895 0
    outer loop
      vertex -51.6691 49.9931 20.8
      vertex -51.7193 49.9447 6
      vertex -51.6691 49.9931 6
    endloop
  endfacet
  facet normal 0.529999 -0.847998 0
    outer loop
      vertex -51.5592 50.079 6
      vertex -51.5 50.116 20.8
      vertex -51.5592 50.079 20.8
    endloop
  endfacet
  facet normal 0.529999 -0.847998 0
    outer loop
      vertex -51.5 50.116 20.8
      vertex -51.5592 50.079 6
      vertex -51.5 50.116 6
    endloop
  endfacet
  facet normal -1 0 0
    outer loop
      vertex 52 40.724 3
      vertex 52 32.75 6
      vertex 52 40.724 6
    endloop
  endfacet
  facet normal -1 0 0
    outer loop
      vertex 52 40.724 3
      vertex 52 6.25 6
      vertex 52 32.75 6
    endloop
  endfacet
  facet normal -1 0 0
    outer loop
      vertex 52 -40.724 3
      vertex 52 6.25 6
      vertex 52 40.724 3
    endloop
  endfacet
  facet normal -1 0 0
    outer loop
      vertex 52 -40.724 6
      vertex 52 6.25 6
      vertex 52 -40.724 3
    endloop
  endfacet
  facet normal -1 0 0
    outer loop
      vertex 52 6.25 6
      vertex 52 -40.724 6
      vertex 52 6.25 20.8
    endloop
  endfacet
  facet normal -1 0 0
    outer loop
      vertex 52 -49.25 20.8
      vertex 52 -40.724 6
      vertex 52 -49.25 6
    endloop
  endfacet
  facet normal -1 0 0
    outer loop
      vertex 52 -40.724 6
      vertex 52 -49.25 20.8
      vertex 52 6.25 20.8
    endloop
  endfacet
  facet normal -1 0 0
    outer loop
      vertex 52 40.724 6
      vertex 52 49.25 20.8
      vertex 52 49.25 6
    endloop
  endfacet
  facet normal -1 0 0
    outer loop
      vertex 52 32.75 20.8
      vertex 52 40.724 6
      vertex 52 32.75 6
    endloop
  endfacet
  facet normal -1 0 0
    outer loop
      vertex 52 40.724 6
      vertex 52 32.75 20.8
      vertex 52 49.25 20.8
    endloop
  endfacet
  facet normal -0.20767 0.978199 0
    outer loop
      vertex 51.2419 -50.2203 6
      vertex 51.1736 -50.2348 20.8
      vertex 51.2419 -50.2203 20.8
    endloop
  endfacet
  facet normal -0.20767 0.978199 0
    outer loop
      vertex 51.1736 -50.2348 20.8
      vertex 51.2419 -50.2203 6
      vertex 51.1736 -50.2348 6
    endloop
  endfacet
  facet normal 0.469993 0.88267 -0
    outer loop
      vertex -51.4384 -50.1488 6
      vertex -51.5 -50.116 20.8
      vertex -51.4384 -50.1488 20.8
    endloop
  endfacet
  facet normal 0.469993 0.88267 0
    outer loop
      vertex -51.5 -50.116 20.8
      vertex -51.4384 -50.1488 6
      vertex -51.5 -50.116 6
    endloop
  endfacet
  facet normal -0.994513 -0.10461 0
    outer loop
      vertex 51.9976 49.3198 6
      vertex 51.9903 49.3892 20.8
      vertex 51.9903 49.3892 6
    endloop
  endfacet
  facet normal -0.994513 -0.10461 0
    outer loop
      vertex 51.9903 49.3892 20.8
      vertex 51.9976 49.3198 6
      vertex 51.9976 49.3198 20.8
    endloop
  endfacet
  facet normal 0.342318 -0.939584 0
    outer loop
      vertex -51.3746 50.1772 6
      vertex -51.309 50.2011 20.8
      vertex -51.3746 50.1772 20.8
    endloop
  endfacet
  facet normal 0.342318 -0.939584 0
    outer loop
      vertex -51.309 50.2011 20.8
      vertex -51.3746 50.1772 6
      vertex -51.309 50.2011 6
    endloop
  endfacet
  facet normal -0.529999 0.847998 0
    outer loop
      vertex 51.5592 -50.079 6
      vertex 51.5 -50.116 20.8
      vertex 51.5592 -50.079 20.8
    endloop
  endfacet
  facet normal -0.529999 0.847998 0
    outer loop
      vertex 51.5 -50.116 20.8
      vertex 51.5592 -50.079 6
      vertex 51.5 -50.116 6
    endloop
  endfacet
  facet normal -0.2751 0.961416 0
    outer loop
      vertex 51.309 -50.2011 6
      vertex 51.2419 -50.2203 20.8
      vertex 51.309 -50.2011 20.8
    endloop
  endfacet
  facet normal -0.2751 0.961416 0
    outer loop
      vertex 51.2419 -50.2203 20.8
      vertex 51.309 -50.2011 6
      vertex 51.2419 -50.2203 6
    endloop
  endfacet
  facet normal 0.994513 0.10461 0
    outer loop
      vertex -51.9903 -49.3892 20.8
      vertex -51.9976 -49.3198 6
      vertex -51.9976 -49.3198 20.8
    endloop
  endfacet
  facet normal 0.994513 0.10461 0
    outer loop
      vertex -51.9976 -49.3198 6
      vertex -51.9903 -49.3892 20.8
      vertex -51.9903 -49.3892 6
    endloop
  endfacet
  facet normal -0.643562 -0.765394 0
    outer loop
      vertex 51.6157 50.038 6
      vertex 51.6691 49.9931 20.8
      vertex 51.6157 50.038 20.8
    endloop
  endfacet
  facet normal -0.643562 -0.765394 -0
    outer loop
      vertex 51.6691 49.9931 20.8
      vertex 51.6157 50.038 6
      vertex 51.6691 49.9931 6
    endloop
  endfacet
  facet normal 0.999409 0.0343636 0
    outer loop
      vertex -51.9976 -49.3198 20.8
      vertex -52 -49.25 6
      vertex -52 -49.25 20.8
    endloop
  endfacet
  facet normal 0.999409 0.0343636 0
    outer loop
      vertex -52 -49.25 6
      vertex -51.9976 -49.3198 20.8
      vertex -51.9976 -49.3198 6
    endloop
  endfacet
  facet normal 0 1 -0
    outer loop
      vertex 42.4743 -50.2494 3
      vertex -42.4743 -50.2494 6
      vertex 42.4743 -50.2494 6
    endloop
  endfacet
  facet normal 0 1 0
    outer loop
      vertex -42.4743 -50.2494 6
      vertex 42.4743 -50.2494 3
      vertex -42.4743 -50.2494 3
    endloop
  endfacet
  facet normal 0 1 0
    outer loop
      vertex 42.4743 -50.2494 6
      vertex 51.0349 -50.2494 20.8
      vertex 51.0349 -50.2494 6
    endloop
  endfacet
  facet normal 0 1 0
    outer loop
      vertex 51.0349 -50.2494 20.8
      vertex 42.4743 -50.2494 6
      vertex -51.0349 -50.2494 20.8
    endloop
  endfacet
  facet normal 0 1 -0
    outer loop
      vertex -42.4743 -50.2494 6
      vertex -51.0349 -50.2494 20.8
      vertex 42.4743 -50.2494 6
    endloop
  endfacet
  facet normal 0 1 0
    outer loop
      vertex -51.0349 -50.2494 20.8
      vertex -42.4743 -50.2494 6
      vertex -51.0349 -50.2494 6
    endloop
  endfacet
  facet normal 0.865851 -0.500301 0
    outer loop
      vertex -51.8829 49.7195 20.8
      vertex -51.848 49.7799 6
      vertex -51.848 49.7799 20.8
    endloop
  endfacet
  facet normal 0.865851 -0.500301 0
    outer loop
      vertex -51.848 49.7799 6
      vertex -51.8829 49.7195 20.8
      vertex -51.8829 49.7195 6
    endloop
  endfacet
  facet normal -0.865851 0.500301 0
    outer loop
      vertex 51.848 -49.7799 6
      vertex 51.8829 -49.7195 20.8
      vertex 51.8829 -49.7195 6
    endloop
  endfacet
  facet normal -0.865851 0.500301 0
    outer loop
      vertex 51.8829 -49.7195 20.8
      vertex 51.848 -49.7799 6
      vertex 51.848 -49.7799 20.8
    endloop
  endfacet
  facet normal 0.994513 -0.10461 0
    outer loop
      vertex -51.9976 49.3198 20.8
      vertex -51.9903 49.3892 6
      vertex -51.9903 49.3892 20.8
    endloop
  endfacet
  facet normal 0.994513 -0.10461 0
    outer loop
      vertex -51.9903 49.3892 6
      vertex -51.9976 49.3198 20.8
      vertex -51.9976 49.3198 6
    endloop
  endfacet
  facet normal 0.20767 0.978199 -0
    outer loop
      vertex -51.1736 -50.2348 6
      vertex -51.2419 -50.2203 20.8
      vertex -51.1736 -50.2348 20.8
    endloop
  endfacet
  facet normal 0.20767 0.978199 0
    outer loop
      vertex -51.2419 -50.2203 20.8
      vertex -51.1736 -50.2348 6
      vertex -51.2419 -50.2203 6
    endloop
  endfacet
  facet normal -0.0702285 0.997531 0
    outer loop
      vertex 51.1045 -50.2445 6
      vertex 51.0349 -50.2494 20.8
      vertex 51.1045 -50.2445 20.8
    endloop
  endfacet
  facet normal -0.0702285 0.997531 0
    outer loop
      vertex 51.0349 -50.2494 20.8
      vertex 51.1045 -50.2445 6
      vertex 51.0349 -50.2494 6
    endloop
  endfacet
  facet normal 0.95095 0.309345 0
    outer loop
      vertex -51.9397 -49.592 20.8
      vertex -51.9613 -49.5256 6
      vertex -51.9613 -49.5256 20.8
    endloop
  endfacet
  facet normal 0.95095 0.309345 0
    outer loop
      vertex -51.9613 -49.5256 6
      vertex -51.9397 -49.592 20.8
      vertex -51.9397 -49.592 6
    endloop
  endfacet
  facet normal 0.787807 -0.615922 0
    outer loop
      vertex -51.809 49.8378 20.8
      vertex -51.766 49.8928 6
      vertex -51.766 49.8928 20.8
    endloop
  endfacet
  facet normal 0.787807 -0.615922 0
    outer loop
      vertex -51.766 49.8928 6
      vertex -51.809 49.8378 20.8
      vertex -51.809 49.8378 6
    endloop
  endfacet
  facet normal -0.865851 -0.500301 0
    outer loop
      vertex 51.8829 49.7195 6
      vertex 51.848 49.7799 20.8
      vertex 51.848 49.7799 6
    endloop
  endfacet
  facet normal -0.865851 -0.500301 0
    outer loop
      vertex 51.848 49.7799 20.8
      vertex 51.8829 49.7195 6
      vertex 51.8829 49.7195 20.8
    endloop
  endfacet
  facet normal -0.984595 -0.174848 0
    outer loop
      vertex 51.9903 49.3892 6
      vertex 51.9781 49.4579 20.8
      vertex 51.9781 49.4579 6
    endloop
  endfacet
  facet normal -0.984595 -0.174848 0
    outer loop
      vertex 51.9781 49.4579 20.8
      vertex 51.9903 49.3892 6
      vertex 51.9903 49.3892 20.8
    endloop
  endfacet
  facet normal -0.926887 0.375339 0
    outer loop
      vertex 51.9135 -49.6567 6
      vertex 51.9397 -49.592 20.8
      vertex 51.9397 -49.592 6
    endloop
  endfacet
  facet normal -0.926887 0.375339 0
    outer loop
      vertex 51.9397 -49.592 20.8
      vertex 51.9135 -49.6567 6
      vertex 51.9135 -49.6567 20.8
    endloop
  endfacet
  facet normal -0.342318 -0.939584 0
    outer loop
      vertex 51.309 50.2011 6
      vertex 51.3746 50.1772 20.8
      vertex 51.309 50.2011 20.8
    endloop
  endfacet
  facet normal -0.342318 -0.939584 -0
    outer loop
      vertex 51.3746 50.1772 20.8
      vertex 51.309 50.2011 6
      vertex 51.3746 50.1772 6
    endloop
  endfacet
  facet normal -0.139013 -0.990291 0
    outer loop
      vertex 51.1045 50.2445 6
      vertex 51.1736 50.2348 20.8
      vertex 51.1045 50.2445 20.8
    endloop
  endfacet
  facet normal -0.139013 -0.990291 -0
    outer loop
      vertex 51.1736 50.2348 20.8
      vertex 51.1045 50.2445 6
      vertex 51.1736 50.2348 6
    endloop
  endfacet
  facet normal -0.829396 0.558661 0
    outer loop
      vertex 51.809 -49.8378 6
      vertex 51.848 -49.7799 20.8
      vertex 51.848 -49.7799 6
    endloop
  endfacet
  facet normal -0.829396 0.558661 0
    outer loop
      vertex 51.848 -49.7799 20.8
      vertex 51.809 -49.8378 6
      vertex 51.809 -49.8378 20.8
    endloop
  endfacet
  facet normal -0.95095 -0.309345 0
    outer loop
      vertex 51.9613 49.5256 6
      vertex 51.9397 49.592 20.8
      vertex 51.9397 49.592 6
    endloop
  endfacet
  facet normal -0.95095 -0.309345 0
    outer loop
      vertex 51.9397 49.592 20.8
      vertex 51.9613 49.5256 6
      vertex 51.9613 49.5256 20.8
    endloop
  endfacet
  facet normal -0.2751 -0.961416 0
    outer loop
      vertex 51.2419 50.2203 6
      vertex 51.309 50.2011 20.8
      vertex 51.2419 50.2203 20.8
    endloop
  endfacet
  facet normal -0.2751 -0.961416 -0
    outer loop
      vertex 51.309 50.2011 20.8
      vertex 51.2419 50.2203 6
      vertex 51.309 50.2011 6
    endloop
  endfacet
  facet normal -0.342318 0.939584 0
    outer loop
      vertex 51.3746 -50.1772 6
      vertex 51.309 -50.2011 20.8
      vertex 51.3746 -50.1772 20.8
    endloop
  endfacet
  facet normal -0.342318 0.939584 0
    outer loop
      vertex 51.309 -50.2011 20.8
      vertex 51.3746 -50.1772 6
      vertex 51.309 -50.2011 6
    endloop
  endfacet
  facet normal -0.926887 -0.375339 0
    outer loop
      vertex 51.9397 49.592 6
      vertex 51.9135 49.6567 20.8
      vertex 51.9135 49.6567 6
    endloop
  endfacet
  facet normal -0.926887 -0.375339 0
    outer loop
      vertex 51.9135 49.6567 20.8
      vertex 51.9397 49.592 6
      vertex 51.9397 49.592 20.8
    endloop
  endfacet
  facet normal -0.994513 0.10461 0
    outer loop
      vertex 51.9903 -49.3892 6
      vertex 51.9976 -49.3198 20.8
      vertex 51.9976 -49.3198 6
    endloop
  endfacet
  facet normal -0.994513 0.10461 0
    outer loop
      vertex 51.9976 -49.3198 20.8
      vertex 51.9903 -49.3892 6
      vertex 51.9903 -49.3892 20.8
    endloop
  endfacet
  facet normal 0.40667 -0.913575 0
    outer loop
      vertex -51.4384 50.1488 6
      vertex -51.3746 50.1772 20.8
      vertex -51.4384 50.1488 20.8
    endloop
  endfacet
  facet normal 0.40667 -0.913575 0
    outer loop
      vertex -51.3746 50.1772 20.8
      vertex -51.4384 50.1488 6
      vertex -51.3746 50.1772 6
    endloop
  endfacet
  facet normal 0.0702285 0.997531 -0
    outer loop
      vertex -51.0349 -50.2494 6
      vertex -51.1045 -50.2445 20.8
      vertex -51.0349 -50.2494 20.8
    endloop
  endfacet
  facet normal 0.0702285 0.997531 0
    outer loop
      vertex -51.1045 -50.2445 20.8
      vertex -51.0349 -50.2494 6
      vertex -51.1045 -50.2445 6
    endloop
  endfacet
  facet normal 0.926887 -0.375339 0
    outer loop
      vertex -51.9397 49.592 20.8
      vertex -51.9135 49.6567 6
      vertex -51.9135 49.6567 20.8
    endloop
  endfacet
  facet normal 0.926887 -0.375339 0
    outer loop
      vertex -51.9135 49.6567 6
      vertex -51.9397 49.592 20.8
      vertex -51.9397 49.592 6
    endloop
  endfacet
  facet normal 0.829396 -0.558661 0
    outer loop
      vertex -51.848 49.7799 20.8
      vertex -51.809 49.8378 6
      vertex -51.809 49.8378 20.8
    endloop
  endfacet
  facet normal 0.829396 -0.558661 0
    outer loop
      vertex -51.809 49.8378 6
      vertex -51.848 49.7799 20.8
      vertex -51.848 49.7799 6
    endloop
  endfacet
  facet normal -0.743365 -0.668886 0
    outer loop
      vertex 51.766 49.8928 6
      vertex 51.7193 49.9447 20.8
      vertex 51.7193 49.9447 6
    endloop
  endfacet
  facet normal -0.743365 -0.668886 0
    outer loop
      vertex 51.7193 49.9447 20.8
      vertex 51.766 49.8928 6
      vertex 51.766 49.8928 20.8
    endloop
  endfacet
  facet normal -0.40667 0.913575 0
    outer loop
      vertex 51.4384 -50.1488 6
      vertex 51.3746 -50.1772 20.8
      vertex 51.4384 -50.1488 20.8
    endloop
  endfacet
  facet normal -0.40667 0.913575 0
    outer loop
      vertex 51.3746 -50.1772 20.8
      vertex 51.4384 -50.1488 6
      vertex 51.3746 -50.1772 6
    endloop
  endfacet
  facet normal 0.643562 -0.765394 0
    outer loop
      vertex -51.6691 49.9931 6
      vertex -51.6157 50.038 20.8
      vertex -51.6691 49.9931 20.8
    endloop
  endfacet
  facet normal 0.643562 -0.765394 0
    outer loop
      vertex -51.6157 50.038 20.8
      vertex -51.6691 49.9931 6
      vertex -51.6157 50.038 6
    endloop
  endfacet
  facet normal -0.999409 -0.0343636 0
    outer loop
      vertex 52 49.25 6
      vertex 51.9976 49.3198 20.8
      vertex 51.9976 49.3198 6
    endloop
  endfacet
  facet normal -0.999409 -0.0343636 0
    outer loop
      vertex 51.9976 49.3198 20.8
      vertex 52 49.25 6
      vertex 52 49.25 20.8
    endloop
  endfacet
  facet normal 0.643562 0.765394 -0
    outer loop
      vertex -51.6157 -50.038 6
      vertex -51.6691 -49.9931 20.8
      vertex -51.6157 -50.038 20.8
    endloop
  endfacet
  facet normal 0.643562 0.765394 0
    outer loop
      vertex -51.6691 -49.9931 20.8
      vertex -51.6157 -50.038 6
      vertex -51.6691 -49.9931 6
    endloop
  endfacet
  facet normal 0.743365 0.668886 0
    outer loop
      vertex -51.7193 -49.9447 20.8
      vertex -51.766 -49.8928 6
      vertex -51.766 -49.8928 20.8
    endloop
  endfacet
  facet normal 0.743365 0.668886 0
    outer loop
      vertex -51.766 -49.8928 6
      vertex -51.7193 -49.9447 20.8
      vertex -51.7193 -49.9447 6
    endloop
  endfacet
  facet normal 0.139013 -0.990291 0
    outer loop
      vertex -51.1736 50.2348 6
      vertex -51.1045 50.2445 20.8
      vertex -51.1736 50.2348 20.8
    endloop
  endfacet
  facet normal 0.139013 -0.990291 0
    outer loop
      vertex -51.1045 50.2445 20.8
      vertex -51.1736 50.2348 6
      vertex -51.1045 50.2445 6
    endloop
  endfacet
  facet normal 0.999409 -0.0343636 0
    outer loop
      vertex -52 49.25 20.8
      vertex -51.9976 49.3198 6
      vertex -51.9976 49.3198 20.8
    endloop
  endfacet
  facet normal 0.999409 -0.0343636 0
    outer loop
      vertex -51.9976 49.3198 6
      vertex -52 49.25 20.8
      vertex -52 49.25 6
    endloop
  endfacet
  facet normal 0.2751 -0.961416 0
    outer loop
      vertex -51.309 50.2011 6
      vertex -51.2419 50.2203 20.8
      vertex -51.309 50.2011 20.8
    endloop
  endfacet
  facet normal 0.2751 -0.961416 0
    outer loop
      vertex -51.2419 50.2203 20.8
      vertex -51.309 50.2011 6
      vertex -51.2419 50.2203 6
    endloop
  endfacet
  facet normal 0.58732 0.809355 -0
    outer loop
      vertex -51.5592 -50.079 6
      vertex -51.6157 -50.038 20.8
      vertex -51.5592 -50.079 20.8
    endloop
  endfacet
  facet normal 0.58732 0.809355 0
    outer loop
      vertex -51.6157 -50.038 20.8
      vertex -51.5592 -50.079 6
      vertex -51.6157 -50.038 6
    endloop
  endfacet
  facet normal 0.898961 -0.438029 0
    outer loop
      vertex -51.9135 49.6567 20.8
      vertex -51.8829 49.7195 6
      vertex -51.8829 49.7195 20.8
    endloop
  endfacet
  facet normal 0.898961 -0.438029 0
    outer loop
      vertex -51.8829 49.7195 6
      vertex -51.9135 49.6567 20.8
      vertex -51.9135 49.6567 6
    endloop
  endfacet
  facet normal 0.926887 0.375339 0
    outer loop
      vertex -51.9135 -49.6567 20.8
      vertex -51.9397 -49.592 6
      vertex -51.9397 -49.592 20.8
    endloop
  endfacet
  facet normal 0.926887 0.375339 0
    outer loop
      vertex -51.9397 -49.592 6
      vertex -51.9135 -49.6567 20.8
      vertex -51.9135 -49.6567 6
    endloop
  endfacet
  facet normal -0.999409 0.0343636 0
    outer loop
      vertex 51.9976 -49.3198 6
      vertex 52 -49.25 20.8
      vertex 52 -49.25 6
    endloop
  endfacet
  facet normal -0.999409 0.0343636 0
    outer loop
      vertex 52 -49.25 20.8
      vertex 51.9976 -49.3198 6
      vertex 51.9976 -49.3198 20.8
    endloop
  endfacet
  facet normal -0.20767 -0.978199 0
    outer loop
      vertex 51.1736 50.2348 6
      vertex 51.2419 50.2203 20.8
      vertex 51.1736 50.2348 20.8
    endloop
  endfacet
  facet normal -0.20767 -0.978199 -0
    outer loop
      vertex 51.2419 50.2203 20.8
      vertex 51.1736 50.2348 6
      vertex 51.2419 50.2203 6
    endloop
  endfacet
  facet normal -0.898961 0.438029 0
    outer loop
      vertex 51.8829 -49.7195 6
      vertex 51.9135 -49.6567 20.8
      vertex 51.9135 -49.6567 6
    endloop
  endfacet
  facet normal -0.898961 0.438029 0
    outer loop
      vertex 51.9135 -49.6567 20.8
      vertex 51.8829 -49.7195 6
      vertex 51.8829 -49.7195 20.8
    endloop
  endfacet
  facet normal -0.40667 -0.913575 0
    outer loop
      vertex 51.3746 50.1772 6
      vertex 51.4384 50.1488 20.8
      vertex 51.3746 50.1772 20.8
    endloop
  endfacet
  facet normal -0.40667 -0.913575 -0
    outer loop
      vertex 51.4384 50.1488 20.8
      vertex 51.3746 50.1772 6
      vertex 51.4384 50.1488 6
    endloop
  endfacet
  facet normal 0.0702285 -0.997531 0
    outer loop
      vertex -51.1045 50.2445 6
      vertex -51.0349 50.2494 20.8
      vertex -51.1045 50.2445 20.8
    endloop
  endfacet
  facet normal 0.0702285 -0.997531 0
    outer loop
      vertex -51.0349 50.2494 20.8
      vertex -51.1045 50.2445 6
      vertex -51.0349 50.2494 6
    endloop
  endfacet
  facet normal 0.984595 0.174848 0
    outer loop
      vertex -51.9781 -49.4579 20.8
      vertex -51.9903 -49.3892 6
      vertex -51.9903 -49.3892 20.8
    endloop
  endfacet
  facet normal 0.984595 0.174848 0
    outer loop
      vertex -51.9903 -49.3892 6
      vertex -51.9781 -49.4579 20.8
      vertex -51.9781 -49.4579 6
    endloop
  endfacet
  facet normal -0.898961 -0.438029 0
    outer loop
      vertex 51.9135 49.6567 6
      vertex 51.8829 49.7195 20.8
      vertex 51.8829 49.7195 6
    endloop
  endfacet
  facet normal -0.898961 -0.438029 0
    outer loop
      vertex 51.8829 49.7195 20.8
      vertex 51.9135 49.6567 6
      vertex 51.9135 49.6567 20.8
    endloop
  endfacet
  facet normal -0.469993 -0.88267 0
    outer loop
      vertex 51.4384 50.1488 6
      vertex 51.5 50.116 20.8
      vertex 51.4384 50.1488 20.8
    endloop
  endfacet
  facet normal -0.469993 -0.88267 -0
    outer loop
      vertex 51.5 50.116 20.8
      vertex 51.4384 50.1488 6
      vertex 51.5 50.116 6
    endloop
  endfacet
  facet normal -0.787807 0.615922 0
    outer loop
      vertex 51.766 -49.8928 6
      vertex 51.809 -49.8378 20.8
      vertex 51.809 -49.8378 6
    endloop
  endfacet
  facet normal -0.787807 0.615922 0
    outer loop
      vertex 51.809 -49.8378 20.8
      vertex 51.766 -49.8928 6
      vertex 51.766 -49.8928 20.8
    endloop
  endfacet
  facet normal 0.529999 0.847998 -0
    outer loop
      vertex -51.5 -50.116 6
      vertex -51.5592 -50.079 20.8
      vertex -51.5 -50.116 20.8
    endloop
  endfacet
  facet normal 0.529999 0.847998 0
    outer loop
      vertex -51.5592 -50.079 20.8
      vertex -51.5 -50.116 6
      vertex -51.5592 -50.079 6
    endloop
  endfacet
  facet normal 0.58732 -0.809355 0
    outer loop
      vertex -51.6157 50.038 6
      vertex -51.5592 50.079 20.8
      vertex -51.6157 50.038 20.8
    endloop
  endfacet
  facet normal 0.58732 -0.809355 0
    outer loop
      vertex -51.5592 50.079 20.8
      vertex -51.6157 50.038 6
      vertex -51.5592 50.079 6
    endloop
  endfacet
  facet normal -0.0702285 -0.997531 0
    outer loop
      vertex 51.0349 50.2494 6
      vertex 51.1045 50.2445 20.8
      vertex 51.0349 50.2494 20.8
    endloop
  endfacet
  facet normal -0.0702285 -0.997531 -0
    outer loop
      vertex 51.1045 50.2445 20.8
      vertex 51.0349 50.2494 6
      vertex 51.1045 50.2445 6
    endloop
  endfacet
  facet normal -0.970563 0.240849 0
    outer loop
      vertex 51.9613 -49.5256 6
      vertex 51.9781 -49.4579 20.8
      vertex 51.9781 -49.4579 6
    endloop
  endfacet
  facet normal -0.970563 0.240849 0
    outer loop
      vertex 51.9781 -49.4579 20.8
      vertex 51.9613 -49.5256 6
      vertex 51.9613 -49.5256 20.8
    endloop
  endfacet
  facet normal 0.970563 0.240849 0
    outer loop
      vertex -51.9613 -49.5256 20.8
      vertex -51.9781 -49.4579 6
      vertex -51.9781 -49.4579 20.8
    endloop
  endfacet
  facet normal 0.970563 0.240849 0
    outer loop
      vertex -51.9781 -49.4579 6
      vertex -51.9613 -49.5256 20.8
      vertex -51.9613 -49.5256 6
    endloop
  endfacet
  facet normal -0.529999 -0.847998 0
    outer loop
      vertex 51.5 50.116 6
      vertex 51.5592 50.079 20.8
      vertex 51.5 50.116 20.8
    endloop
  endfacet
  facet normal -0.529999 -0.847998 -0
    outer loop
      vertex 51.5592 50.079 20.8
      vertex 51.5 50.116 6
      vertex 51.5592 50.079 6
    endloop
  endfacet
  facet normal -0.970563 -0.240849 0
    outer loop
      vertex 51.9781 49.4579 6
      vertex 51.9613 49.5256 20.8
      vertex 51.9613 49.5256 6
    endloop
  endfacet
  facet normal -0.970563 -0.240849 0
    outer loop
      vertex 51.9613 49.5256 20.8
      vertex 51.9781 49.4579 6
      vertex 51.9781 49.4579 20.8
    endloop
  endfacet
  facet normal -0.829396 -0.558661 0
    outer loop
      vertex 51.848 49.7799 6
      vertex 51.809 49.8378 20.8
      vertex 51.809 49.8378 6
    endloop
  endfacet
  facet normal -0.829396 -0.558661 0
    outer loop
      vertex 51.809 49.8378 20.8
      vertex 51.848 49.7799 6
      vertex 51.848 49.7799 20.8
    endloop
  endfacet
  facet normal 0.139013 0.990291 -0
    outer loop
      vertex -51.1045 -50.2445 6
      vertex -51.1736 -50.2348 20.8
      vertex -51.1045 -50.2445 20.8
    endloop
  endfacet
  facet normal 0.139013 0.990291 0
    outer loop
      vertex -51.1736 -50.2348 20.8
      vertex -51.1045 -50.2445 6
      vertex -51.1736 -50.2348 6
    endloop
  endfacet
  facet normal 0.342318 0.939584 -0
    outer loop
      vertex -51.309 -50.2011 6
      vertex -51.3746 -50.1772 20.8
      vertex -51.309 -50.2011 20.8
    endloop
  endfacet
  facet normal 0.342318 0.939584 0
    outer loop
      vertex -51.3746 -50.1772 20.8
      vertex -51.309 -50.2011 6
      vertex -51.3746 -50.1772 6
    endloop
  endfacet
  facet normal 0.469993 -0.88267 0
    outer loop
      vertex -51.5 50.116 6
      vertex -51.4384 50.1488 20.8
      vertex -51.5 50.116 20.8
    endloop
  endfacet
  facet normal 0.469993 -0.88267 0
    outer loop
      vertex -51.4384 50.1488 20.8
      vertex -51.5 50.116 6
      vertex -51.4384 50.1488 6
    endloop
  endfacet
  facet normal 0.865851 0.500301 0
    outer loop
      vertex -51.848 -49.7799 20.8
      vertex -51.8829 -49.7195 6
      vertex -51.8829 -49.7195 20.8
    endloop
  endfacet
  facet normal 0.865851 0.500301 0
    outer loop
      vertex -51.8829 -49.7195 6
      vertex -51.848 -49.7799 20.8
      vertex -51.848 -49.7799 6
    endloop
  endfacet
  facet normal -0.743365 0.668886 0
    outer loop
      vertex 51.7193 -49.9447 6
      vertex 51.766 -49.8928 20.8
      vertex 51.766 -49.8928 6
    endloop
  endfacet
  facet normal -0.743365 0.668886 0
    outer loop
      vertex 51.766 -49.8928 20.8
      vertex 51.7193 -49.9447 6
      vertex 51.7193 -49.9447 20.8
    endloop
  endfacet
  facet normal 0.40667 0.913575 -0
    outer loop
      vertex -51.3746 -50.1772 6
      vertex -51.4384 -50.1488 20.8
      vertex -51.3746 -50.1772 20.8
    endloop
  endfacet
  facet normal 0.40667 0.913575 0
    outer loop
      vertex -51.4384 -50.1488 20.8
      vertex -51.3746 -50.1772 6
      vertex -51.4384 -50.1488 6
    endloop
  endfacet
  facet normal 0.829396 0.558661 0
    outer loop
      vertex -51.809 -49.8378 20.8
      vertex -51.848 -49.7799 6
      vertex -51.848 -49.7799 20.8
    endloop
  endfacet
  facet normal 0.829396 0.558661 0
    outer loop
      vertex -51.848 -49.7799 6
      vertex -51.809 -49.8378 20.8
      vertex -51.809 -49.8378 6
    endloop
  endfacet
  facet normal 0.2751 0.961416 -0
    outer loop
      vertex -51.2419 -50.2203 6
      vertex -51.309 -50.2011 20.8
      vertex -51.2419 -50.2203 20.8
    endloop
  endfacet
  facet normal 0.2751 0.961416 0
    outer loop
      vertex -51.309 -50.2011 20.8
      vertex -51.2419 -50.2203 6
      vertex -51.309 -50.2011 6
    endloop
  endfacet
  facet normal 0 0 1
    outer loop
      vertex 42.3424 -41.5202 3
      vertex -42.34 -41.59 3
      vertex 42.34 -41.59 3
    endloop
  endfacet
  facet normal 0 0 1
    outer loop
      vertex 42.6207 -40.8953 3
      vertex -42.3424 -41.5202 3
      vertex -42.34 -41.59 3
    endloop
  endfacet
  facet normal 0 0 1
    outer loop
      vertex 42.4571 41.1205 3
      vertex -42.4571 41.1205 3
      vertex 42.492 41.0601 3
    endloop
  endfacet
  facet normal 0 0 1
    outer loop
      vertex 42.6207 -40.8953 3
      vertex -42.3497 -41.4508 3
      vertex -42.3424 -41.5202 3
    endloop
  endfacet
  facet normal 0 0 1
    outer loop
      vertex -42.492 41.0601 3
      vertex 42.492 41.0601 3
      vertex -42.4571 41.1205 3
    endloop
  endfacet
  facet normal 0 0 1
    outer loop
      vertex 42.6207 -40.8953 3
      vertex -42.3619 -41.3821 3
      vertex -42.3497 -41.4508 3
    endloop
  endfacet
  facet normal 0 0 1
    outer loop
      vertex 42.492 41.0601 3
      vertex -42.492 41.0601 3
      vertex 42.531 41.0022 3
    endloop
  endfacet
  facet normal 0 0 1
    outer loop
      vertex 42.6207 -40.8953 3
      vertex -42.3787 -41.3144 3
      vertex -42.3619 -41.3821 3
    endloop
  endfacet
  facet normal 0 0 1
    outer loop
      vertex -42.531 41.0022 3
      vertex 42.531 41.0022 3
      vertex -42.492 41.0601 3
    endloop
  endfacet
  facet normal 0 0 1
    outer loop
      vertex 42.6207 -40.8953 3
      vertex -42.4003 -41.248 3
      vertex -42.3787 -41.3144 3
    endloop
  endfacet
  facet normal 0 0 1
    outer loop
      vertex 42.531 41.0022 3
      vertex -42.531 41.0022 3
      vertex 42.574 40.9472 3
    endloop
  endfacet
  facet normal 0 0 1
    outer loop
      vertex 42.6207 -40.8953 3
      vertex -42.4265 -41.1833 3
      vertex -42.4003 -41.248 3
    endloop
  endfacet
  facet normal 0 0 1
    outer loop
      vertex -42.574 40.9472 3
      vertex 42.574 40.9472 3
      vertex -42.531 41.0022 3
    endloop
  endfacet
  facet normal 0 0 1
    outer loop
      vertex 42.6207 -40.8953 3
      vertex -42.4571 -41.1205 3
      vertex -42.4265 -41.1833 3
    endloop
  endfacet
  facet normal 0 0 1
    outer loop
      vertex 42.574 40.9472 3
      vertex -42.574 40.9472 3
      vertex 42.6207 40.8953 3
    endloop
  endfacet
  facet normal 0 0 1
    outer loop
      vertex 42.6207 -40.8953 3
      vertex -42.492 -41.0601 3
      vertex -42.4571 -41.1205 3
    endloop
  endfacet
  facet normal 0 0 1
    outer loop
      vertex -42.6207 40.8953 3
      vertex 42.6207 40.8953 3
      vertex -42.574 40.9472 3
    endloop
  endfacet
  facet normal 0 0 1
    outer loop
      vertex 42.6207 -40.8953 3
      vertex -42.531 -41.0022 3
      vertex -42.492 -41.0601 3
    endloop
  endfacet
  facet normal 0 0 1
    outer loop
      vertex 42.6207 40.8953 3
      vertex -42.6207 40.8953 3
      vertex 42.6207 -40.8953 3
    endloop
  endfacet
  facet normal 0 0 1
    outer loop
      vertex 42.6207 -40.8953 3
      vertex -42.574 -40.9472 3
      vertex -42.531 -41.0022 3
    endloop
  endfacet
  facet normal 0 0 1
    outer loop
      vertex -42.6207 -40.8953 3
      vertex 42.6207 -40.8953 3
      vertex -42.6207 40.8953 3
    endloop
  endfacet
  facet normal 0 0 1
    outer loop
      vertex 42.6207 -40.8953 3
      vertex -42.6207 -40.8953 3
      vertex -42.574 -40.9472 3
    endloop
  endfacet
  facet normal -0 0 1
    outer loop
      vertex -42.6709 40.8469 3
      vertex -42.6207 -40.8953 3
      vertex -42.6207 40.8953 3
    endloop
  endfacet
  facet normal 0 0 1
    outer loop
      vertex -42.6709 40.8469 3
      vertex -42.6709 -40.8469 3
      vertex -42.6207 -40.8953 3
    endloop
  endfacet
  facet normal -0 0 1
    outer loop
      vertex -42.7243 40.802 3
      vertex -42.6709 -40.8469 3
      vertex -42.6709 40.8469 3
    endloop
  endfacet
  facet normal 0 0 1
    outer loop
      vertex -42.7243 40.802 3
      vertex -42.7243 -40.802 3
      vertex -42.6709 -40.8469 3
    endloop
  endfacet
  facet normal -0 0 1
    outer loop
      vertex -42.7808 40.761 3
      vertex -42.7243 -40.802 3
      vertex -42.7243 40.802 3
    endloop
  endfacet
  facet normal 0 0 1
    outer loop
      vertex -42.7808 40.761 3
      vertex -42.7808 -40.761 3
      vertex -42.7243 -40.802 3
    endloop
  endfacet
  facet normal -0 0 1
    outer loop
      vertex -42.84 40.724 3
      vertex -42.7808 -40.761 3
      vertex -42.7808 40.761 3
    endloop
  endfacet
  facet normal 0 0 1
    outer loop
      vertex -42.84 40.724 3
      vertex -42.84 -40.724 3
      vertex -42.7808 -40.761 3
    endloop
  endfacet
  facet normal -0 0 1
    outer loop
      vertex -42.9016 40.6912 3
      vertex -42.84 -40.724 3
      vertex -42.84 40.724 3
    endloop
  endfacet
  facet normal 0 0 1
    outer loop
      vertex -42.9016 40.6912 3
      vertex -42.9016 -40.6912 3
      vertex -42.84 -40.724 3
    endloop
  endfacet
  facet normal -0 0 1
    outer loop
      vertex -42.9654 40.6628 3
      vertex -42.9016 -40.6912 3
      vertex -42.9016 40.6912 3
    endloop
  endfacet
  facet normal 0 0 1
    outer loop
      vertex -42.9654 40.6628 3
      vertex -42.9654 -40.6628 3
      vertex -42.9016 -40.6912 3
    endloop
  endfacet
  facet normal -0 0 1
    outer loop
      vertex -43.031 40.6389 3
      vertex -42.9654 -40.6628 3
      vertex -42.9654 40.6628 3
    endloop
  endfacet
  facet normal 0 0 1
    outer loop
      vertex -43.031 40.6389 3
      vertex -43.031 -40.6389 3
      vertex -42.9654 -40.6628 3
    endloop
  endfacet
  facet normal -0 0 1
    outer loop
      vertex -43.0981 40.6197 3
      vertex -43.031 -40.6389 3
      vertex -43.031 40.6389 3
    endloop
  endfacet
  facet normal 0 0 1
    outer loop
      vertex -43.0981 40.6197 3
      vertex -43.0981 -40.6197 3
      vertex -43.031 -40.6389 3
    endloop
  endfacet
  facet normal -0 0 1
    outer loop
      vertex -43.1664 40.6052 3
      vertex -43.0981 -40.6197 3
      vertex -43.0981 40.6197 3
    endloop
  endfacet
  facet normal 0 0 1
    outer loop
      vertex -43.1664 40.6052 3
      vertex -43.1664 -40.6052 3
      vertex -43.0981 -40.6197 3
    endloop
  endfacet
  facet normal -0 0 1
    outer loop
      vertex -43.2355 40.5955 3
      vertex -43.1664 -40.6052 3
      vertex -43.1664 40.6052 3
    endloop
  endfacet
  facet normal 0 0 1
    outer loop
      vertex -43.2355 40.5955 3
      vertex -43.2355 -40.5955 3
      vertex -43.1664 -40.6052 3
    endloop
  endfacet
  facet normal -0 0 1
    outer loop
      vertex -43.3051 40.5906 3
      vertex -43.2355 -40.5955 3
      vertex -43.2355 40.5955 3
    endloop
  endfacet
  facet normal 0 0 1
    outer loop
      vertex -43.3051 40.5906 3
      vertex -43.3051 -40.5906 3
      vertex -43.2355 -40.5955 3
    endloop
  endfacet
  facet normal -0 0 1
    outer loop
      vertex -51.5349 40.5906 3
      vertex -43.3051 -40.5906 3
      vertex -43.3051 40.5906 3
    endloop
  endfacet
  facet normal 0 0 1
    outer loop
      vertex -51.5349 40.5906 3
      vertex -51.5349 -40.5906 3
      vertex -43.3051 -40.5906 3
    endloop
  endfacet
  facet normal 0 0 1
    outer loop
      vertex -51.6045 40.5955 3
      vertex -51.5349 -40.5906 3
      vertex -51.5349 40.5906 3
    endloop
  endfacet
  facet normal 0 0 1
    outer loop
      vertex -51.6045 40.5955 3
      vertex -51.6045 -40.5955 3
      vertex -51.5349 -40.5906 3
    endloop
  endfacet
  facet normal 0 0 1
    outer loop
      vertex -51.6736 40.6052 3
      vertex -51.6045 -40.5955 3
      vertex -51.6045 40.5955 3
    endloop
  endfacet
  facet normal 0 0 1
    outer loop
      vertex -51.6736 40.6052 3
      vertex -51.6736 -40.6052 3
      vertex -51.6045 -40.5955 3
    endloop
  endfacet
  facet normal 0 0 1
    outer loop
      vertex -51.7419 40.6197 3
      vertex -51.6736 -40.6052 3
      vertex -51.6736 40.6052 3
    endloop
  endfacet
  facet normal 0 0 1
    outer loop
      vertex -51.7419 40.6197 3
      vertex -51.7419 -40.6197 3
      vertex -51.6736 -40.6052 3
    endloop
  endfacet
  facet normal 0 0 1
    outer loop
      vertex -51.809 40.6389 3
      vertex -51.7419 -40.6197 3
      vertex -51.7419 40.6197 3
    endloop
  endfacet
  facet normal 0 0 1
    outer loop
      vertex -51.809 40.6389 3
      vertex -51.809 -40.6389 3
      vertex -51.7419 -40.6197 3
    endloop
  endfacet
  facet normal 0 0 1
    outer loop
      vertex -51.8746 40.6628 3
      vertex -51.809 -40.6389 3
      vertex -51.809 40.6389 3
    endloop
  endfacet
  facet normal 0 0 1
    outer loop
      vertex -51.8746 40.6628 3
      vertex -51.8746 -40.6628 3
      vertex -51.809 -40.6389 3
    endloop
  endfacet
  facet normal 0 0 1
    outer loop
      vertex -51.9384 40.6912 3
      vertex -51.8746 -40.6628 3
      vertex -51.8746 40.6628 3
    endloop
  endfacet
  facet normal 0 0 1
    outer loop
      vertex -51.9384 40.6912 3
      vertex -51.9384 -40.6912 3
      vertex -51.8746 -40.6628 3
    endloop
  endfacet
  facet normal 0 0 1
    outer loop
      vertex -52 40.724 3
      vertex -51.9384 -40.6912 3
      vertex -51.9384 40.6912 3
    endloop
  endfacet
  facet normal 0 0 1
    outer loop
      vertex -51.9384 -40.6912 3
      vertex -52 40.724 3
      vertex -52 -40.724 3
    endloop
  endfacet
  facet normal 0 0 1
    outer loop
      vertex -42.34 41.59 3
      vertex 42.34 41.59 3
      vertex 42.34 49.75 3
    endloop
  endfacet
  facet normal 0 0 1
    outer loop
      vertex -42.3424 41.5202 3
      vertex 42.34 41.59 3
      vertex -42.34 41.59 3
    endloop
  endfacet
  facet normal 0 0 1
    outer loop
      vertex -42.34 41.59 3
      vertex 42.34 49.75 3
      vertex -42.34 49.75 3
    endloop
  endfacet
  facet normal 0 0 1
    outer loop
      vertex 42.3424 49.8198 3
      vertex -42.34 49.75 3
      vertex 42.34 49.75 3
    endloop
  endfacet
  facet normal 0 0 1
    outer loop
      vertex -42.3424 49.8198 3
      vertex 42.3424 49.8198 3
      vertex 42.3497 49.8892 3
    endloop
  endfacet
  facet normal 0 0 1
    outer loop
      vertex -42.3497 49.8892 3
      vertex 42.3497 49.8892 3
      vertex 42.3619 49.9579 3
    endloop
  endfacet
  facet normal 0 0 1
    outer loop
      vertex -42.3619 49.9579 3
      vertex 42.3619 49.9579 3
      vertex 42.3787 50.0256 3
    endloop
  endfacet
  facet normal 0 0 1
    outer loop
      vertex -42.3787 50.0256 3
      vertex 42.3787 50.0256 3
      vertex 42.4003 50.092 3
    endloop
  endfacet
  facet normal 0 0 1
    outer loop
      vertex -42.4003 50.092 3
      vertex 42.4003 50.092 3
      vertex 42.4265 50.1567 3
    endloop
  endfacet
  facet normal 0 0 1
    outer loop
      vertex -42.4265 50.1567 3
      vertex 42.4265 50.1567 3
      vertex 42.4571 50.2195 3
    endloop
  endfacet
  facet normal 0 0 1
    outer loop
      vertex -42.4571 50.2195 3
      vertex 42.4571 50.2195 3
      vertex 42.4743 50.2494 3
    endloop
  endfacet
  facet normal 0 0 1
    outer loop
      vertex 42.3424 49.8198 3
      vertex -42.3424 49.8198 3
      vertex -42.34 49.75 3
    endloop
  endfacet
  facet normal 0 0 1
    outer loop
      vertex 42.3497 49.8892 3
      vertex -42.3497 49.8892 3
      vertex -42.3424 49.8198 3
    endloop
  endfacet
  facet normal 0 0 1
    outer loop
      vertex 42.3619 49.9579 3
      vertex -42.3619 49.9579 3
      vertex -42.3497 49.8892 3
    endloop
  endfacet
  facet normal 0 0 1
    outer loop
      vertex 42.3787 50.0256 3
      vertex -42.3787 50.0256 3
      vertex -42.3619 49.9579 3
    endloop
  endfacet
  facet normal 0 0 1
    outer loop
      vertex 42.4003 50.092 3
      vertex -42.4003 50.092 3
      vertex -42.3787 50.0256 3
    endloop
  endfacet
  facet normal 0 0 1
    outer loop
      vertex 42.4265 50.1567 3
      vertex -42.4265 50.1567 3
      vertex -42.4003 50.092 3
    endloop
  endfacet
  facet normal 0 0 1
    outer loop
      vertex 42.4571 50.2195 3
      vertex -42.4571 50.2195 3
      vertex -42.4265 50.1567 3
    endloop
  endfacet
  facet normal 0 -0 1
    outer loop
      vertex -42.4571 50.2195 3
      vertex 42.4743 50.2494 3
      vertex -42.4743 50.2494 3
    endloop
  endfacet
  facet normal -0 0 1
    outer loop
      vertex 51.9384 40.6912 3
      vertex 52 -40.724 3
      vertex 52 40.724 3
    endloop
  endfacet
  facet normal 0 0 1
    outer loop
      vertex 51.9384 40.6912 3
      vertex 51.9384 -40.6912 3
      vertex 52 -40.724 3
    endloop
  endfacet
  facet normal -0 0 1
    outer loop
      vertex 51.8746 40.6628 3
      vertex 51.9384 -40.6912 3
      vertex 51.9384 40.6912 3
    endloop
  endfacet
  facet normal 0 0 1
    outer loop
      vertex 51.8746 40.6628 3
      vertex 51.8746 -40.6628 3
      vertex 51.9384 -40.6912 3
    endloop
  endfacet
  facet normal -0 0 1
    outer loop
      vertex 51.809 40.6389 3
      vertex 51.8746 -40.6628 3
      vertex 51.8746 40.6628 3
    endloop
  endfacet
  facet normal 0 0 1
    outer loop
      vertex 51.809 40.6389 3
      vertex 51.809 -40.6389 3
      vertex 51.8746 -40.6628 3
    endloop
  endfacet
  facet normal -0 0 1
    outer loop
      vertex 51.7419 40.6197 3
      vertex 51.809 -40.6389 3
      vertex 51.809 40.6389 3
    endloop
  endfacet
  facet normal 0 0 1
    outer loop
      vertex 51.7419 40.6197 3
      vertex 51.7419 -40.6197 3
      vertex 51.809 -40.6389 3
    endloop
  endfacet
  facet normal -0 0 1
    outer loop
      vertex 51.6736 40.6052 3
      vertex 51.7419 -40.6197 3
      vertex 51.7419 40.6197 3
    endloop
  endfacet
  facet normal 0 0 1
    outer loop
      vertex 51.6736 40.6052 3
      vertex 51.6736 -40.6052 3
      vertex 51.7419 -40.6197 3
    endloop
  endfacet
  facet normal -0 0 1
    outer loop
      vertex 51.6045 40.5955 3
      vertex 51.6736 -40.6052 3
      vertex 51.6736 40.6052 3
    endloop
  endfacet
  facet normal 0 0 1
    outer loop
      vertex 51.6045 40.5955 3
      vertex 51.6045 -40.5955 3
      vertex 51.6736 -40.6052 3
    endloop
  endfacet
  facet normal -0 0 1
    outer loop
      vertex 51.5349 40.5906 3
      vertex 51.6045 -40.5955 3
      vertex 51.6045 40.5955 3
    endloop
  endfacet
  facet normal 0 0 1
    outer loop
      vertex 51.5349 40.5906 3
      vertex 51.5349 -40.5906 3
      vertex 51.6045 -40.5955 3
    endloop
  endfacet
  facet normal -0 0 1
    outer loop
      vertex 43.3051 40.5906 3
      vertex 51.5349 -40.5906 3
      vertex 51.5349 40.5906 3
    endloop
  endfacet
  facet normal 0 0 1
    outer loop
      vertex 43.3051 40.5906 3
      vertex 43.3051 -40.5906 3
      vertex 51.5349 -40.5906 3
    endloop
  endfacet
  facet normal 0 0 1
    outer loop
      vertex 43.2355 40.5955 3
      vertex 43.3051 -40.5906 3
      vertex 43.3051 40.5906 3
    endloop
  endfacet
  facet normal 0 0 1
    outer loop
      vertex 43.2355 40.5955 3
      vertex 43.2355 -40.5955 3
      vertex 43.3051 -40.5906 3
    endloop
  endfacet
  facet normal 0 0 1
    outer loop
      vertex 43.1664 40.6052 3
      vertex 43.2355 -40.5955 3
      vertex 43.2355 40.5955 3
    endloop
  endfacet
  facet normal 0 0 1
    outer loop
      vertex 43.1664 40.6052 3
      vertex 43.1664 -40.6052 3
      vertex 43.2355 -40.5955 3
    endloop
  endfacet
  facet normal 0 0 1
    outer loop
      vertex 43.0981 40.6197 3
      vertex 43.1664 -40.6052 3
      vertex 43.1664 40.6052 3
    endloop
  endfacet
  facet normal 0 0 1
    outer loop
      vertex 43.0981 40.6197 3
      vertex 43.0981 -40.6197 3
      vertex 43.1664 -40.6052 3
    endloop
  endfacet
  facet normal 0 0 1
    outer loop
      vertex 43.031 40.6389 3
      vertex 43.0981 -40.6197 3
      vertex 43.0981 40.6197 3
    endloop
  endfacet
  facet normal 0 0 1
    outer loop
      vertex 43.031 40.6389 3
      vertex 43.031 -40.6389 3
      vertex 43.0981 -40.6197 3
    endloop
  endfacet
  facet normal 0 0 1
    outer loop
      vertex 42.9654 40.6628 3
      vertex 43.031 -40.6389 3
      vertex 43.031 40.6389 3
    endloop
  endfacet
  facet normal 0 0 1
    outer loop
      vertex 42.9654 40.6628 3
      vertex 42.9654 -40.6628 3
      vertex 43.031 -40.6389 3
    endloop
  endfacet
  facet normal 0 0 1
    outer loop
      vertex 42.9016 40.6912 3
      vertex 42.9654 -40.6628 3
      vertex 42.9654 40.6628 3
    endloop
  endfacet
  facet normal 0 0 1
    outer loop
      vertex 42.9016 40.6912 3
      vertex 42.9016 -40.6912 3
      vertex 42.9654 -40.6628 3
    endloop
  endfacet
  facet normal 0 0 1
    outer loop
      vertex 42.84 40.724 3
      vertex 42.9016 -40.6912 3
      vertex 42.9016 40.6912 3
    endloop
  endfacet
  facet normal 0 0 1
    outer loop
      vertex 42.84 40.724 3
      vertex 42.84 -40.724 3
      vertex 42.9016 -40.6912 3
    endloop
  endfacet
  facet normal 0 0 1
    outer loop
      vertex 42.7808 40.761 3
      vertex 42.84 -40.724 3
      vertex 42.84 40.724 3
    endloop
  endfacet
  facet normal 0 0 1
    outer loop
      vertex 42.7808 40.761 3
      vertex 42.7808 -40.761 3
      vertex 42.84 -40.724 3
    endloop
  endfacet
  facet normal 0 0 1
    outer loop
      vertex 42.7243 40.802 3
      vertex 42.7808 -40.761 3
      vertex 42.7808 40.761 3
    endloop
  endfacet
  facet normal 0 0 1
    outer loop
      vertex 42.7243 40.802 3
      vertex 42.7243 -40.802 3
      vertex 42.7808 -40.761 3
    endloop
  endfacet
  facet normal 0 0 1
    outer loop
      vertex 42.6709 40.8469 3
      vertex 42.7243 -40.802 3
      vertex 42.7243 40.802 3
    endloop
  endfacet
  facet normal 0 0 1
    outer loop
      vertex 42.6709 40.8469 3
      vertex 42.6709 -40.8469 3
      vertex 42.7243 -40.802 3
    endloop
  endfacet
  facet normal 0 0 1
    outer loop
      vertex 42.6207 40.8953 3
      vertex 42.6709 -40.8469 3
      vertex 42.6709 40.8469 3
    endloop
  endfacet
  facet normal 0 0 1
    outer loop
      vertex 42.6207 40.8953 3
      vertex 42.6207 -40.8953 3
      vertex 42.6709 -40.8469 3
    endloop
  endfacet
  facet normal 0 0 1
    outer loop
      vertex -42.4265 41.1833 3
      vertex 42.4265 41.1833 3
      vertex -42.4003 41.248 3
    endloop
  endfacet
  facet normal 0 0 1
    outer loop
      vertex 42.4265 41.1833 3
      vertex -42.4265 41.1833 3
      vertex 42.4571 41.1205 3
    endloop
  endfacet
  facet normal 0 0 1
    outer loop
      vertex 42.4003 41.248 3
      vertex -42.4003 41.248 3
      vertex 42.4265 41.1833 3
    endloop
  endfacet
  facet normal 0 0 1
    outer loop
      vertex -42.4571 41.1205 3
      vertex 42.4571 41.1205 3
      vertex -42.4265 41.1833 3
    endloop
  endfacet
  facet normal 0 0 1
    outer loop
      vertex -42.4003 41.248 3
      vertex 42.4003 41.248 3
      vertex -42.3787 41.3144 3
    endloop
  endfacet
  facet normal 0 0 1
    outer loop
      vertex 42.6207 -40.8953 3
      vertex -42.34 -41.59 3
      vertex 42.574 -40.9472 3
    endloop
  endfacet
  facet normal 0 0 1
    outer loop
      vertex 42.3787 41.3144 3
      vertex -42.3787 41.3144 3
      vertex 42.4003 41.248 3
    endloop
  endfacet
  facet normal 0 0 1
    outer loop
      vertex 42.574 -40.9472 3
      vertex -42.34 -41.59 3
      vertex 42.531 -41.0022 3
    endloop
  endfacet
  facet normal 0 0 1
    outer loop
      vertex -42.3787 41.3144 3
      vertex 42.3787 41.3144 3
      vertex -42.3619 41.3821 3
    endloop
  endfacet
  facet normal 0 0 1
    outer loop
      vertex 42.531 -41.0022 3
      vertex -42.34 -41.59 3
      vertex 42.492 -41.0601 3
    endloop
  endfacet
  facet normal 0 0 1
    outer loop
      vertex 42.3619 41.3821 3
      vertex -42.3619 41.3821 3
      vertex 42.3787 41.3144 3
    endloop
  endfacet
  facet normal 0 0 1
    outer loop
      vertex 42.492 -41.0601 3
      vertex -42.34 -41.59 3
      vertex 42.4571 -41.1205 3
    endloop
  endfacet
  facet normal 0 0 1
    outer loop
      vertex -42.3619 41.3821 3
      vertex 42.3619 41.3821 3
      vertex -42.3497 41.4508 3
    endloop
  endfacet
  facet normal 0 0 1
    outer loop
      vertex 42.4571 -41.1205 3
      vertex -42.34 -41.59 3
      vertex 42.4265 -41.1833 3
    endloop
  endfacet
  facet normal 0 0 1
    outer loop
      vertex 42.3497 41.4508 3
      vertex -42.3497 41.4508 3
      vertex 42.3619 41.3821 3
    endloop
  endfacet
  facet normal 0 0 1
    outer loop
      vertex 42.4265 -41.1833 3
      vertex -42.34 -41.59 3
      vertex 42.4003 -41.248 3
    endloop
  endfacet
  facet normal 0 0 1
    outer loop
      vertex -42.3497 41.4508 3
      vertex 42.3497 41.4508 3
      vertex -42.3424 41.5202 3
    endloop
  endfacet
  facet normal 0 0 1
    outer loop
      vertex 42.4003 -41.248 3
      vertex -42.34 -41.59 3
      vertex 42.3787 -41.3144 3
    endloop
  endfacet
  facet normal -0 0 1
    outer loop
      vertex -42.3424 41.5202 3
      vertex 42.3497 41.4508 3
      vertex 42.3424 41.5202 3
    endloop
  endfacet
  facet normal 0 0 1
    outer loop
      vertex 42.3787 -41.3144 3
      vertex -42.34 -41.59 3
      vertex 42.3619 -41.3821 3
    endloop
  endfacet
  facet normal 0 0 1
    outer loop
      vertex -42.3424 41.5202 3
      vertex 42.3424 41.5202 3
      vertex 42.34 41.59 3
    endloop
  endfacet
  facet normal 0 0 1
    outer loop
      vertex 42.3619 -41.3821 3
      vertex -42.34 -41.59 3
      vertex 42.3497 -41.4508 3
    endloop
  endfacet
  facet normal 0 0 1
    outer loop
      vertex 42.3497 -41.4508 3
      vertex -42.34 -41.59 3
      vertex 42.3424 -41.5202 3
    endloop
  endfacet
  facet normal 0 0 1
    outer loop
      vertex 42.34 -41.59 3
      vertex -42.34 -41.59 3
      vertex 42.34 -49.75 3
    endloop
  endfacet
  facet normal 0 0 1
    outer loop
      vertex -42.34 -49.75 3
      vertex 42.34 -49.75 3
      vertex -42.34 -41.59 3
    endloop
  endfacet
  facet normal 0 0 1
    outer loop
      vertex 42.34 -49.75 3
      vertex -42.34 -49.75 3
      vertex 42.3424 -49.8198 3
    endloop
  endfacet
  facet normal 0 0 1
    outer loop
      vertex -42.3424 -49.8198 3
      vertex 42.3424 -49.8198 3
      vertex -42.34 -49.75 3
    endloop
  endfacet
  facet normal 0 0 1
    outer loop
      vertex 42.3424 -49.8198 3
      vertex -42.3424 -49.8198 3
      vertex 42.3497 -49.8892 3
    endloop
  endfacet
  facet normal 0 0 1
    outer loop
      vertex -42.3497 -49.8892 3
      vertex 42.3497 -49.8892 3
      vertex -42.3424 -49.8198 3
    endloop
  endfacet
  facet normal 0 0 1
    outer loop
      vertex 42.3497 -49.8892 3
      vertex -42.3497 -49.8892 3
      vertex 42.3619 -49.9579 3
    endloop
  endfacet
  facet normal 0 0 1
    outer loop
      vertex -42.3619 -49.9579 3
      vertex 42.3619 -49.9579 3
      vertex -42.3497 -49.8892 3
    endloop
  endfacet
  facet normal 0 0 1
    outer loop
      vertex 42.3619 -49.9579 3
      vertex -42.3619 -49.9579 3
      vertex 42.3787 -50.0256 3
    endloop
  endfacet
  facet normal 0 0 1
    outer loop
      vertex -42.3787 -50.0256 3
      vertex 42.3787 -50.0256 3
      vertex -42.3619 -49.9579 3
    endloop
  endfacet
  facet normal 0 0 1
    outer loop
      vertex 42.3787 -50.0256 3
      vertex -42.3787 -50.0256 3
      vertex 42.4003 -50.092 3
    endloop
  endfacet
  facet normal 0 0 1
    outer loop
      vertex -42.4003 -50.092 3
      vertex 42.4003 -50.092 3
      vertex -42.3787 -50.0256 3
    endloop
  endfacet
  facet normal 0 0 1
    outer loop
      vertex 42.4003 -50.092 3
      vertex -42.4003 -50.092 3
      vertex 42.4265 -50.1567 3
    endloop
  endfacet
  facet normal 0 0 1
    outer loop
      vertex -42.4265 -50.1567 3
      vertex 42.4265 -50.1567 3
      vertex -42.4003 -50.092 3
    endloop
  endfacet
  facet normal 0 0 1
    outer loop
      vertex 42.4265 -50.1567 3
      vertex -42.4265 -50.1567 3
      vertex 42.4571 -50.2195 3
    endloop
  endfacet
  facet normal 0 0 1
    outer loop
      vertex -42.4571 -50.2195 3
      vertex 42.4571 -50.2195 3
      vertex -42.4265 -50.1567 3
    endloop
  endfacet
  facet normal 0 0 1
    outer loop
      vertex 42.4571 -50.2195 3
      vertex -42.4571 -50.2195 3
      vertex 42.4743 -50.2494 3
    endloop
  endfacet
  facet normal 0 0 1
    outer loop
      vertex 42.4743 -50.2494 3
      vertex -42.4571 -50.2195 3
      vertex -42.4743 -50.2494 3
    endloop
  endfacet
  facet normal -0.694082 0.719895 0
    outer loop
      vertex 51.7193 -49.9447 6
      vertex 51.6691 -49.9931 20.8
      vertex 51.7193 -49.9447 20.8
    endloop
  endfacet
  facet normal -0.694082 0.719895 0
    outer loop
      vertex 51.6691 -49.9931 20.8
      vertex 51.7193 -49.9447 6
      vertex 51.6691 -49.9931 6
    endloop
  endfacet
  facet normal -0.95095 0.309345 0
    outer loop
      vertex 51.9397 -49.592 6
      vertex 51.9613 -49.5256 20.8
      vertex 51.9613 -49.5256 6
    endloop
  endfacet
  facet normal -0.95095 0.309345 0
    outer loop
      vertex 51.9613 -49.5256 20.8
      vertex 51.9397 -49.592 6
      vertex 51.9397 -49.592 20.8
    endloop
  endfacet
  facet normal -0.787807 -0.615922 0
    outer loop
      vertex 51.809 49.8378 6
      vertex 51.766 49.8928 20.8
      vertex 51.766 49.8928 6
    endloop
  endfacet
  facet normal -0.787807 -0.615922 0
    outer loop
      vertex 51.766 49.8928 20.8
      vertex 51.809 49.8378 6
      vertex 51.809 49.8378 20.8
    endloop
  endfacet
  facet normal -0 0 1
    outer loop
      vertex -54.5 36.75 7.8
      vertex -52 -38.75 7.8
      vertex -52 36.75 7.8
    endloop
  endfacet
  facet normal 0 0 1
    outer loop
      vertex -52 -38.75 7.8
      vertex -54.5 36.75 7.8
      vertex -54.5 -38.75 7.8
    endloop
  endfacet
  facet normal 0 -1 0
    outer loop
      vertex -54.5 36.75 19.6
      vertex -54.5 36.75 7.8
      vertex -53.25 36.75 19.6
    endloop
  endfacet
  facet normal 0 -1 0
    outer loop
      vertex -53.25 36.75 19.6
      vertex -52 36.75 20.8
      vertex -53.25 36.75 20.8
    endloop
  endfacet
  facet normal 0 -1 0
    outer loop
      vertex -52 36.75 7.8
      vertex -53.25 36.75 19.6
      vertex -54.5 36.75 7.8
    endloop
  endfacet
  facet normal 0 -1 0
    outer loop
      vertex -53.25 36.75 19.6
      vertex -52 36.75 7.8
      vertex -52 36.75 20.8
    endloop
  endfacet
  facet normal 0 1 0
    outer loop
      vertex -52 -38.75 20.8
      vertex -53.25 -38.75 19.6
      vertex -53.25 -38.75 20.8
    endloop
  endfacet
  facet normal 0 1 -0
    outer loop
      vertex -52 -38.75 7.8
      vertex -53.25 -38.75 19.6
      vertex -52 -38.75 20.8
    endloop
  endfacet
  facet normal 0 1 0
    outer loop
      vertex -54.5 -38.75 7.8
      vertex -53.25 -38.75 19.6
      vertex -52 -38.75 7.8
    endloop
  endfacet
  facet normal 0 1 0
    outer loop
      vertex -53.25 -38.75 19.6
      vertex -54.5 -38.75 7.8
      vertex -54.5 -38.75 19.6
    endloop
  endfacet
  facet normal -0 0 1
    outer loop
      vertex 52 32.75 6
      vertex 54.5 6.25 6
      vertex 54.5 32.75 6
    endloop
  endfacet
  facet normal 0 0 1
    outer loop
      vertex 54.5 6.25 6
      vertex 52 32.75 6
      vertex 52 6.25 6
    endloop
  endfacet
  facet normal 0 -1 0
    outer loop
      vertex 52 32.75 20.8
      vertex 53.25 32.75 19.6
      vertex 53.25 32.75 20.8
    endloop
  endfacet
  facet normal 0 -1 0
    outer loop
      vertex 52 32.75 6
      vertex 53.25 32.75 19.6
      vertex 52 32.75 20.8
    endloop
  endfacet
  facet normal 0 -1 0
    outer loop
      vertex 54.5 32.75 6
      vertex 53.25 32.75 19.6
      vertex 52 32.75 6
    endloop
  endfacet
  facet normal 0 -1 0
    outer loop
      vertex 53.25 32.75 19.6
      vertex 54.5 32.75 6
      vertex 54.5 32.75 19.6
    endloop
  endfacet
  facet normal 0 1 0
    outer loop
      vertex 54.5 6.25 19.6
      vertex 54.5 6.25 6
      vertex 53.25 6.25 19.6
    endloop
  endfacet
  facet normal 0 1 -0
    outer loop
      vertex 53.25 6.25 19.6
      vertex 52 6.25 20.8
      vertex 53.25 6.25 20.8
    endloop
  endfacet
  facet normal 0 1 0
    outer loop
      vertex 52 6.25 6
      vertex 53.25 6.25 19.6
      vertex 54.5 6.25 6
    endloop
  endfacet
  facet normal 0 1 0
    outer loop
      vertex 53.25 6.25 19.6
      vertex 52 6.25 6
      vertex 52 6.25 20.8
    endloop
  endfacet
  facet normal 0.92388 0.382681 0
    outer loop
      vertex 42.721 57.7229 5
      vertex 42.5158 58.2183 0
      vertex 42.5158 58.2183 5
    endloop
  endfacet
  facet normal 0.92388 0.382681 0
    outer loop
      vertex 42.5158 58.2183 0
      vertex 42.721 57.7229 5
      vertex 42.721 57.7229 0
    endloop
  endfacet
  facet normal -0.793282 -0.608854 0
    outer loop
      vertex 46.279 59.7771 0
      vertex 45.9525 60.2025 5
      vertex 45.9525 60.2025 0
    endloop
  endfacet
  facet normal -0.793282 -0.608854 0
    outer loop
      vertex 45.9525 60.2025 5
      vertex 46.279 59.7771 0
      vertex 46.279 59.7771 5
    endloop
  endfacet
  facet normal 0.991445 -0.130527 0
    outer loop
      vertex 42.4458 58.75 5
      vertex 42.5158 59.2817 0
      vertex 42.5158 59.2817 5
    endloop
  endfacet
  facet normal 0.991445 -0.130527 0
    outer loop
      vertex 42.5158 59.2817 0
      vertex 42.4458 58.75 5
      vertex 42.4458 58.75 0
    endloop
  endfacet
  facet normal -0.92388 -0.382681 0
    outer loop
      vertex 46.4842 59.2817 0
      vertex 46.279 59.7771 5
      vertex 46.279 59.7771 0
    endloop
  endfacet
  facet normal -0.92388 -0.382681 0
    outer loop
      vertex 46.279 59.7771 5
      vertex 46.4842 59.2817 0
      vertex 46.4842 59.2817 5
    endloop
  endfacet
  facet normal -0.608854 0.793282 0
    outer loop
      vertex 45.9525 57.2975 0
      vertex 45.5271 56.971 5
      vertex 45.9525 57.2975 5
    endloop
  endfacet
  facet normal -0.608854 0.793282 0
    outer loop
      vertex 45.5271 56.971 5
      vertex 45.9525 57.2975 0
      vertex 45.5271 56.971 0
    endloop
  endfacet
  facet normal 0.382681 0.92388 -0
    outer loop
      vertex 43.9683 56.7658 0
      vertex 43.4729 56.971 5
      vertex 43.9683 56.7658 5
    endloop
  endfacet
  facet normal 0.382681 0.92388 0
    outer loop
      vertex 43.4729 56.971 5
      vertex 43.9683 56.7658 0
      vertex 43.4729 56.971 0
    endloop
  endfacet
  facet normal -0.991445 0.130527 0
    outer loop
      vertex 46.4842 58.2183 0
      vertex 46.5542 58.75 5
      vertex 46.5542 58.75 0
    endloop
  endfacet
  facet normal -0.991445 0.130527 0
    outer loop
      vertex 46.5542 58.75 5
      vertex 46.4842 58.2183 0
      vertex 46.4842 58.2183 5
    endloop
  endfacet
  facet normal -0.382681 0.92388 0
    outer loop
      vertex 45.5271 56.971 0
      vertex 45.0317 56.7658 5
      vertex 45.5271 56.971 5
    endloop
  endfacet
  facet normal -0.382681 0.92388 0
    outer loop
      vertex 45.0317 56.7658 5
      vertex 45.5271 56.971 0
      vertex 45.0317 56.7658 0
    endloop
  endfacet
  facet normal -0.608854 -0.793282 0
    outer loop
      vertex 45.5271 60.529 0
      vertex 45.9525 60.2025 5
      vertex 45.5271 60.529 5
    endloop
  endfacet
  facet normal -0.608854 -0.793282 -0
    outer loop
      vertex 45.9525 60.2025 5
      vertex 45.5271 60.529 0
      vertex 45.9525 60.2025 0
    endloop
  endfacet
  facet normal -0.991445 -0.130527 0
    outer loop
      vertex 46.5542 58.75 0
      vertex 46.4842 59.2817 5
      vertex 46.4842 59.2817 0
    endloop
  endfacet
  facet normal -0.991445 -0.130527 0
    outer loop
      vertex 46.4842 59.2817 5
      vertex 46.5542 58.75 0
      vertex 46.5542 58.75 5
    endloop
  endfacet
  facet normal -0.130527 -0.991445 0
    outer loop
      vertex 44.5 60.8042 0
      vertex 45.0317 60.7342 5
      vertex 44.5 60.8042 5
    endloop
  endfacet
  facet normal -0.130527 -0.991445 -0
    outer loop
      vertex 45.0317 60.7342 5
      vertex 44.5 60.8042 0
      vertex 45.0317 60.7342 0
    endloop
  endfacet
  facet normal 0.382681 -0.92388 0
    outer loop
      vertex 43.4729 60.529 0
      vertex 43.9683 60.7342 5
      vertex 43.4729 60.529 5
    endloop
  endfacet
  facet normal 0.382681 -0.92388 0
    outer loop
      vertex 43.9683 60.7342 5
      vertex 43.4729 60.529 0
      vertex 43.9683 60.7342 0
    endloop
  endfacet
  facet normal 0.130527 -0.991445 0
    outer loop
      vertex 43.9683 60.7342 0
      vertex 44.5 60.8042 5
      vertex 43.9683 60.7342 5
    endloop
  endfacet
  facet normal 0.130527 -0.991445 0
    outer loop
      vertex 44.5 60.8042 5
      vertex 43.9683 60.7342 0
      vertex 44.5 60.8042 0
    endloop
  endfacet
  facet normal 0.130527 0.991445 -0
    outer loop
      vertex 44.5 56.6958 0
      vertex 43.9683 56.7658 5
      vertex 44.5 56.6958 5
    endloop
  endfacet
  facet normal 0.130527 0.991445 0
    outer loop
      vertex 43.9683 56.7658 5
      vertex 44.5 56.6958 0
      vertex 43.9683 56.7658 0
    endloop
  endfacet
  facet normal -0.793282 0.608854 0
    outer loop
      vertex 45.9525 57.2975 0
      vertex 46.279 57.7229 5
      vertex 46.279 57.7229 0
    endloop
  endfacet
  facet normal -0.793282 0.608854 0
    outer loop
      vertex 46.279 57.7229 5
      vertex 45.9525 57.2975 0
      vertex 45.9525 57.2975 5
    endloop
  endfacet
  facet normal -0.382681 -0.92388 0
    outer loop
      vertex 45.0317 60.7342 0
      vertex 45.5271 60.529 5
      vertex 45.0317 60.7342 5
    endloop
  endfacet
  facet normal -0.382681 -0.92388 -0
    outer loop
      vertex 45.5271 60.529 5
      vertex 45.0317 60.7342 0
      vertex 45.5271 60.529 0
    endloop
  endfacet
  facet normal 0.793282 -0.608854 0
    outer loop
      vertex 42.721 59.7771 5
      vertex 43.0475 60.2025 0
      vertex 43.0475 60.2025 5
    endloop
  endfacet
  facet normal 0.793282 -0.608854 0
    outer loop
      vertex 43.0475 60.2025 0
      vertex 42.721 59.7771 5
      vertex 42.721 59.7771 0
    endloop
  endfacet
  facet normal 0.991445 0.130527 0
    outer loop
      vertex 42.5158 58.2183 5
      vertex 42.4458 58.75 0
      vertex 42.4458 58.75 5
    endloop
  endfacet
  facet normal 0.991445 0.130527 0
    outer loop
      vertex 42.4458 58.75 0
      vertex 42.5158 58.2183 5
      vertex 42.5158 58.2183 0
    endloop
  endfacet
  facet normal 0.608854 0.793282 -0
    outer loop
      vertex 43.4729 56.971 0
      vertex 43.0475 57.2975 5
      vertex 43.4729 56.971 5
    endloop
  endfacet
  facet normal 0.608854 0.793282 0
    outer loop
      vertex 43.0475 57.2975 5
      vertex 43.4729 56.971 0
      vertex 43.0475 57.2975 0
    endloop
  endfacet
  facet normal 0.92388 -0.382681 0
    outer loop
      vertex 42.5158 59.2817 5
      vertex 42.721 59.7771 0
      vertex 42.721 59.7771 5
    endloop
  endfacet
  facet normal 0.92388 -0.382681 0
    outer loop
      vertex 42.721 59.7771 0
      vertex 42.5158 59.2817 5
      vertex 42.5158 59.2817 0
    endloop
  endfacet
  facet normal 0.793282 0.608854 0
    outer loop
      vertex 43.0475 57.2975 5
      vertex 42.721 57.7229 0
      vertex 42.721 57.7229 5
    endloop
  endfacet
  facet normal 0.793282 0.608854 0
    outer loop
      vertex 42.721 57.7229 0
      vertex 43.0475 57.2975 5
      vertex 43.0475 57.2975 0
    endloop
  endfacet
  facet normal -0.130527 0.991445 0
    outer loop
      vertex 45.0317 56.7658 0
      vertex 44.5 56.6958 5
      vertex 45.0317 56.7658 5
    endloop
  endfacet
  facet normal -0.130527 0.991445 0
    outer loop
      vertex 44.5 56.6958 5
      vertex 45.0317 56.7658 0
      vertex 44.5 56.6958 0
    endloop
  endfacet
  facet normal 0.608854 -0.793282 0
    outer loop
      vertex 43.0475 60.2025 0
      vertex 43.4729 60.529 5
      vertex 43.0475 60.2025 5
    endloop
  endfacet
  facet normal 0.608854 -0.793282 0
    outer loop
      vertex 43.4729 60.529 5
      vertex 43.0475 60.2025 0
      vertex 43.4729 60.529 0
    endloop
  endfacet
  facet normal -0.92388 0.382681 0
    outer loop
      vertex 46.279 57.7229 0
      vertex 46.4842 58.2183 5
      vertex 46.4842 58.2183 0
    endloop
  endfacet
  facet normal -0.92388 0.382681 0
    outer loop
      vertex 46.4842 58.2183 5
      vertex 46.279 57.7229 0
      vertex 46.279 57.7229 5
    endloop
  endfacet
  facet normal -0.92388 -0.382681 0
    outer loop
      vertex 46.4842 -58.2183 0
      vertex 46.279 -57.7229 5
      vertex 46.279 -57.7229 0
    endloop
  endfacet
  facet normal -0.92388 -0.382681 0
    outer loop
      vertex 46.279 -57.7229 5
      vertex 46.4842 -58.2183 0
      vertex 46.4842 -58.2183 5
    endloop
  endfacet
  facet normal 0.608854 0.793282 -0
    outer loop
      vertex 43.4729 -60.529 0
      vertex 43.0475 -60.2025 5
      vertex 43.4729 -60.529 5
    endloop
  endfacet
  facet normal 0.608854 0.793282 0
    outer loop
      vertex 43.0475 -60.2025 5
      vertex 43.4729 -60.529 0
      vertex 43.0475 -60.2025 0
    endloop
  endfacet
  facet normal 0.793282 -0.608854 0
    outer loop
      vertex 42.721 -57.7229 5
      vertex 43.0475 -57.2975 0
      vertex 43.0475 -57.2975 5
    endloop
  endfacet
  facet normal 0.793282 -0.608854 0
    outer loop
      vertex 43.0475 -57.2975 0
      vertex 42.721 -57.7229 5
      vertex 42.721 -57.7229 0
    endloop
  endfacet
  facet normal 0.991445 -0.130527 0
    outer loop
      vertex 42.4458 -58.75 5
      vertex 42.5158 -58.2183 0
      vertex 42.5158 -58.2183 5
    endloop
  endfacet
  facet normal 0.991445 -0.130527 0
    outer loop
      vertex 42.5158 -58.2183 0
      vertex 42.4458 -58.75 5
      vertex 42.4458 -58.75 0
    endloop
  endfacet
  facet normal -0.991445 0.130527 0
    outer loop
      vertex 46.4842 -59.2817 0
      vertex 46.5542 -58.75 5
      vertex 46.5542 -58.75 0
    endloop
  endfacet
  facet normal -0.991445 0.130527 0
    outer loop
      vertex 46.5542 -58.75 5
      vertex 46.4842 -59.2817 0
      vertex 46.4842 -59.2817 5
    endloop
  endfacet
  facet normal 0.991445 0.130527 0
    outer loop
      vertex 42.5158 -59.2817 5
      vertex 42.4458 -58.75 0
      vertex 42.4458 -58.75 5
    endloop
  endfacet
  facet normal 0.991445 0.130527 0
    outer loop
      vertex 42.4458 -58.75 0
      vertex 42.5158 -59.2817 5
      vertex 42.5158 -59.2817 0
    endloop
  endfacet
  facet normal -0.991445 -0.130527 0
    outer loop
      vertex 46.5542 -58.75 0
      vertex 46.4842 -58.2183 5
      vertex 46.4842 -58.2183 0
    endloop
  endfacet
  facet normal -0.991445 -0.130527 0
    outer loop
      vertex 46.4842 -58.2183 5
      vertex 46.5542 -58.75 0
      vertex 46.5542 -58.75 5
    endloop
  endfacet
  facet normal -0.608854 0.793282 0
    outer loop
      vertex 45.9525 -60.2025 0
      vertex 45.5271 -60.529 5
      vertex 45.9525 -60.2025 5
    endloop
  endfacet
  facet normal -0.608854 0.793282 0
    outer loop
      vertex 45.5271 -60.529 5
      vertex 45.9525 -60.2025 0
      vertex 45.5271 -60.529 0
    endloop
  endfacet
  facet normal -0.608854 -0.793282 0
    outer loop
      vertex 45.5271 -56.971 0
      vertex 45.9525 -57.2975 5
      vertex 45.5271 -56.971 5
    endloop
  endfacet
  facet normal -0.608854 -0.793282 -0
    outer loop
      vertex 45.9525 -57.2975 5
      vertex 45.5271 -56.971 0
      vertex 45.9525 -57.2975 0
    endloop
  endfacet
  facet normal -0.793282 0.608854 0
    outer loop
      vertex 45.9525 -60.2025 0
      vertex 46.279 -59.7771 5
      vertex 46.279 -59.7771 0
    endloop
  endfacet
  facet normal -0.793282 0.608854 0
    outer loop
      vertex 46.279 -59.7771 5
      vertex 45.9525 -60.2025 0
      vertex 45.9525 -60.2025 5
    endloop
  endfacet
  facet normal -0.793282 -0.608854 0
    outer loop
      vertex 46.279 -57.7229 0
      vertex 45.9525 -57.2975 5
      vertex 45.9525 -57.2975 0
    endloop
  endfacet
  facet normal -0.793282 -0.608854 0
    outer loop
      vertex 45.9525 -57.2975 5
      vertex 46.279 -57.7229 0
      vertex 46.279 -57.7229 5
    endloop
  endfacet
  facet normal 0.382681 0.92388 -0
    outer loop
      vertex 43.9683 -60.7342 0
      vertex 43.4729 -60.529 5
      vertex 43.9683 -60.7342 5
    endloop
  endfacet
  facet normal 0.382681 0.92388 0
    outer loop
      vertex 43.4729 -60.529 5
      vertex 43.9683 -60.7342 0
      vertex 43.4729 -60.529 0
    endloop
  endfacet
  facet normal -0.130527 0.991445 0
    outer loop
      vertex 45.0317 -60.7342 0
      vertex 44.5 -60.8042 5
      vertex 45.0317 -60.7342 5
    endloop
  endfacet
  facet normal -0.130527 0.991445 0
    outer loop
      vertex 44.5 -60.8042 5
      vertex 45.0317 -60.7342 0
      vertex 44.5 -60.8042 0
    endloop
  endfacet
  facet normal -0.382681 -0.92388 0
    outer loop
      vertex 45.0317 -56.7658 0
      vertex 45.5271 -56.971 5
      vertex 45.0317 -56.7658 5
    endloop
  endfacet
  facet normal -0.382681 -0.92388 -0
    outer loop
      vertex 45.5271 -56.971 5
      vertex 45.0317 -56.7658 0
      vertex 45.5271 -56.971 0
    endloop
  endfacet
  facet normal 0.608854 -0.793282 0
    outer loop
      vertex 43.0475 -57.2975 0
      vertex 43.4729 -56.971 5
      vertex 43.0475 -57.2975 5
    endloop
  endfacet
  facet normal 0.608854 -0.793282 0
    outer loop
      vertex 43.4729 -56.971 5
      vertex 43.0475 -57.2975 0
      vertex 43.4729 -56.971 0
    endloop
  endfacet
  facet normal 0.382681 -0.92388 0
    outer loop
      vertex 43.4729 -56.971 0
      vertex 43.9683 -56.7658 5
      vertex 43.4729 -56.971 5
    endloop
  endfacet
  facet normal 0.382681 -0.92388 0
    outer loop
      vertex 43.9683 -56.7658 5
      vertex 43.4729 -56.971 0
      vertex 43.9683 -56.7658 0
    endloop
  endfacet
  facet normal 0.130527 0.991445 -0
    outer loop
      vertex 44.5 -60.8042 0
      vertex 43.9683 -60.7342 5
      vertex 44.5 -60.8042 5
    endloop
  endfacet
  facet normal 0.130527 0.991445 0
    outer loop
      vertex 43.9683 -60.7342 5
      vertex 44.5 -60.8042 0
      vertex 43.9683 -60.7342 0
    endloop
  endfacet
  facet normal 0.92388 -0.382681 0
    outer loop
      vertex 42.5158 -58.2183 5
      vertex 42.721 -57.7229 0
      vertex 42.721 -57.7229 5
    endloop
  endfacet
  facet normal 0.92388 -0.382681 0
    outer loop
      vertex 42.721 -57.7229 0
      vertex 42.5158 -58.2183 5
      vertex 42.5158 -58.2183 0
    endloop
  endfacet
  facet normal -0.92388 0.382681 0
    outer loop
      vertex 46.279 -59.7771 0
      vertex 46.4842 -59.2817 5
      vertex 46.4842 -59.2817 0
    endloop
  endfacet
  facet normal -0.92388 0.382681 0
    outer loop
      vertex 46.4842 -59.2817 5
      vertex 46.279 -59.7771 0
      vertex 46.279 -59.7771 5
    endloop
  endfacet
  facet normal 0.92388 0.382681 0
    outer loop
      vertex 42.721 -59.7771 5
      vertex 42.5158 -59.2817 0
      vertex 42.5158 -59.2817 5
    endloop
  endfacet
  facet normal 0.92388 0.382681 0
    outer loop
      vertex 42.5158 -59.2817 0
      vertex 42.721 -59.7771 5
      vertex 42.721 -59.7771 0
    endloop
  endfacet
  facet normal 0.793282 0.608854 0
    outer loop
      vertex 43.0475 -60.2025 5
      vertex 42.721 -59.7771 0
      vertex 42.721 -59.7771 5
    endloop
  endfacet
  facet normal 0.793282 0.608854 0
    outer loop
      vertex 42.721 -59.7771 0
      vertex 43.0475 -60.2025 5
      vertex 43.0475 -60.2025 0
    endloop
  endfacet
  facet normal -0.382681 0.92388 0
    outer loop
      vertex 45.5271 -60.529 0
      vertex 45.0317 -60.7342 5
      vertex 45.5271 -60.529 5
    endloop
  endfacet
  facet normal -0.382681 0.92388 0
    outer loop
      vertex 45.0317 -60.7342 5
      vertex 45.5271 -60.529 0
      vertex 45.0317 -60.7342 0
    endloop
  endfacet
  facet normal -0.130527 -0.991445 0
    outer loop
      vertex 44.5 -56.6958 0
      vertex 45.0317 -56.7658 5
      vertex 44.5 -56.6958 5
    endloop
  endfacet
  facet normal -0.130527 -0.991445 -0
    outer loop
      vertex 45.0317 -56.7658 5
      vertex 44.5 -56.6958 0
      vertex 45.0317 -56.7658 0
    endloop
  endfacet
  facet normal 0.130527 -0.991445 0
    outer loop
      vertex 43.9683 -56.7658 0
      vertex 44.5 -56.6958 5
      vertex 43.9683 -56.7658 5
    endloop
  endfacet
  facet normal 0.130527 -0.991445 0
    outer loop
      vertex 44.5 -56.6958 5
      vertex 43.9683 -56.7658 0
      vertex 44.5 -56.6958 0
    endloop
  endfacet
  facet normal -0.92388 -0.382681 0
    outer loop
      vertex -42.5158 59.2817 0
      vertex -42.721 59.7771 5
      vertex -42.721 59.7771 0
    endloop
  endfacet
  facet normal -0.92388 -0.382681 0
    outer loop
      vertex -42.721 59.7771 5
      vertex -42.5158 59.2817 0
      vertex -42.5158 59.2817 5
    endloop
  endfacet
  facet normal -0.991445 -0.130527 0
    outer loop
      vertex -42.4458 58.75 0
      vertex -42.5158 59.2817 5
      vertex -42.5158 59.2817 0
    endloop
  endfacet
  facet normal -0.991445 -0.130527 0
    outer loop
      vertex -42.5158 59.2817 5
      vertex -42.4458 58.75 0
      vertex -42.4458 58.75 5
    endloop
  endfacet
  facet normal -0.793282 -0.608854 0
    outer loop
      vertex -42.721 59.7771 0
      vertex -43.0475 60.2025 5
      vertex -43.0475 60.2025 0
    endloop
  endfacet
  facet normal -0.793282 -0.608854 0
    outer loop
      vertex -43.0475 60.2025 5
      vertex -42.721 59.7771 0
      vertex -42.721 59.7771 5
    endloop
  endfacet
  facet normal -0.608854 -0.793282 0
    outer loop
      vertex -43.4729 60.529 0
      vertex -43.0475 60.2025 5
      vertex -43.4729 60.529 5
    endloop
  endfacet
  facet normal -0.608854 -0.793282 -0
    outer loop
      vertex -43.0475 60.2025 5
      vertex -43.4729 60.529 0
      vertex -43.0475 60.2025 0
    endloop
  endfacet
  facet normal 0.92388 -0.382681 0
    outer loop
      vertex -46.4842 59.2817 5
      vertex -46.279 59.7771 0
      vertex -46.279 59.7771 5
    endloop
  endfacet
  facet normal 0.92388 -0.382681 0
    outer loop
      vertex -46.279 59.7771 0
      vertex -46.4842 59.2817 5
      vertex -46.4842 59.2817 0
    endloop
  endfacet
  facet normal 0.793282 -0.608854 0
    outer loop
      vertex -46.279 59.7771 5
      vertex -45.9525 60.2025 0
      vertex -45.9525 60.2025 5
    endloop
  endfacet
  facet normal 0.793282 -0.608854 0
    outer loop
      vertex -45.9525 60.2025 0
      vertex -46.279 59.7771 5
      vertex -46.279 59.7771 0
    endloop
  endfacet
  facet normal 0.130527 0.991445 -0
    outer loop
      vertex -44.5 56.6958 0
      vertex -45.0317 56.7658 5
      vertex -44.5 56.6958 5
    endloop
  endfacet
  facet normal 0.130527 0.991445 0
    outer loop
      vertex -45.0317 56.7658 5
      vertex -44.5 56.6958 0
      vertex -45.0317 56.7658 0
    endloop
  endfacet
  facet normal 0.92388 0.382681 0
    outer loop
      vertex -46.279 57.7229 5
      vertex -46.4842 58.2183 0
      vertex -46.4842 58.2183 5
    endloop
  endfacet
  facet normal 0.92388 0.382681 0
    outer loop
      vertex -46.4842 58.2183 0
      vertex -46.279 57.7229 5
      vertex -46.279 57.7229 0
    endloop
  endfacet
  facet normal -0.92388 0.382681 0
    outer loop
      vertex -42.721 57.7229 0
      vertex -42.5158 58.2183 5
      vertex -42.5158 58.2183 0
    endloop
  endfacet
  facet normal -0.92388 0.382681 0
    outer loop
      vertex -42.5158 58.2183 5
      vertex -42.721 57.7229 0
      vertex -42.721 57.7229 5
    endloop
  endfacet
  facet normal 0.608854 -0.793282 0
    outer loop
      vertex -45.9525 60.2025 0
      vertex -45.5271 60.529 5
      vertex -45.9525 60.2025 5
    endloop
  endfacet
  facet normal 0.608854 -0.793282 0
    outer loop
      vertex -45.5271 60.529 5
      vertex -45.9525 60.2025 0
      vertex -45.5271 60.529 0
    endloop
  endfacet
  facet normal -0.991445 0.130527 0
    outer loop
      vertex -42.5158 58.2183 0
      vertex -42.4458 58.75 5
      vertex -42.4458 58.75 0
    endloop
  endfacet
  facet normal -0.991445 0.130527 0
    outer loop
      vertex -42.4458 58.75 5
      vertex -42.5158 58.2183 0
      vertex -42.5158 58.2183 5
    endloop
  endfacet
  facet normal 0.382681 -0.92388 0
    outer loop
      vertex -45.5271 60.529 0
      vertex -45.0317 60.7342 5
      vertex -45.5271 60.529 5
    endloop
  endfacet
  facet normal 0.382681 -0.92388 0
    outer loop
      vertex -45.0317 60.7342 5
      vertex -45.5271 60.529 0
      vertex -45.0317 60.7342 0
    endloop
  endfacet
  facet normal -0.382681 -0.92388 0
    outer loop
      vertex -43.9683 60.7342 0
      vertex -43.4729 60.529 5
      vertex -43.9683 60.7342 5
    endloop
  endfacet
  facet normal -0.382681 -0.92388 -0
    outer loop
      vertex -43.4729 60.529 5
      vertex -43.9683 60.7342 0
      vertex -43.4729 60.529 0
    endloop
  endfacet
  facet normal 0.608854 0.793282 -0
    outer loop
      vertex -45.5271 56.971 0
      vertex -45.9525 57.2975 5
      vertex -45.5271 56.971 5
    endloop
  endfacet
  facet normal 0.608854 0.793282 0
    outer loop
      vertex -45.9525 57.2975 5
      vertex -45.5271 56.971 0
      vertex -45.9525 57.2975 0
    endloop
  endfacet
  facet normal -0.382681 0.92388 0
    outer loop
      vertex -43.4729 56.971 0
      vertex -43.9683 56.7658 5
      vertex -43.4729 56.971 5
    endloop
  endfacet
  facet normal -0.382681 0.92388 0
    outer loop
      vertex -43.9683 56.7658 5
      vertex -43.4729 56.971 0
      vertex -43.9683 56.7658 0
    endloop
  endfacet
  facet normal -0.608854 0.793282 0
    outer loop
      vertex -43.0475 57.2975 0
      vertex -43.4729 56.971 5
      vertex -43.0475 57.2975 5
    endloop
  endfacet
  facet normal -0.608854 0.793282 0
    outer loop
      vertex -43.4729 56.971 5
      vertex -43.0475 57.2975 0
      vertex -43.4729 56.971 0
    endloop
  endfacet
  facet normal -0.130527 -0.991445 0
    outer loop
      vertex -44.5 60.8042 0
      vertex -43.9683 60.7342 5
      vertex -44.5 60.8042 5
    endloop
  endfacet
  facet normal -0.130527 -0.991445 -0
    outer loop
      vertex -43.9683 60.7342 5
      vertex -44.5 60.8042 0
      vertex -43.9683 60.7342 0
    endloop
  endfacet
  facet normal 0.991445 -0.130527 0
    outer loop
      vertex -46.5542 58.75 5
      vertex -46.4842 59.2817 0
      vertex -46.4842 59.2817 5
    endloop
  endfacet
  facet normal 0.991445 -0.130527 0
    outer loop
      vertex -46.4842 59.2817 0
      vertex -46.5542 58.75 5
      vertex -46.5542 58.75 0
    endloop
  endfacet
  facet normal 0.130527 -0.991445 0
    outer loop
      vertex -45.0317 60.7342 0
      vertex -44.5 60.8042 5
      vertex -45.0317 60.7342 5
    endloop
  endfacet
  facet normal 0.130527 -0.991445 0
    outer loop
      vertex -44.5 60.8042 5
      vertex -45.0317 60.7342 0
      vertex -44.5 60.8042 0
    endloop
  endfacet
  facet normal -0.793282 0.608854 0
    outer loop
      vertex -43.0475 57.2975 0
      vertex -42.721 57.7229 5
      vertex -42.721 57.7229 0
    endloop
  endfacet
  facet normal -0.793282 0.608854 0
    outer loop
      vertex -42.721 57.7229 5
      vertex -43.0475 57.2975 0
      vertex -43.0475 57.2975 5
    endloop
  endfacet
  facet normal 0.793282 0.608854 0
    outer loop
      vertex -45.9525 57.2975 5
      vertex -46.279 57.7229 0
      vertex -46.279 57.7229 5
    endloop
  endfacet
  facet normal 0.793282 0.608854 0
    outer loop
      vertex -46.279 57.7229 0
      vertex -45.9525 57.2975 5
      vertex -45.9525 57.2975 0
    endloop
  endfacet
  facet normal 0.382681 0.92388 -0
    outer loop
      vertex -45.0317 56.7658 0
      vertex -45.5271 56.971 5
      vertex -45.0317 56.7658 5
    endloop
  endfacet
  facet normal 0.382681 0.92388 0
    outer loop
      vertex -45.5271 56.971 5
      vertex -45.0317 56.7658 0
      vertex -45.5271 56.971 0
    endloop
  endfacet
  facet normal 0.991445 0.130527 0
    outer loop
      vertex -46.4842 58.2183 5
      vertex -46.5542 58.75 0
      vertex -46.5542 58.75 5
    endloop
  endfacet
  facet normal 0.991445 0.130527 0
    outer loop
      vertex -46.5542 58.75 0
      vertex -46.4842 58.2183 5
      vertex -46.4842 58.2183 0
    endloop
  endfacet
  facet normal -0.130527 0.991445 0
    outer loop
      vertex -43.9683 56.7658 0
      vertex -44.5 56.6958 5
      vertex -43.9683 56.7658 5
    endloop
  endfacet
  facet normal -0.130527 0.991445 0
    outer loop
      vertex -44.5 56.6958 5
      vertex -43.9683 56.7658 0
      vertex -44.5 56.6958 0
    endloop
  endfacet
  facet normal -0.92388 -0.382681 0
    outer loop
      vertex -42.5158 -58.2183 0
      vertex -42.721 -57.7229 5
      vertex -42.721 -57.7229 0
    endloop
  endfacet
  facet normal -0.92388 -0.382681 0
    outer loop
      vertex -42.721 -57.7229 5
      vertex -42.5158 -58.2183 0
      vertex -42.5158 -58.2183 5
    endloop
  endfacet
  facet normal 0.608854 0.793282 -0
    outer loop
      vertex -45.5271 -60.529 0
      vertex -45.9525 -60.2025 5
      vertex -45.5271 -60.529 5
    endloop
  endfacet
  facet normal 0.608854 0.793282 0
    outer loop
      vertex -45.9525 -60.2025 5
      vertex -45.5271 -60.529 0
      vertex -45.9525 -60.2025 0
    endloop
  endfacet
  facet normal 0.991445 -0.130527 0
    outer loop
      vertex -46.5542 -58.75 5
      vertex -46.4842 -58.2183 0
      vertex -46.4842 -58.2183 5
    endloop
  endfacet
  facet normal 0.991445 -0.130527 0
    outer loop
      vertex -46.4842 -58.2183 0
      vertex -46.5542 -58.75 5
      vertex -46.5542 -58.75 0
    endloop
  endfacet
  facet normal -0.991445 0.130527 0
    outer loop
      vertex -42.5158 -59.2817 0
      vertex -42.4458 -58.75 5
      vertex -42.4458 -58.75 0
    endloop
  endfacet
  facet normal -0.991445 0.130527 0
    outer loop
      vertex -42.4458 -58.75 5
      vertex -42.5158 -59.2817 0
      vertex -42.5158 -59.2817 5
    endloop
  endfacet
  facet normal 0.991445 0.130527 0
    outer loop
      vertex -46.4842 -59.2817 5
      vertex -46.5542 -58.75 0
      vertex -46.5542 -58.75 5
    endloop
  endfacet
  facet normal 0.991445 0.130527 0
    outer loop
      vertex -46.5542 -58.75 0
      vertex -46.4842 -59.2817 5
      vertex -46.4842 -59.2817 0
    endloop
  endfacet
  facet normal -0.991445 -0.130527 0
    outer loop
      vertex -42.4458 -58.75 0
      vertex -42.5158 -58.2183 5
      vertex -42.5158 -58.2183 0
    endloop
  endfacet
  facet normal -0.991445 -0.130527 0
    outer loop
      vertex -42.5158 -58.2183 5
      vertex -42.4458 -58.75 0
      vertex -42.4458 -58.75 5
    endloop
  endfacet
  facet normal -0.608854 0.793282 0
    outer loop
      vertex -43.0475 -60.2025 0
      vertex -43.4729 -60.529 5
      vertex -43.0475 -60.2025 5
    endloop
  endfacet
  facet normal -0.608854 0.793282 0
    outer loop
      vertex -43.4729 -60.529 5
      vertex -43.0475 -60.2025 0
      vertex -43.4729 -60.529 0
    endloop
  endfacet
  facet normal -0.608854 -0.793282 0
    outer loop
      vertex -43.4729 -56.971 0
      vertex -43.0475 -57.2975 5
      vertex -43.4729 -56.971 5
    endloop
  endfacet
  facet normal -0.608854 -0.793282 -0
    outer loop
      vertex -43.0475 -57.2975 5
      vertex -43.4729 -56.971 0
      vertex -43.0475 -57.2975 0
    endloop
  endfacet
  facet normal -0.793282 0.608854 0
    outer loop
      vertex -43.0475 -60.2025 0
      vertex -42.721 -59.7771 5
      vertex -42.721 -59.7771 0
    endloop
  endfacet
  facet normal -0.793282 0.608854 0
    outer loop
      vertex -42.721 -59.7771 5
      vertex -43.0475 -60.2025 0
      vertex -43.0475 -60.2025 5
    endloop
  endfacet
  facet normal -0.793282 -0.608854 0
    outer loop
      vertex -42.721 -57.7229 0
      vertex -43.0475 -57.2975 5
      vertex -43.0475 -57.2975 0
    endloop
  endfacet
  facet normal -0.793282 -0.608854 0
    outer loop
      vertex -43.0475 -57.2975 5
      vertex -42.721 -57.7229 0
      vertex -42.721 -57.7229 5
    endloop
  endfacet
  facet normal 0.382681 0.92388 -0
    outer loop
      vertex -45.0317 -60.7342 0
      vertex -45.5271 -60.529 5
      vertex -45.0317 -60.7342 5
    endloop
  endfacet
  facet normal 0.382681 0.92388 0
    outer loop
      vertex -45.5271 -60.529 5
      vertex -45.0317 -60.7342 0
      vertex -45.5271 -60.529 0
    endloop
  endfacet
  facet normal -0.130527 0.991445 0
    outer loop
      vertex -43.9683 -60.7342 0
      vertex -44.5 -60.8042 5
      vertex -43.9683 -60.7342 5
    endloop
  endfacet
  facet normal -0.130527 0.991445 0
    outer loop
      vertex -44.5 -60.8042 5
      vertex -43.9683 -60.7342 0
      vertex -44.5 -60.8042 0
    endloop
  endfacet
  facet normal -0.382681 -0.92388 0
    outer loop
      vertex -43.9683 -56.7658 0
      vertex -43.4729 -56.971 5
      vertex -43.9683 -56.7658 5
    endloop
  endfacet
  facet normal -0.382681 -0.92388 -0
    outer loop
      vertex -43.4729 -56.971 5
      vertex -43.9683 -56.7658 0
      vertex -43.4729 -56.971 0
    endloop
  endfacet
  facet normal 0.608854 -0.793282 0
    outer loop
      vertex -45.9525 -57.2975 0
      vertex -45.5271 -56.971 5
      vertex -45.9525 -57.2975 5
    endloop
  endfacet
  facet normal 0.608854 -0.793282 0
    outer loop
      vertex -45.5271 -56.971 5
      vertex -45.9525 -57.2975 0
      vertex -45.5271 -56.971 0
    endloop
  endfacet
  facet normal 0.382681 -0.92388 0
    outer loop
      vertex -45.5271 -56.971 0
      vertex -45.0317 -56.7658 5
      vertex -45.5271 -56.971 5
    endloop
  endfacet
  facet normal 0.382681 -0.92388 0
    outer loop
      vertex -45.0317 -56.7658 5
      vertex -45.5271 -56.971 0
      vertex -45.0317 -56.7658 0
    endloop
  endfacet
  facet normal 0.130527 0.991445 -0
    outer loop
      vertex -44.5 -60.8042 0
      vertex -45.0317 -60.7342 5
      vertex -44.5 -60.8042 5
    endloop
  endfacet
  facet normal 0.130527 0.991445 0
    outer loop
      vertex -45.0317 -60.7342 5
      vertex -44.5 -60.8042 0
      vertex -45.0317 -60.7342 0
    endloop
  endfacet
  facet normal 0.92388 -0.382681 0
    outer loop
      vertex -46.4842 -58.2183 5
      vertex -46.279 -57.7229 0
      vertex -46.279 -57.7229 5
    endloop
  endfacet
  facet normal 0.92388 -0.382681 0
    outer loop
      vertex -46.279 -57.7229 0
      vertex -46.4842 -58.2183 5
      vertex -46.4842 -58.2183 0
    endloop
  endfacet
  facet normal -0.92388 0.382681 0
    outer loop
      vertex -42.721 -59.7771 0
      vertex -42.5158 -59.2817 5
      vertex -42.5158 -59.2817 0
    endloop
  endfacet
  facet normal -0.92388 0.382681 0
    outer loop
      vertex -42.5158 -59.2817 5
      vertex -42.721 -59.7771 0
      vertex -42.721 -59.7771 5
    endloop
  endfacet
  facet normal 0.92388 0.382681 0
    outer loop
      vertex -46.279 -59.7771 5
      vertex -46.4842 -59.2817 0
      vertex -46.4842 -59.2817 5
    endloop
  endfacet
  facet normal 0.92388 0.382681 0
    outer loop
      vertex -46.4842 -59.2817 0
      vertex -46.279 -59.7771 5
      vertex -46.279 -59.7771 0
    endloop
  endfacet
  facet normal 0.793282 0.608854 0
    outer loop
      vertex -45.9525 -60.2025 5
      vertex -46.279 -59.7771 0
      vertex -46.279 -59.7771 5
    endloop
  endfacet
  facet normal 0.793282 0.608854 0
    outer loop
      vertex -46.279 -59.7771 0
      vertex -45.9525 -60.2025 5
      vertex -45.9525 -60.2025 0
    endloop
  endfacet
  facet normal -0.382681 0.92388 0
    outer loop
      vertex -43.4729 -60.529 0
      vertex -43.9683 -60.7342 5
      vertex -43.4729 -60.529 5
    endloop
  endfacet
  facet normal -0.382681 0.92388 0
    outer loop
      vertex -43.9683 -60.7342 5
      vertex -43.4729 -60.529 0
      vertex -43.9683 -60.7342 0
    endloop
  endfacet
  facet normal 0.793282 -0.608854 0
    outer loop
      vertex -46.279 -57.7229 5
      vertex -45.9525 -57.2975 0
      vertex -45.9525 -57.2975 5
    endloop
  endfacet
  facet normal 0.793282 -0.608854 0
    outer loop
      vertex -45.9525 -57.2975 0
      vertex -46.279 -57.7229 5
      vertex -46.279 -57.7229 0
    endloop
  endfacet
  facet normal -0.130527 -0.991445 0
    outer loop
      vertex -44.5 -56.6958 0
      vertex -43.9683 -56.7658 5
      vertex -44.5 -56.6958 5
    endloop
  endfacet
  facet normal -0.130527 -0.991445 -0
    outer loop
      vertex -43.9683 -56.7658 5
      vertex -44.5 -56.6958 0
      vertex -43.9683 -56.7658 0
    endloop
  endfacet
  facet normal 0.130527 -0.991445 0
    outer loop
      vertex -45.0317 -56.7658 0
      vertex -44.5 -56.6958 5
      vertex -45.0317 -56.7658 5
    endloop
  endfacet
  facet normal 0.130527 -0.991445 0
    outer loop
      vertex -44.5 -56.6958 5
      vertex -45.0317 -56.7658 0
      vertex -44.5 -56.6958 0
    endloop
  endfacet
endsolid OpenSCAD_Model
